sample_id,source,source_type,title,text,url,published_at,query,metadata
2583c972f7f633d8,Google Play Store,app_review,Freebie Invoice Maker Simple: rating 1/5,app wouldn't open . had to reinstall . lost everything and my 149.99 . app won't recognize my email for sign in but has me on recurring payment for 149.99 . Watch out for the scam,https://play.google.com/store/apps/details?id=app.invoice_maker&reviewId=259d09cc-e2f1-443d-b716-a2a655d19c7b,2025-12-12T11:00:04,invoice maker small business,"{""app"": ""Freebie Invoice Maker Simple"", ""app_id"": ""app.invoice_maker"", ""eligibility_rule"": ""Google Play rating<=3, text>=50, native review ID"", ""native_id"": ""259d09cc-e2f1-443d-b716-a2a655d19c7b"", ""rating"": 1, ""record_sha256"": ""f174db551b73b13480dc39273ce9ed859113c0a2a75cecf131f1f7f3fbb1d471"", ""retrieved_at"": ""2026-07-19"", ""review_created_version"": ""3.1.1"", ""thumbs_up"": 6}"
44d2c088b1417f54,Google Play Store,app_review,Freebie Invoice Maker Simple: rating 2/5,"Great invoice maker, completely free, would love the option to send to multiple emails/assign multiple emails to clients Edit, they introduced a disgustingly greedy subscription plan and you can't even edit old invoices without paying, avoid like the plauge, there are many better option out there, or just make your own invoices",https://play.google.com/store/apps/details?id=app.invoice_maker&reviewId=3992ca98-6e92-4583-af19-57f6e17b7227,2025-09-14T05:09:17,invoice maker small business,"{""app"": ""Freebie Invoice Maker Simple"", ""app_id"": ""app.invoice_maker"", ""eligibility_rule"": ""Google Play rating<=3, text>=50, native review ID"", ""native_id"": ""3992ca98-6e92-4583-af19-57f6e17b7227"", ""rating"": 2, ""record_sha256"": ""e6af661ee8842306ef960e75a2303ca29a3716d88d7991523f482fa765f082cc"", ""retrieved_at"": ""2026-07-19"", ""review_created_version"": ""3.1.0"", ""thumbs_up"": 2}"
34d7491b90f3cc4a,Google Play Store,app_review,Freebie Invoice Maker Simple: rating 3/5,expensive. good app but I wouldn't download unless you're willing to pay $10 monthly or $80 aus for the year. :/,https://play.google.com/store/apps/details?id=app.invoice_maker&reviewId=ed94e0db-37db-4468-a270-25195f78caba,2026-05-21T06:43:09,invoice maker small business,"{""app"": ""Freebie Invoice Maker Simple"", ""app_id"": ""app.invoice_maker"", ""eligibility_rule"": ""Google Play rating<=3, text>=50, native review ID"", ""native_id"": ""ed94e0db-37db-4468-a270-25195f78caba"", ""rating"": 3, ""record_sha256"": ""2cf485a2519daed75613828f279fc40a107efc239ee911dbc287847cb5edb2af"", ""retrieved_at"": ""2026-07-19"", ""review_created_version"": ""26.3.10"", ""thumbs_up"": 0}"
1c018e4d32ec4b34,Google Play Store,app_review,Invoice Simple: Invoice Maker: rating 1/5,"if it were any good, you wouldn't be forc3d to sign up before you can even try it.",https://play.google.com/store/apps/details?id=com.aadhk.woinvoice&reviewId=27720451-6b0b-4758-866d-ab2ccb0e2b8d,2026-06-23T21:08:49,invoice maker small business,"{""app"": ""Invoice Simple: Invoice Maker"", ""app_id"": ""com.aadhk.woinvoice"", ""eligibility_rule"": ""Google Play rating<=3, text>=50, native review ID"", ""native_id"": ""27720451-6b0b-4758-866d-ab2ccb0e2b8d"", ""rating"": 1, ""record_sha256"": ""a25ca75267e56bd3bed1f850d77fb6d1c77fd73a8bd106501617f9eacfa560e5"", ""retrieved_at"": ""2026-07-19"", ""review_created_version"": null, ""thumbs_up"": 0}"
48fbdeab44ca70ac,Google Play Store,app_review,Invoice Simple: Invoice Maker: rating 2/5,Beste App ooit ..maklik om te gebruik vanaf rekenaar sowel as foon...paar verstellings maar hul sal daar kom... Dit was my kommentaar 2023...nou kan ek nie meer dieselfde prt nie...Hierdie mense het nou geldgierig geraak...vanoggend moet ek subscriber...vir wat ..vir 6jr vat jul elke maand my geld toe spring jul van R149 na R500..dit is totaal onaanvaarbaar..😡,https://play.google.com/store/apps/details?id=com.aadhk.woinvoice&reviewId=193b237f-3d23-426c-9e87-19604cf85d91,2026-07-05T13:10:16,invoice maker small business,"{""app"": ""Invoice Simple: Invoice Maker"", ""app_id"": ""com.aadhk.woinvoice"", ""eligibility_rule"": ""Google Play rating<=3, text>=50, native review ID"", ""native_id"": ""193b237f-3d23-426c-9e87-19604cf85d91"", ""rating"": 2, ""record_sha256"": ""b98c7b71a3ebb02c008b4d3e22b85138e7d3dfbf390eb5c09286c50a1e84aa51"", ""retrieved_at"": ""2026-07-19"", ""review_created_version"": ""6.5.1"", ""thumbs_up"": 0}"
ac9f08c597584bdb,Google Play Store,app_review,Invoice Simple: Invoice Maker: rating 3/5,"I've lost 15 minutes of progress at a time on this app. I've written notes at the bottom of an invoice. Next, I just switched apps for 3 seconds. When I came back to the invoices app, all my work was lost, and I had to start over. Time is money, and I can't afford to run a business having to redo work. Also, It'd be nice to be able to scroll left or right amongst the opened view of the actual invoices, especially for the invoices that pop up when you use the search bar.",https://play.google.com/store/apps/details?id=com.aadhk.woinvoice&reviewId=913a95f6-eebd-4029-bcb0-25e67f85a6fd,2025-11-07T07:47:43,invoice maker small business,"{""app"": ""Invoice Simple: Invoice Maker"", ""app_id"": ""com.aadhk.woinvoice"", ""eligibility_rule"": ""Google Play rating<=3, text>=50, native review ID"", ""native_id"": ""913a95f6-eebd-4029-bcb0-25e67f85a6fd"", ""rating"": 3, ""record_sha256"": ""b38c787ab21b8401d355ae9799c5006b59f3df7d39096f036200dec36c87314b"", ""retrieved_at"": ""2026-07-19"", ""review_created_version"": ""5.5.1"", ""thumbs_up"": 42}"
0d22c4351594d63a,Google Play Store,app_review,Acuity: Appointment Scheduling: rating 1/5,"It has been constantly logging me out for weeks and support has been useless. I close the app and open it again and I'm logged out. UPDATE: After a week of back and forth and making me do all the work to troubleshoot, nothing is fixed and they closed the ticket. So I have to start all over again. Garbage.",https://play.google.com/store/apps/details?id=com.acuityscheduling.app.android&reviewId=7cc69173-9334-41cf-9d03-a01b358f2cee,2026-07-09T18:31:31,appointment scheduling business,"{""app"": ""Acuity: Appointment Scheduling"", ""app_id"": ""com.acuityscheduling.app.android"", ""eligibility_rule"": ""Google Play rating<=3, text>=50, native review ID"", ""native_id"": ""7cc69173-9334-41cf-9d03-a01b358f2cee"", ""rating"": 1, ""record_sha256"": ""38d4026d2bcce71db8aee5d722a3ffa2bc42fc7488e7effac2930f9e5ebc51fb"", ""retrieved_at"": ""2026-07-19"", ""review_created_version"": ""87.0.0"", ""thumbs_up"": 0}"
06a3d1be965fc292,Google Play Store,app_review,Acuity: Appointment Scheduling: rating 2/5,how on earth can a payment processing app lack the ability to edit the price of a session without going to the web version?!?,https://play.google.com/store/apps/details?id=com.acuityscheduling.app.android&reviewId=2a1d6b01-ceb6-42ec-b297-2e84a309288e,2026-06-28T22:08:00,appointment scheduling business,"{""app"": ""Acuity: Appointment Scheduling"", ""app_id"": ""com.acuityscheduling.app.android"", ""eligibility_rule"": ""Google Play rating<=3, text>=50, native review ID"", ""native_id"": ""2a1d6b01-ceb6-42ec-b297-2e84a309288e"", ""rating"": 2, ""record_sha256"": ""02618570c005d8df9114bc68353340a3df3e47d02fe704da04c4b82d2a972754"", ""retrieved_at"": ""2026-07-19"", ""review_created_version"": ""87.0.0"", ""thumbs_up"": 0}"
033a469a55d6188f,Google Play Store,app_review,Acuity: Appointment Scheduling: rating 3/5,"I do like this app for scheduling my spa. However, it advertises that it integrates with square. It ONLY works with the card reader. It does not integrate with my square register and until it does i cannot give it any more stars. This is a huge inconvienence.",https://play.google.com/store/apps/details?id=com.acuityscheduling.app.android&reviewId=c40361f7-2c26-4a1d-a3a7-37c13fcdf56f,2025-02-26T09:11:47,appointment scheduling business,"{""app"": ""Acuity: Appointment Scheduling"", ""app_id"": ""com.acuityscheduling.app.android"", ""eligibility_rule"": ""Google Play rating<=3, text>=50, native review ID"", ""native_id"": ""c40361f7-2c26-4a1d-a3a7-37c13fcdf56f"", ""rating"": 3, ""record_sha256"": ""ce5368663f69aea24776b6132f4321635bf7f13fb92b6b27883e535073695787"", ""retrieved_at"": ""2026-07-19"", ""review_created_version"": ""37.0.0"", ""thumbs_up"": 2}"
324369bb20d87df2,Google Play Store,app_review,Setmore Appointment Scheduling: rating 1/5,the fact that I cant go in to the back end and book an appointment every 10 min but my customers can...so I cant line it up...and please make an option to change one days schedule so I dont have to change my whole schedule for one day and the block out all the hours in the future weeks,https://play.google.com/store/apps/details?id=com.adaptavant.setmore&reviewId=ab8aa79d-efe1-4a07-b2ef-e2f5ba81d7e1,2026-05-21T00:12:03,appointment scheduling business,"{""app"": ""Setmore Appointment Scheduling"", ""app_id"": ""com.adaptavant.setmore"", ""eligibility_rule"": ""Google Play rating<=3, text>=50, native review ID"", ""native_id"": ""ab8aa79d-efe1-4a07-b2ef-e2f5ba81d7e1"", ""rating"": 1, ""record_sha256"": ""e85de8731997478c7bc11477b11f89925b4a8c5038f41ae94f5596f1f9c86794"", ""retrieved_at"": ""2026-07-19"", ""review_created_version"": ""5.45.5833.20260508"", ""thumbs_up"": 2}"
04df62d6923997f2,Google Play Store,app_review,Setmore Appointment Scheduling: rating 2/5,Misleading. I paid for appointment confirmation texts to be sent to clients via SMS but the system doesn't do that. It only sends reminder texts. New appt texts aren't even an option even though that option is listed in the dang setting description! There's zero perk to paying for pro. Clients are NOT notified of new appointments made via SMS at all. Not an option. They are only sent an email when they make a booking.,https://play.google.com/store/apps/details?id=com.adaptavant.setmore&reviewId=c3a0c572-cc72-413d-a5f9-ac075acc767e,2025-06-23T05:13:36,appointment scheduling business,"{""app"": ""Setmore Appointment Scheduling"", ""app_id"": ""com.adaptavant.setmore"", ""eligibility_rule"": ""Google Play rating<=3, text>=50, native review ID"", ""native_id"": ""c3a0c572-cc72-413d-a5f9-ac075acc767e"", ""rating"": 2, ""record_sha256"": ""ed8bcd435840d402e6462ddcbc961e8959e7d20ef5c7ca7a30210d099c3953ba"", ""retrieved_at"": ""2026-07-19"", ""review_created_version"": ""5.29.5699.20250602"", ""thumbs_up"": 6}"
0db81cbed17105e3,Google Play Store,app_review,Setmore Appointment Scheduling: rating 3/5,Widget no longer shows my appointments. After new update the widget no longer shows my appointments. Even after I removed the widget and add it back it's still the same. And it caused me missed my appointments. It no longer send me confirmation email. No notification for new appointment.,https://play.google.com/store/apps/details?id=com.adaptavant.setmore&reviewId=f71a0b84-ae9b-4091-a359-92f1a6f721c0,2024-07-24T13:11:17,appointment scheduling business,"{""app"": ""Setmore Appointment Scheduling"", ""app_id"": ""com.adaptavant.setmore"", ""eligibility_rule"": ""Google Play rating<=3, text>=50, native review ID"", ""native_id"": ""f71a0b84-ae9b-4091-a359-92f1a6f721c0"", ""rating"": 3, ""record_sha256"": ""1b98f09a6e88b31d47ee48d6caa3e6a6144772970dbde2f80072ee9c66f79cee"", ""retrieved_at"": ""2026-07-19"", ""review_created_version"": ""5.3.549.20240718"", ""thumbs_up"": 2}"
01b513b501c69ef7,Google Play Store,app_review,Business Calendar 2 Planner: rating 1/5,doesnt sync birthdays from google calendar. love when an app decides to just not sync one thing the same way and makes you put in effort to handle things its way. Also default font size on the agenda is tiny and changing the font size is a paid feature. no. enjoy the 1* and uninstall.,https://play.google.com/store/apps/details?id=com.appgenix.bizcal&reviewId=714e7667-801e-4307-9f1c-0a1f180e5986,2026-06-23T22:59:23,appointment scheduling business,"{""app"": ""Business Calendar 2 Planner"", ""app_id"": ""com.appgenix.bizcal"", ""eligibility_rule"": ""Google Play rating<=3, text>=50, native review ID"", ""native_id"": ""714e7667-801e-4307-9f1c-0a1f180e5986"", ""rating"": 1, ""record_sha256"": ""5ac9e1defa6fc7c34f2731d19aa80683e667194c41bfd58381de66b45ad26bfa"", ""retrieved_at"": ""2026-07-19"", ""review_created_version"": ""2.54.1"", ""thumbs_up"": 1}"
058751f73144d4eb,Google Play Store,app_review,Business Calendar 2 Planner: rating 2/5,"still the best interface of any calendar app on Android, but recently the sync stopped working. even with manual sync it doesn't bring certain shared events from Gmail calendar. such a shame.",https://play.google.com/store/apps/details?id=com.appgenix.bizcal&reviewId=5e0566da-57ff-470d-bc78-bd81d04f57a7,2026-02-08T21:15:35,appointment scheduling business,"{""app"": ""Business Calendar 2 Planner"", ""app_id"": ""com.appgenix.bizcal"", ""eligibility_rule"": ""Google Play rating<=3, text>=50, native review ID"", ""native_id"": ""5e0566da-57ff-470d-bc78-bd81d04f57a7"", ""rating"": 2, ""record_sha256"": ""bc31804c36c88cb64fe10a782dee200fde17eed3faf37df3df5e35d1639607e0"", ""retrieved_at"": ""2026-07-19"", ""review_created_version"": ""2.53.8"", ""thumbs_up"": 1}"
372cd29d6909e9ef,Google Play Store,app_review,Business Calendar 2 Planner: rating 3/5,Doesn't allow for single events to be deleted. I have followed the instructions and still doesn't work. Super annoying.,https://play.google.com/store/apps/details?id=com.appgenix.bizcal&reviewId=13a13028-2f61-4803-b3d5-360f6f46ce22,2026-06-23T18:22:20,appointment scheduling business,"{""app"": ""Business Calendar 2 Planner"", ""app_id"": ""com.appgenix.bizcal"", ""eligibility_rule"": ""Google Play rating<=3, text>=50, native review ID"", ""native_id"": ""13a13028-2f61-4803-b3d5-360f6f46ce22"", ""rating"": 3, ""record_sha256"": ""d02fd62cb4c5ac587584413d15b9220f4e111eb5c182f772107d9db89d1a21b8"", ""retrieved_at"": ""2026-07-19"", ""review_created_version"": ""2.54.1"", ""thumbs_up"": 0}"
0214df4e477039ef,Google Play Store,app_review,HelloLeads CRM - Sales Tracker: rating 1/5,"This app is data mining, you can't delete your account, trust me! super red flag!",https://play.google.com/store/apps/details?id=com.appgodz.evh&reviewId=4f9934d3-c1a6-4506-b691-5d6c0b676d77,2026-04-01T13:06:10,small business CRM,"{""app"": ""HelloLeads CRM - Sales Tracker"", ""app_id"": ""com.appgodz.evh"", ""eligibility_rule"": ""Google Play rating<=3, text>=50, native review ID"", ""native_id"": ""4f9934d3-c1a6-4506-b691-5d6c0b676d77"", ""rating"": 1, ""record_sha256"": ""1cccaf4068d0dfaf70490071102fb1e4c340c7e17c21a9c6f426f5405a1c4032"", ""retrieved_at"": ""2026-07-19"", ""review_created_version"": null, ""thumbs_up"": 0}"
06aa994802e45df5,Google Play Store,app_review,HelloLeads CRM - Sales Tracker: rating 2/5,My team members can also use thi s app and how to login,https://play.google.com/store/apps/details?id=com.appgodz.evh&reviewId=3e1063f5-9563-4931-ac67-f961a69b0854,2021-04-08T21:07:05,small business CRM,"{""app"": ""HelloLeads CRM - Sales Tracker"", ""app_id"": ""com.appgodz.evh"", ""eligibility_rule"": ""Google Play rating<=3, text>=50, native review ID"", ""native_id"": ""3e1063f5-9563-4931-ac67-f961a69b0854"", ""rating"": 2, ""record_sha256"": ""4cd5c9bee255c6f65c3fe80546a9107d53cb3261c9b4a344b52279d38ecac9c8"", ""retrieved_at"": ""2026-07-19"", ""review_created_version"": ""2.0.8"", ""thumbs_up"": 0}"
51a472830f7c424d,Google Play Store,app_review,HelloLeads CRM - Sales Tracker: rating 3/5,Good app to followup on leads. But I wish they made it more convenient to add contacts from call logs. Right now that option is very difficult to access.,https://play.google.com/store/apps/details?id=com.appgodz.evh&reviewId=0a8adf52-54fb-4dda-9210-3f45269d948b,2021-05-13T14:27:37,small business CRM,"{""app"": ""HelloLeads CRM - Sales Tracker"", ""app_id"": ""com.appgodz.evh"", ""eligibility_rule"": ""Google Play rating<=3, text>=50, native review ID"", ""native_id"": ""0a8adf52-54fb-4dda-9210-3f45269d948b"", ""rating"": 3, ""record_sha256"": ""8e80203fb7de5c465e6d23ac510d71894d029310d9f859578d552c8a6f0ce8e1"", ""retrieved_at"": ""2026-07-19"", ""review_created_version"": ""2.0.12"", ""thumbs_up"": 6}"
128acf44e3fcbd75,Google Play Store,app_review,Goldie: Schedule Appointments: rating 1/5,the app is telling me I have 20 booking space when that's not the case now I can't get any bookings. free trial is too short.,https://play.google.com/store/apps/details?id=com.appointfix&reviewId=010c1f5e-2cee-40e6-9990-0b0122d0849b,2025-08-18T22:06:00,appointment scheduling business,"{""app"": ""Goldie: Schedule Appointments"", ""app_id"": ""com.appointfix"", ""eligibility_rule"": ""Google Play rating<=3, text>=50, native review ID"", ""native_id"": ""010c1f5e-2cee-40e6-9990-0b0122d0849b"", ""rating"": 1, ""record_sha256"": ""b67bf5f121c16843a4599721b5aba7904e29eb9ba83491e6ad98097bf776dc83"", ""retrieved_at"": ""2026-07-19"", ""review_created_version"": ""47.0.0"", ""thumbs_up"": 0}"
174f0a5689889fe5,Google Play Store,app_review,Goldie: Schedule Appointments: rating 2/5,Updated on both of my Android phones and the app has deleted everything. All jobs booked in so I can no longer see jobs and services. ! Not happy as a paying customer,https://play.google.com/store/apps/details?id=com.appointfix&reviewId=65e852f4-5251-48cd-9649-c37cc07a6325,2024-07-05T23:35:17,appointment scheduling business,"{""app"": ""Goldie: Schedule Appointments"", ""app_id"": ""com.appointfix"", ""eligibility_rule"": ""Google Play rating<=3, text>=50, native review ID"", ""native_id"": ""65e852f4-5251-48cd-9649-c37cc07a6325"", ""rating"": 2, ""record_sha256"": ""634feed96f5e4ee1fe00201022692a3135ed68b4a6c7eec5caffa7413b6e97cd"", ""retrieved_at"": ""2026-07-19"", ""review_created_version"": ""15.29.1"", ""thumbs_up"": 2}"
0ff8f5bb9b65044c,Google Play Store,app_review,Goldie: Schedule Appointments: rating 3/5,Problems after updates Has been working fine then after updates I now find the online booking is allowing people to book in slots that are already booked and I've had some bookings that have randomly ended up in completely wrong days and times. Something definitely amiss as when I've checked the clients booked into the slots that the ones should have been in the original ones had booked in days before so those slots could have not have been empty. What on earth is going on?,https://play.google.com/store/apps/details?id=com.appointfix&reviewId=d80c7fb1-c3d6-4e9e-85f4-46277958f2bb,2024-08-15T17:02:27,appointment scheduling business,"{""app"": ""Goldie: Schedule Appointments"", ""app_id"": ""com.appointfix"", ""eligibility_rule"": ""Google Play rating<=3, text>=50, native review ID"", ""native_id"": ""d80c7fb1-c3d6-4e9e-85f4-46277958f2bb"", ""rating"": 3, ""record_sha256"": ""b025d8a51ba6347db9ad8358a79e0449792104e74920e1238360bb4295179783"", ""retrieved_at"": ""2026-07-19"", ""review_created_version"": ""16.3.0"", ""thumbs_up"": 1}"
066fd829f774d46b,Google Play Store,app_review,HoneyBook - Small Business CRM: rating 1/5,unable to find where to submit a support ticket. chat agents are unable to submit on my behalf. in-person notetaker function not working.,https://play.google.com/store/apps/details?id=com.honeybook.alfred&reviewId=fb665b81-1870-45db-b4ac-8959ade93f12,2026-07-09T21:13:43,small business CRM,"{""app"": ""HoneyBook - Small Business CRM"", ""app_id"": ""com.honeybook.alfred"", ""eligibility_rule"": ""Google Play rating<=3, text>=50, native review ID"", ""native_id"": ""fb665b81-1870-45db-b4ac-8959ade93f12"", ""rating"": 1, ""record_sha256"": ""10df78c27d6e60f13aee80f663e41d2dfa998c0339ec1c08b62b1fa7491596e7"", ""retrieved_at"": ""2026-07-19"", ""review_created_version"": ""1.69.0"", ""thumbs_up"": 0}"
1dd55c2400f8425c,Google Play Store,app_review,HoneyBook - Small Business CRM: rating 2/5,"the app would be amazing if it wasn't so glitchy. I love the function it says it has, I just wish it worked",https://play.google.com/store/apps/details?id=com.honeybook.alfred&reviewId=d0e81865-c2f8-4b5f-b75d-b64b891260be,2025-04-17T10:26:39,small business CRM,"{""app"": ""HoneyBook - Small Business CRM"", ""app_id"": ""com.honeybook.alfred"", ""eligibility_rule"": ""Google Play rating<=3, text>=50, native review ID"", ""native_id"": ""d0e81865-c2f8-4b5f-b75d-b64b891260be"", ""rating"": 2, ""record_sha256"": ""05eaa92d49687a9b4e67194558249693709daab47f00b457a53c93c35ebe8629"", ""retrieved_at"": ""2026-07-19"", ""review_created_version"": ""1.36.3"", ""thumbs_up"": 0}"
250f15c77f6a4926,Google Play Store,app_review,HoneyBook - Small Business CRM: rating 3/5,it's okay. some features not available on the app compared to desktop. some of the features within the app are also really slow which is frustrating.,https://play.google.com/store/apps/details?id=com.honeybook.alfred&reviewId=30b58bc3-5413-45ea-8bc7-260a98935ede,2024-09-14T20:11:48,small business CRM,"{""app"": ""HoneyBook - Small Business CRM"", ""app_id"": ""com.honeybook.alfred"", ""eligibility_rule"": ""Google Play rating<=3, text>=50, native review ID"", ""native_id"": ""30b58bc3-5413-45ea-8bc7-260a98935ede"", ""rating"": 3, ""record_sha256"": ""f59192b609637ce0fe49bda5937bb861c7c905954d7ac81bce675255a49ba354"", ""retrieved_at"": ""2026-07-19"", ""review_created_version"": ""1.23.27"", ""thumbs_up"": 0}"
043150ff4887b7cd,Google Play Store,app_review,HubSpot: rating 1/5,I am unable to access the course on the app but can access it on web. Why?,https://play.google.com/store/apps/details?id=com.hubspot.android&reviewId=97de721e-ba9e-4eed-ae5c-471a2c7c93c1,2026-05-14T18:25:51,small business CRM,"{""app"": ""HubSpot"", ""app_id"": ""com.hubspot.android"", ""eligibility_rule"": ""Google Play rating<=3, text>=50, native review ID"", ""native_id"": ""97de721e-ba9e-4eed-ae5c-471a2c7c93c1"", ""rating"": 1, ""record_sha256"": ""0c981b981861e60f9020d98077efa314d74c2b8e7e4c44a4c03f5e16ca895e85"", ""retrieved_at"": ""2026-07-19"", ""review_created_version"": ""4.15.2"", ""thumbs_up"": 0}"
0acc0f7e84766ed9,Google Play Store,app_review,HubSpot: rating 2/5,I wish there was a way to send invoices and log payments in this app. It will save time instead of going onto the website. So uninstalled,https://play.google.com/store/apps/details?id=com.hubspot.android&reviewId=4a9295f1-4d09-42a8-8a0d-095af11d5379,2024-05-10T16:28:21,small business CRM,"{""app"": ""HubSpot"", ""app_id"": ""com.hubspot.android"", ""eligibility_rule"": ""Google Play rating<=3, text>=50, native review ID"", ""native_id"": ""4a9295f1-4d09-42a8-8a0d-095af11d5379"", ""rating"": 2, ""record_sha256"": ""2ce639ceac98ea3fa796710eeedf8865dcf87e9a4714245af6377d5d07988a54"", ""retrieved_at"": ""2026-07-19"", ""review_created_version"": null, ""thumbs_up"": 2}"
055aa27f0b3eecaf,Google Play Store,app_review,HubSpot: rating 3/5,on my mobile can't see the project name . no option for cold lead or hot lead. and almost filter out for the projects apply a filter of projects and client approach. 2nd hot lead and cold lead status kindly add this filter too.,https://play.google.com/store/apps/details?id=com.hubspot.android&reviewId=641e1269-b971-4381-b47f-7b375d5fd45b,2025-08-11T19:31:41,small business CRM,"{""app"": ""HubSpot"", ""app_id"": ""com.hubspot.android"", ""eligibility_rule"": ""Google Play rating<=3, text>=50, native review ID"", ""native_id"": ""641e1269-b971-4381-b47f-7b375d5fd45b"", ""rating"": 3, ""record_sha256"": ""42e4617e2b84ffeb18ddf10413d31b1d042f954d0f406a065a47c081a02a732c"", ""retrieved_at"": ""2026-07-19"", ""review_created_version"": ""3.137.3"", ""thumbs_up"": 4}"
081091c4e8134dc0,Google Play Store,app_review,Invoice Maker by Invoice Home: rating 1/5,I am not able to download any invoice because it requires me to upgrade my plan and pay R120 at which is my first time using it,https://play.google.com/store/apps/details?id=com.invoicehome.invoicehome&reviewId=21de63b8-721a-4917-b229-cd450276d617,2026-05-28T01:50:36,invoice maker small business,"{""app"": ""Invoice Maker by Invoice Home"", ""app_id"": ""com.invoicehome.invoicehome"", ""eligibility_rule"": ""Google Play rating<=3, text>=50, native review ID"", ""native_id"": ""21de63b8-721a-4917-b229-cd450276d617"", ""rating"": 1, ""record_sha256"": ""f9c0d44be92cd637f6944eb46984525b2cb48066fd17c74b42b7b774b6679a94"", ""retrieved_at"": ""2026-07-19"", ""review_created_version"": ""5.9.0"", ""thumbs_up"": 3}"
072d3a3e8f8a4875,Google Play Store,app_review,Invoice Maker by Invoice Home: rating 2/5,The app does as advertised. There isnt an option to unsubscribe or have control over payments. $5 with no notice unrefundable,https://play.google.com/store/apps/details?id=com.invoicehome.invoicehome&reviewId=bc03a46a-29b6-42c1-a089-cd1130705550,2025-01-30T01:03:15,invoice maker small business,"{""app"": ""Invoice Maker by Invoice Home"", ""app_id"": ""com.invoicehome.invoicehome"", ""eligibility_rule"": ""Google Play rating<=3, text>=50, native review ID"", ""native_id"": ""bc03a46a-29b6-42c1-a089-cd1130705550"", ""rating"": 2, ""record_sha256"": ""bb48a2bd0b3866c86a69d0e53ceee3faacc5afb446fc567d52289f4e2d64ae40"", ""retrieved_at"": ""2026-07-19"", ""review_created_version"": ""5.7.6"", ""thumbs_up"": 0}"
eb67baf04fd5fc2a,Google Play Store,app_review,Invoice Maker by Invoice Home: rating 3/5,"item qty cannot select it was not save it needed to type every time it wasting time . if with cost p&l added will be better, in fact due of yr cap 1000usd free and not so convenient to use some more it is much much more expensive compared to other so I had stopped using it sorry",https://play.google.com/store/apps/details?id=com.invoicehome.invoicehome&reviewId=88df52d2-d361-4d82-83ef-1bcaf5308173,2026-01-27T08:28:32,invoice maker small business,"{""app"": ""Invoice Maker by Invoice Home"", ""app_id"": ""com.invoicehome.invoicehome"", ""eligibility_rule"": ""Google Play rating<=3, text>=50, native review ID"", ""native_id"": ""88df52d2-d361-4d82-83ef-1bcaf5308173"", ""rating"": 3, ""record_sha256"": ""8b64c65fdf8a1b80b8d8c36fad1cf96b8388862f6ba73511b8a9c85f57c4bc4a"", ""retrieved_at"": ""2026-07-19"", ""review_created_version"": null, ""thumbs_up"": 4}"
1c0d06fa48585f34,Google Play Store,app_review,Pocket CRM - Customers & Leads: rating 1/5,I have many issue with Pocket CRM please help me share with ur customer care number,https://play.google.com/store/apps/details?id=com.mindweaver.pocketcrm&reviewId=51f5de58-f29e-4760-aad9-56785a37744b,2023-11-22T20:57:43,small business CRM,"{""app"": ""Pocket CRM - Customers & Leads"", ""app_id"": ""com.mindweaver.pocketcrm"", ""eligibility_rule"": ""Google Play rating<=3, text>=50, native review ID"", ""native_id"": ""51f5de58-f29e-4760-aad9-56785a37744b"", ""rating"": 1, ""record_sha256"": ""b5defd8c9317f8b473779b79fc630350af552318e5b66277ceb50792c7ae7907"", ""retrieved_at"": ""2026-07-19"", ""review_created_version"": ""4.3.1"", ""thumbs_up"": 0}"
086ad5b27c7c9643,Google Play Store,app_review,Pocket CRM - Customers & Leads: rating 2/5,"Needs More Fields in the Lead Details, Needs to SYNC with Google Drive",https://play.google.com/store/apps/details?id=com.mindweaver.pocketcrm&reviewId=143f355d-51e0-4de6-88c7-5ad66295876c,2020-09-03T03:08:47,small business CRM,"{""app"": ""Pocket CRM - Customers & Leads"", ""app_id"": ""com.mindweaver.pocketcrm"", ""eligibility_rule"": ""Google Play rating<=3, text>=50, native review ID"", ""native_id"": ""143f355d-51e0-4de6-88c7-5ad66295876c"", ""rating"": 2, ""record_sha256"": ""9c9da16ecd3d4a81b4d5da3b8ac003677b82847d077a62fdbdd1059f858604bf"", ""retrieved_at"": ""2026-07-19"", ""review_created_version"": ""1.0.9"", ""thumbs_up"": 0}"
0964bb672c5ff2a2,Google Play Store,app_review,Pocket CRM - Customers & Leads: rating 3/5,The problem i have with this app is that the voice note taken is not able to sync or load on all team members devices. It only plays on the device that did the recording,https://play.google.com/store/apps/details?id=com.mindweaver.pocketcrm&reviewId=4d1e0e00-0627-4ecf-93a5-cdd4d08b6505,2023-06-26T19:35:11,small business CRM,"{""app"": ""Pocket CRM - Customers & Leads"", ""app_id"": ""com.mindweaver.pocketcrm"", ""eligibility_rule"": ""Google Play rating<=3, text>=50, native review ID"", ""native_id"": ""4d1e0e00-0627-4ecf-93a5-cdd4d08b6505"", ""rating"": 3, ""record_sha256"": ""98bf7cc00e949ac4aec35b071f0f3dc76c511cddd6424d5620f3e714c1a64a96"", ""retrieved_at"": ""2026-07-19"", ""review_created_version"": null, ""thumbs_up"": 3}"
17b76440c5654251,Google Play Store,app_review,Square Appointments: Scheduler: rating 1/5,"Changing my review from 2022. This is unusable. I have an issue that will not allow me to change my schedule to ANY pm time. If I attempt to schedule 12pm to 7pm it defaults to 12am to 7am. I have sent support videos showing the issue. Support is very friendly, however this has been an issue over a month now and they don't know how to fix it. If this is not fixed soon I'll be forced to switch to something that will allow me to schedule. Unfortunate bc I've used this since 2018. RIP Square.",https://play.google.com/store/apps/details?id=com.squareup.apos&reviewId=61f8108b-ee93-444d-b13e-11d197df566e,2026-05-29T04:01:51,appointment scheduling business,"{""app"": ""Square Appointments: Scheduler"", ""app_id"": ""com.squareup.apos"", ""eligibility_rule"": ""Google Play rating<=3, text>=50, native review ID"", ""native_id"": ""61f8108b-ee93-444d-b13e-11d197df566e"", ""rating"": 1, ""record_sha256"": ""f0dab01df08adf36bde746fcdc6e782722bf49ee4164a53cb0b10f996973af0f"", ""retrieved_at"": ""2026-07-19"", ""review_created_version"": ""6.1"", ""thumbs_up"": 6}"
1a2c05132f13ab3b,Google Play Store,app_review,Square Appointments: Scheduler: rating 2/5,"Good app, but it needs a lot of changes. I provide a service that requires consent forms to be signed,but with this app, the forms are sent to the customer AFTER they book leaving me to chase them down to complete them before their upcoming appt. This problem would be eliminated if the forms were completed BEFORE booking is finalized. Also, it would be much better to be able to view your calendar by the month vs the day or week. This would help business owners who need to plan ahead for clients",https://play.google.com/store/apps/details?id=com.squareup.apos&reviewId=1baef2ac-436c-42c9-a81f-22512f110f32,2025-12-30T23:02:04,appointment scheduling business,"{""app"": ""Square Appointments: Scheduler"", ""app_id"": ""com.squareup.apos"", ""eligibility_rule"": ""Google Play rating<=3, text>=50, native review ID"", ""native_id"": ""1baef2ac-436c-42c9-a81f-22512f110f32"", ""rating"": 2, ""record_sha256"": ""d82f3b8fce786dc87933472d654db2deb3f1ad04074690eab079902acf842067"", ""retrieved_at"": ""2026-07-19"", ""review_created_version"": ""6.86.1"", ""thumbs_up"": 9}"
815eaf35da22cf8c,Google Play Store,app_review,Square Appointments: Scheduler: rating 3/5,"I love this app, but I get constant issues with white screen... I can't read any information and I need to guess where names and phone numbers are... would be nice to get a fix for this. thanks.",https://play.google.com/store/apps/details?id=com.squareup.apos&reviewId=330721af-aeac-4559-b71e-1bbd7b4717b6,2025-06-11T06:42:10,appointment scheduling business,"{""app"": ""Square Appointments: Scheduler"", ""app_id"": ""com.squareup.apos"", ""eligibility_rule"": ""Google Play rating<=3, text>=50, native review ID"", ""native_id"": ""330721af-aeac-4559-b71e-1bbd7b4717b6"", ""rating"": 3, ""record_sha256"": ""6562f94800f16a23689b21f205f28bb879d6682d820f93a82bbf2187fc18e185"", ""retrieved_at"": ""2026-07-19"", ""review_created_version"": ""6.71"", ""thumbs_up"": 0}"
94b05e3468869112,Google Play Store,app_review,Zoho CRM - Sales & Marketing: rating 1/5,"Subject Urgent Request to Restore Deleted CRM Data Dear Zoho Support Team, I need your urgent assistance. All of my customer data and details in my Zoho CRM account have suddenly disappeared. I did not intentionally delete any records, and I am very concerned about this issue. This data is extremely important for my work. Please help me restore all of my customer records as soon as possible and let me know the recovery process. This situation is critical, and I may lose my job if the data cannot",https://play.google.com/store/apps/details?id=com.zoho.crm&reviewId=eb6ca470-5bc6-4c68-8330-5ddfd84a33a7,2026-07-13T17:14:54,small business CRM,"{""app"": ""Zoho CRM - Sales & Marketing"", ""app_id"": ""com.zoho.crm"", ""eligibility_rule"": ""Google Play rating<=3, text>=50, native review ID"", ""native_id"": ""eb6ca470-5bc6-4c68-8330-5ddfd84a33a7"", ""rating"": 1, ""record_sha256"": ""3b3dd20360b55e87d78d07b69c37937da7e702138685ecb3b94764ca061efd4c"", ""retrieved_at"": ""2026-07-19"", ""review_created_version"": ""3.6.56"", ""thumbs_up"": 0}"
45d943b0dd9a2775,Google Play Store,app_review,Zoho CRM - Sales & Marketing: rating 2/5,App crashing every time plz improve app better and feed feature show 17 notification one time.,https://play.google.com/store/apps/details?id=com.zoho.crm&reviewId=00af9fee-4b8f-4cdc-a094-05abdb70d673,2026-05-20T14:08:26,small business CRM,"{""app"": ""Zoho CRM - Sales & Marketing"", ""app_id"": ""com.zoho.crm"", ""eligibility_rule"": ""Google Play rating<=3, text>=50, native review ID"", ""native_id"": ""00af9fee-4b8f-4cdc-a094-05abdb70d673"", ""rating"": 2, ""record_sha256"": ""4b8f0a7930b6e0000413deafdff756c75b792b94224dd5c801a7e6ac76aabaa6"", ""retrieved_at"": ""2026-07-19"", ""review_created_version"": ""3.6.53.2"", ""thumbs_up"": 3}"
24ffa841e40728f1,Google Play Store,app_review,Zoho CRM - Sales & Marketing: rating 3/5,I like the app for it helps me to manage my business The challenge is that I can't change currencies from dollar to shillings . Please help.,https://play.google.com/store/apps/details?id=com.zoho.crm&reviewId=dc2f69b5-6acc-4334-98c1-9857ca2ca77f,2024-04-15T01:06:02,small business CRM,"{""app"": ""Zoho CRM - Sales & Marketing"", ""app_id"": ""com.zoho.crm"", ""eligibility_rule"": ""Google Play rating<=3, text>=50, native review ID"", ""native_id"": ""dc2f69b5-6acc-4334-98c1-9857ca2ca77f"", ""rating"": 3, ""record_sha256"": ""f0f9b77f7aa30f283e449dca9a52bb821d294f0f655748c8d8ae7d1c3a716286"", ""retrieved_at"": ""2026-07-19"", ""review_created_version"": ""3.6.5"", ""thumbs_up"": 6}"
0c0b8f7caa15621d,Google Play Store,app_review,Zoho Invoice - Invoice Maker: rating 1/5,Not user friendly. Customer service rep hard to work with.,https://play.google.com/store/apps/details?id=com.zoho.invoice&reviewId=6621ab2b-44bc-42ad-b56e-fa4c0de90937,2026-07-01T08:51:32,invoice maker small business,"{""app"": ""Zoho Invoice - Invoice Maker"", ""app_id"": ""com.zoho.invoice"", ""eligibility_rule"": ""Google Play rating<=3, text>=50, native review ID"", ""native_id"": ""6621ab2b-44bc-42ad-b56e-fa4c0de90937"", ""rating"": 1, ""record_sha256"": ""7edbae9ca0e36b340a2b3017383d69c71d92af204b67cd9fcbe035bcb3d4c6cb"", ""retrieved_at"": ""2026-07-19"", ""review_created_version"": ""6.4.26"", ""thumbs_up"": 0}"
26f104da1d815cd0,Google Play Store,app_review,Zoho Invoice - Invoice Maker: rating 2/5,It looks good but I cannot find Transport industry in the organisation setup. It might be another industries missing as well.,https://play.google.com/store/apps/details?id=com.zoho.invoice&reviewId=4f4462f9-2aa1-4895-98af-b8ea1c160970,2025-12-07T17:35:21,invoice maker small business,"{""app"": ""Zoho Invoice - Invoice Maker"", ""app_id"": ""com.zoho.invoice"", ""eligibility_rule"": ""Google Play rating<=3, text>=50, native review ID"", ""native_id"": ""4f4462f9-2aa1-4895-98af-b8ea1c160970"", ""rating"": 2, ""record_sha256"": ""a3573d5b7a9295c9a4302a10aae2ae7e55ccfde6845d36a3c888deb7527bd777"", ""retrieved_at"": ""2026-07-19"", ""review_created_version"": null, ""thumbs_up"": 1}"
be9e516bcb684c2c,Google Play Store,app_review,Zoho Invoice - Invoice Maker: rating 3/5,it's good but failing to remove the rate as a unity price. Inventory to enter items must be on dashboard,https://play.google.com/store/apps/details?id=com.zoho.invoice&reviewId=6172291f-30fa-471b-9d56-c72ee92174c1,2025-12-19T12:26:11,invoice maker small business,"{""app"": ""Zoho Invoice - Invoice Maker"", ""app_id"": ""com.zoho.invoice"", ""eligibility_rule"": ""Google Play rating<=3, text>=50, native review ID"", ""native_id"": ""6172291f-30fa-471b-9d56-c72ee92174c1"", ""rating"": 3, ""record_sha256"": ""3d4db1f52e83fc108f03204ef16744572ae25609b228a7878bd5752170f0fb8c"", ""retrieved_at"": ""2026-07-19"", ""review_created_version"": ""6.4.5"", ""thumbs_up"": 2}"
0ffad7bf19d62565,Google Play Store,app_review,Invoice Maker - Invoice Fly: rating 1/5,can't use for more then 30 secs before it's forced shut.,https://play.google.com/store/apps/details?id=io.labhouse.invoicesapp&reviewId=527ed0d0-9795-4f54-ab7e-5499fbea4859,2026-07-03T19:56:17,invoice maker small business,"{""app"": ""Invoice Maker - Invoice Fly"", ""app_id"": ""io.labhouse.invoicesapp"", ""eligibility_rule"": ""Google Play rating<=3, text>=50, native review ID"", ""native_id"": ""527ed0d0-9795-4f54-ab7e-5499fbea4859"", ""rating"": 1, ""record_sha256"": ""6b10263b4c448dcef38d1b4aacad4fd7398d22653f1ecf788cc94d9dac5862a2"", ""retrieved_at"": ""2026-07-19"", ""review_created_version"": null, ""thumbs_up"": 0}"
0ffe4452ea9a3676,Google Play Store,app_review,Invoice Maker - Invoice Fly: rating 2/5,it's been 3 times they took my payment and I asked for refund no response and now they log out my invoice ask for money again what kind of option is this???,https://play.google.com/store/apps/details?id=io.labhouse.invoicesapp&reviewId=ddd60662-1c7c-4fb2-8544-acf66bc75c10,2025-06-24T23:05:04,invoice maker small business,"{""app"": ""Invoice Maker - Invoice Fly"", ""app_id"": ""io.labhouse.invoicesapp"", ""eligibility_rule"": ""Google Play rating<=3, text>=50, native review ID"", ""native_id"": ""ddd60662-1c7c-4fb2-8544-acf66bc75c10"", ""rating"": 2, ""record_sha256"": ""aeca05750006291a1074746f8a60a1a9fe819d2409cf63c67629a2058e869c95"", ""retrieved_at"": ""2026-07-19"", ""review_created_version"": ""1.44.0"", ""thumbs_up"": 6}"
05a790bb33e27c98,Google Play Store,app_review,Invoice Maker - Invoice Fly: rating 3/5,even tho it claims it is easy to use i do fine it a bit difficult it could use some makeover.,https://play.google.com/store/apps/details?id=io.labhouse.invoicesapp&reviewId=0c8dc97d-bec2-4df0-8156-b70d35f83883,2026-05-24T02:42:33,invoice maker small business,"{""app"": ""Invoice Maker - Invoice Fly"", ""app_id"": ""io.labhouse.invoicesapp"", ""eligibility_rule"": ""Google Play rating<=3, text>=50, native review ID"", ""native_id"": ""0c8dc97d-bec2-4df0-8156-b70d35f83883"", ""rating"": 3, ""record_sha256"": ""6e840af4e431a336fbe7506783f39d8e7e9fce8601977c882a35687d15a60bdc"", ""retrieved_at"": ""2026-07-19"", ""review_created_version"": ""2.29.2"", ""thumbs_up"": 1}"
329db1bdf48a9501,Google Play Store,app_review,Freebie Invoice Maker Simple: rating 1/5,claims it is free but only let's you make 5 invoices/estimates per year for free.,https://play.google.com/store/apps/details?id=app.invoice_maker&reviewId=e83ca736-1dda-4cd7-8c14-08db916589f3,2026-03-14T03:44:52,invoice maker small business,"{""app"": ""Freebie Invoice Maker Simple"", ""app_id"": ""app.invoice_maker"", ""eligibility_rule"": ""Google Play rating<=3, text>=50, native review ID"", ""native_id"": ""e83ca736-1dda-4cd7-8c14-08db916589f3"", ""rating"": 1, ""record_sha256"": ""63aea2f2526efe718b5506beeeb44eb85e00df239a2684e2e9febb7e528b6bab"", ""retrieved_at"": ""2026-07-19"", ""review_created_version"": ""3.1.1"", ""thumbs_up"": 0}"
52e4195b1623e1a8,Google Play Store,app_review,Freebie Invoice Maker Simple: rating 2/5,This was so good but just got a new phone and have now lost everything as there doesn't seem to be a way to sync data over. It just tries to get me to download Billdu instead which is a subscription service. Bit if a rip off directing me to a paid app to try keep my data. Not impressed anymore,https://play.google.com/store/apps/details?id=app.invoice_maker&reviewId=336953f2-2f30-4c26-aa59-349946ad018f,2024-01-27T23:44:06,invoice maker small business,"{""app"": ""Freebie Invoice Maker Simple"", ""app_id"": ""app.invoice_maker"", ""eligibility_rule"": ""Google Play rating<=3, text>=50, native review ID"", ""native_id"": ""336953f2-2f30-4c26-aa59-349946ad018f"", ""rating"": 2, ""record_sha256"": ""50e98abe7efd4930d602d5bb5e0277d8872b03a1688654f00bbb3e3e215c5aff"", ""retrieved_at"": ""2026-07-19"", ""review_created_version"": ""3.0.4"", ""thumbs_up"": 8}"
99fcb91c4ccc4e8c,Google Play Store,app_review,Freebie Invoice Maker Simple: rating 3/5,The app is fine but I cannot get in touch via the contact tab and would like to delete my account. There is no clear way in the app to do this.,https://play.google.com/store/apps/details?id=app.invoice_maker&reviewId=2d3fb619-625b-4d4a-8da4-2303b20d3fb1,2024-06-28T02:03:21,invoice maker small business,"{""app"": ""Freebie Invoice Maker Simple"", ""app_id"": ""app.invoice_maker"", ""eligibility_rule"": ""Google Play rating<=3, text>=50, native review ID"", ""native_id"": ""2d3fb619-625b-4d4a-8da4-2303b20d3fb1"", ""rating"": 3, ""record_sha256"": ""b97000087d33b7028184f924434da73723aba5074a888690c23a4f171a30202d"", ""retrieved_at"": ""2026-07-19"", ""review_created_version"": ""3.0.4"", ""thumbs_up"": 0}"
29391cf69a18a025,Google Play Store,app_review,Invoice Simple: Invoice Maker: rating 1/5,You still charging me regular and premium. imagine i am paying for 4 two subscription. i want my money back.,https://play.google.com/store/apps/details?id=com.aadhk.woinvoice&reviewId=5b559e73-4f9c-4a7c-8fe7-d7ac0ab4f862,2026-06-19T12:29:41,invoice maker small business,"{""app"": ""Invoice Simple: Invoice Maker"", ""app_id"": ""com.aadhk.woinvoice"", ""eligibility_rule"": ""Google Play rating<=3, text>=50, native review ID"", ""native_id"": ""5b559e73-4f9c-4a7c-8fe7-d7ac0ab4f862"", ""rating"": 1, ""record_sha256"": ""5a790b9be9db7fae82deed7623a61bfb782bd79d7342dd8ef715830d977551f3"", ""retrieved_at"": ""2026-07-19"", ""review_created_version"": null, ""thumbs_up"": 0}"
59d0f81dfc9baae9,Google Play Store,app_review,Invoice Simple: Invoice Maker: rating 2/5,I've been using this app for years and I really like it but now it's getting to expensive. I don't use any of the features offered but I make a lot of invoices. I was paying over 90 dollars per year subscription that it's up yet but now it wants me to pay an additional 150 dollars to unlock more invoices.,https://play.google.com/store/apps/details?id=com.aadhk.woinvoice&reviewId=22420083-7fe6-4767-8925-5b37a4bb5a4b,2026-02-14T22:18:05,invoice maker small business,"{""app"": ""Invoice Simple: Invoice Maker"", ""app_id"": ""com.aadhk.woinvoice"", ""eligibility_rule"": ""Google Play rating<=3, text>=50, native review ID"", ""native_id"": ""22420083-7fe6-4767-8925-5b37a4bb5a4b"", ""rating"": 2, ""record_sha256"": ""8b9c0abf7671abf0adab8e29945a368dc5670df16e4fd837161c1856e7873cb8"", ""retrieved_at"": ""2026-07-19"", ""review_created_version"": ""5.12.1"", ""thumbs_up"": 7}"
cee4512ab2a76ce1,Google Play Store,app_review,Invoice Simple: Invoice Maker: rating 3/5,"Before ot got updated all was smooth. After updates one can't use it on mobile phone anymore. Trying on mobile phone, it keeps restarting endlessly.",https://play.google.com/store/apps/details?id=com.aadhk.woinvoice&reviewId=5c39f575-2ffe-47b1-892e-9e5cb2268531,2026-05-12T23:46:14,invoice maker small business,"{""app"": ""Invoice Simple: Invoice Maker"", ""app_id"": ""com.aadhk.woinvoice"", ""eligibility_rule"": ""Google Play rating<=3, text>=50, native review ID"", ""native_id"": ""5c39f575-2ffe-47b1-892e-9e5cb2268531"", ""rating"": 3, ""record_sha256"": ""c97a0edcc572b9167fb145594050ea4cfa8a532fdd4a9657a63689c3cd8a6441"", ""retrieved_at"": ""2026-07-19"", ""review_created_version"": ""6.2.0"", ""thumbs_up"": 0}"
112b6bc4c751bd37,Google Play Store,app_review,Acuity: Appointment Scheduling: rating 1/5,they don't have an option where I get notifications. they haven't fixed it. I miss appointments all the time cus people schedule and the app(even tho I have piay notifications) doesn't do it. this is a horrible app,https://play.google.com/store/apps/details?id=com.acuityscheduling.app.android&reviewId=4908d92a-bf52-4ed7-830f-b033f18cc294,2026-03-22T21:49:50,appointment scheduling business,"{""app"": ""Acuity: Appointment Scheduling"", ""app_id"": ""com.acuityscheduling.app.android"", ""eligibility_rule"": ""Google Play rating<=3, text>=50, native review ID"", ""native_id"": ""4908d92a-bf52-4ed7-830f-b033f18cc294"", ""rating"": 1, ""record_sha256"": ""83812ddf5e07287d6aaea6fd1e331c23d9251320b48ea4a379516631fe5c7e42"", ""retrieved_at"": ""2026-07-19"", ""review_created_version"": null, ""thumbs_up"": 0}"
1d7951ab13072c9e,Google Play Store,app_review,Acuity: Appointment Scheduling: rating 2/5,"The app worked great until after my first client. The only reason I'm leaving stars is because as far as scheduling, I'm good (knock on wood, I've seen some of the other recent reviews) but I struggle w/ every single customer trying to cash them out. I have to use a completely other app to do so. Extremely frustrating for the amount of money I paid for this app.",https://play.google.com/store/apps/details?id=com.acuityscheduling.app.android&reviewId=83bc9f60-9609-4299-a836-e216204420f0,2025-11-05T19:31:56,appointment scheduling business,"{""app"": ""Acuity: Appointment Scheduling"", ""app_id"": ""com.acuityscheduling.app.android"", ""eligibility_rule"": ""Google Play rating<=3, text>=50, native review ID"", ""native_id"": ""83bc9f60-9609-4299-a836-e216204420f0"", ""rating"": 2, ""record_sha256"": ""ac8b168e95685917038be0930e009d42945289e7983697ee68e86d07e6d60c61"", ""retrieved_at"": ""2026-07-19"", ""review_created_version"": ""66.1.0"", ""thumbs_up"": 1}"
2ace0f613cf78553,Google Play Store,app_review,Acuity: Appointment Scheduling: rating 3/5,"Frequently logs out and requires another device to login, developers should fix this as it is very time consuming and frustrating. The scheduler itself is quite reliable. But it's missing basic form filing like repeat email boxes, auto phone codes and addresses.",https://play.google.com/store/apps/details?id=com.acuityscheduling.app.android&reviewId=968b8e58-5625-46e7-b595-450d1e985914,2025-09-13T01:44:07,appointment scheduling business,"{""app"": ""Acuity: Appointment Scheduling"", ""app_id"": ""com.acuityscheduling.app.android"", ""eligibility_rule"": ""Google Play rating<=3, text>=50, native review ID"", ""native_id"": ""968b8e58-5625-46e7-b595-450d1e985914"", ""rating"": 3, ""record_sha256"": ""207718fbfc8d7e344565fc4203128d9333753538ac84459f8681a4061956e208"", ""retrieved_at"": ""2026-07-19"", ""review_created_version"": null, ""thumbs_up"": 0}"
5081c57cd439269d,Google Play Store,app_review,Setmore Appointment Scheduling: rating 1/5,"I have just tried to set up this app and an error message came back! It's not a connection problem, it just said error in signing up. Any advice?",https://play.google.com/store/apps/details?id=com.adaptavant.setmore&reviewId=c700d1bc-7b48-4163-9181-bc060d5bd29c,2025-01-19T23:21:22,appointment scheduling business,"{""app"": ""Setmore Appointment Scheduling"", ""app_id"": ""com.adaptavant.setmore"", ""eligibility_rule"": ""Google Play rating<=3, text>=50, native review ID"", ""native_id"": ""c700d1bc-7b48-4163-9181-bc060d5bd29c"", ""rating"": 1, ""record_sha256"": ""15ace39ee71fd228c14b064e66e0dd0d137c16b490a5d7c903eb875eafbce75b"", ""retrieved_at"": ""2026-07-19"", ""review_created_version"": ""5.17.5613.20241224"", ""thumbs_up"": 0}"
22283cbde0c7ebe8,Google Play Store,app_review,Setmore Appointment Scheduling: rating 2/5,PLEASE CREATE A MONTHLY MEMBERSHIPS ABILITY. IT WOULD NOT BE HARD AND I HAVE CUSTOMERS WHO HAVE BEEN ASKING FOR 2 YEARS PLEASE JUST CREATE IT ALREADY 🤣,https://play.google.com/store/apps/details?id=com.adaptavant.setmore&reviewId=f6ca0823-2b5d-4ae6-9322-f423e7f96345,2026-02-08T01:34:28,appointment scheduling business,"{""app"": ""Setmore Appointment Scheduling"", ""app_id"": ""com.adaptavant.setmore"", ""eligibility_rule"": ""Google Play rating<=3, text>=50, native review ID"", ""native_id"": ""f6ca0823-2b5d-4ae6-9322-f423e7f96345"", ""rating"": 2, ""record_sha256"": ""497fa72ecceeefad49190b1e24a2ed4e2a740381c3e83f1eac7a6c8fcc888b7c"", ""retrieved_at"": ""2026-07-19"", ""review_created_version"": ""5.38.5766.20260130"", ""thumbs_up"": 0}"
3b1bba7b0f6f00dd,Google Play Store,app_review,Setmore Appointment Scheduling: rating 3/5,"App just crashed on me! Says no dates available. I logged out, now I can't access any of my appointments!!! 😡",https://play.google.com/store/apps/details?id=com.adaptavant.setmore&reviewId=3608cf7c-ab7f-4d7a-a991-996f22de420d,2025-06-13T18:07:15,appointment scheduling business,"{""app"": ""Setmore Appointment Scheduling"", ""app_id"": ""com.adaptavant.setmore"", ""eligibility_rule"": ""Google Play rating<=3, text>=50, native review ID"", ""native_id"": ""3608cf7c-ab7f-4d7a-a991-996f22de420d"", ""rating"": 3, ""record_sha256"": ""e5c77a6a224567fc89c49ca2f7a5a2366885ce07c2cd61cc14e60c13272301f9"", ""retrieved_at"": ""2026-07-19"", ""review_created_version"": ""5.29.5699.20250602"", ""thumbs_up"": 7}"
157fa2becb9c572c,Google Play Store,app_review,Business Calendar 2 Planner: rating 1/5,I give one-star reviews to all apps that have full-screen ads and so should you.,https://play.google.com/store/apps/details?id=com.appgenix.bizcal&reviewId=bf5ee9a6-df8a-4e19-aac0-89506fc91975,2026-07-02T08:22:59,appointment scheduling business,"{""app"": ""Business Calendar 2 Planner"", ""app_id"": ""com.appgenix.bizcal"", ""eligibility_rule"": ""Google Play rating<=3, text>=50, native review ID"", ""native_id"": ""bf5ee9a6-df8a-4e19-aac0-89506fc91975"", ""rating"": 1, ""record_sha256"": ""6c9ef7fd2be75dabbb515212f02a8960e193682ff26f2b58dc2d4a938176a930"", ""retrieved_at"": ""2026-07-19"", ""review_created_version"": ""2.54.2"", ""thumbs_up"": 1}"
06a5e6caa8013385,Google Play Store,app_review,Business Calendar 2 Planner: rating 2/5,Google calendar syncs well. BC2 takes hours to update an event after many pushes of the sync buttons. why does your app not sync properly. reply - will give the suggestions a go. thanks,https://play.google.com/store/apps/details?id=com.appgenix.bizcal&reviewId=21fa0003-fa35-4610-8d53-90133300c81a,2026-07-16T15:56:51,appointment scheduling business,"{""app"": ""Business Calendar 2 Planner"", ""app_id"": ""com.appgenix.bizcal"", ""eligibility_rule"": ""Google Play rating<=3, text>=50, native review ID"", ""native_id"": ""21fa0003-fa35-4610-8d53-90133300c81a"", ""rating"": 2, ""record_sha256"": ""a597a047e658f0f8605a7fbe7c59fde8fe1ad3f258d307f4bf1600f9f2621cbf"", ""retrieved_at"": ""2026-07-19"", ""review_created_version"": ""2.54.2"", ""thumbs_up"": 0}"
869ae4dbab4c7c5f,Google Play Store,app_review,Business Calendar 2 Planner: rating 3/5,"Looks nice but still unusable to me. Thought that you can fastly go and see only 1 calendar from my very long list of shared calendars. Sadly it works only to switch off/on fast only favorite calendars and I won't add all calendars as favorites. Still as useless as the google calendar app. When long pressing a favorite calendar in the bar it hides all the other favorite calendars, but non favorite calendars still remain visibile with the selected favorite calendar.",https://play.google.com/store/apps/details?id=com.appgenix.bizcal&reviewId=bbe504f0-dd10-44f5-ac85-f2650a53e73b,2026-03-13T06:15:39,appointment scheduling business,"{""app"": ""Business Calendar 2 Planner"", ""app_id"": ""com.appgenix.bizcal"", ""eligibility_rule"": ""Google Play rating<=3, text>=50, native review ID"", ""native_id"": ""bbe504f0-dd10-44f5-ac85-f2650a53e73b"", ""rating"": 3, ""record_sha256"": ""e72a60ef22f69aa8bb7ac274ff848bd6d558ecedecb50aaf669f794a5add7f4f"", ""retrieved_at"": ""2026-07-19"", ""review_created_version"": ""2.53.9"", ""thumbs_up"": 0}"
3fb630b9d0f70d6c,Google Play Store,app_review,HelloLeads CRM - Sales Tracker: rating 1/5,"Deleting a users account (free version) without even notifying them states how unprofessional the whole team is. Tried to connect on 3 numbers of support staff but not a single guy answered the call. One other support executive ""Varthika"" sent me a WhatsApp Messege earlier when I registered my ID. I messaged my issue to her and even after seeing the message no one cared to answer or respond back.",https://play.google.com/store/apps/details?id=com.appgodz.evh&reviewId=ae5d87ed-e2c1-44f7-9fbf-cb3faed64b85,2022-08-04T19:03:21,small business CRM,"{""app"": ""HelloLeads CRM - Sales Tracker"", ""app_id"": ""com.appgodz.evh"", ""eligibility_rule"": ""Google Play rating<=3, text>=50, native review ID"", ""native_id"": ""ae5d87ed-e2c1-44f7-9fbf-cb3faed64b85"", ""rating"": 1, ""record_sha256"": ""3f70c6d010612e83678e73a44db66cac22a86721cca9562a26638f310a76e61f"", ""retrieved_at"": ""2026-07-19"", ""review_created_version"": null, ""thumbs_up"": 2}"
21076530499ff8aa,Google Play Store,app_review,HelloLeads CRM - Sales Tracker: rating 2/5,Today I installed it one thing I can say is that it is easy and I can learn quickly this crm unlike other crms plz give ur no for assistance,https://play.google.com/store/apps/details?id=com.appgodz.evh&reviewId=7aa3e891-9a39-402d-a7fd-1c2d891a3290,2021-02-25T02:09:20,small business CRM,"{""app"": ""HelloLeads CRM - Sales Tracker"", ""app_id"": ""com.appgodz.evh"", ""eligibility_rule"": ""Google Play rating<=3, text>=50, native review ID"", ""native_id"": ""7aa3e891-9a39-402d-a7fd-1c2d891a3290"", ""rating"": 2, ""record_sha256"": ""310825db96e7911db5dc12921cae507c50a004347767c2ed4eff18c1145ba7e3"", ""retrieved_at"": ""2026-07-19"", ""review_created_version"": ""2.0.5"", ""thumbs_up"": 1}"
a0ff4d84baa5139f,Google Play Store,app_review,HelloLeads CRM - Sales Tracker: rating 3/5,"Very good for many businesses other than real estate. Property business has too many variables that I failed to set up with the app. I rate the support five star (*****), it is excellent.",https://play.google.com/store/apps/details?id=com.appgodz.evh&reviewId=6bc02a0e-6d62-4604-9751-bf8eeb6b9d72,2021-12-19T13:51:18,small business CRM,"{""app"": ""HelloLeads CRM - Sales Tracker"", ""app_id"": ""com.appgodz.evh"", ""eligibility_rule"": ""Google Play rating<=3, text>=50, native review ID"", ""native_id"": ""6bc02a0e-6d62-4604-9751-bf8eeb6b9d72"", ""rating"": 3, ""record_sha256"": ""a51181fa9314bfbe30978c799255bbc3d570ff76cd942a3914b34448e6c3e910"", ""retrieved_at"": ""2026-07-19"", ""review_created_version"": null, ""thumbs_up"": 0}"
22889f25cdf91ee9,Google Play Store,app_review,Goldie: Schedule Appointments: rating 1/5,"I can't even sign up properly, even their phone verification failed and won't send me a code. nobody in support answers. as a professional this is a waste of time for me",https://play.google.com/store/apps/details?id=com.appointfix&reviewId=bac40c50-526e-4e34-96fe-eea9de133fb2,2026-03-11T20:55:56,appointment scheduling business,"{""app"": ""Goldie: Schedule Appointments"", ""app_id"": ""com.appointfix"", ""eligibility_rule"": ""Google Play rating<=3, text>=50, native review ID"", ""native_id"": ""bac40c50-526e-4e34-96fe-eea9de133fb2"", ""rating"": 1, ""record_sha256"": ""df8429357a928dc47f65fe45ce56b2fc98066e1e524ae95cc6486626f5e11eb7"", ""retrieved_at"": ""2026-07-19"", ""review_created_version"": ""53.0.0"", ""thumbs_up"": 1}"
22d9a869a7ae2766,Google Play Store,app_review,Goldie: Schedule Appointments: rating 2/5,"Appointfix was an amazing app to use, cheap and easy. Now it's update after update and im constantly spammed to spend more money each month for services I don't need. I get notifications over and over to spend more money or invite friends. Go away please, it's getting ridiculous. Time to look for another option!",https://play.google.com/store/apps/details?id=com.appointfix&reviewId=a6572984-d16c-40ac-964f-08930b8f45d6,2025-02-11T21:36:39,appointment scheduling business,"{""app"": ""Goldie: Schedule Appointments"", ""app_id"": ""com.appointfix"", ""eligibility_rule"": ""Google Play rating<=3, text>=50, native review ID"", ""native_id"": ""a6572984-d16c-40ac-964f-08930b8f45d6"", ""rating"": 2, ""record_sha256"": ""7af44e42bbbb3e902ed5b57ee69b9a32085769eba308c9e8d6fbe428850bf9c7"", ""retrieved_at"": ""2026-07-19"", ""review_created_version"": ""32.0.0"", ""thumbs_up"": 1}"
10d19a09349ee397,Google Play Store,app_review,Goldie: Schedule Appointments: rating 3/5,"I tried a free trial and absolutely love everything about this app/service. However, it has a major drawback for me that I hope the update, because they lost me as a customer. I do 1:1 work with clients in multiple different time zones. Unfortunately, the scheduling calendar only defaults the times available to schedule to MY timezone, not the time zone the client is in. other services I've used in the past always update to the client's time zone when they schedule. for that, they lost me.",https://play.google.com/store/apps/details?id=com.appointfix&reviewId=46793dd3-247e-4285-8012-83accb548837,2025-12-02T01:20:09,appointment scheduling business,"{""app"": ""Goldie: Schedule Appointments"", ""app_id"": ""com.appointfix"", ""eligibility_rule"": ""Google Play rating<=3, text>=50, native review ID"", ""native_id"": ""46793dd3-247e-4285-8012-83accb548837"", ""rating"": 3, ""record_sha256"": ""5eee86dfd0cf7231f5dffcf17ea0f17aa51b40bf11b421baa667eae0fef57dd9"", ""retrieved_at"": ""2026-07-19"", ""review_created_version"": ""50.5.1"", ""thumbs_up"": 2}"
2adeffa890b9ea05,Google Play Store,app_review,HoneyBook - Small Business CRM: rating 1/5,"MY HONEST OPINION: I have had HoneyBook for two weeks and it still hasn't been able to verify my business/banking information. I have not been able to generate any invoices to get paid and their concierge is absolutely slow. two days now and they still haven't gotten back to me. Also, spoke to live agent. Got told that they will get back to me in the order received. my experience so far = TERRIBLE",https://play.google.com/store/apps/details?id=com.honeybook.alfred&reviewId=d3958493-d3a6-4d7c-9705-34baa151d31b,2026-05-14T00:06:22,small business CRM,"{""app"": ""HoneyBook - Small Business CRM"", ""app_id"": ""com.honeybook.alfred"", ""eligibility_rule"": ""Google Play rating<=3, text>=50, native review ID"", ""native_id"": ""d3958493-d3a6-4d7c-9705-34baa151d31b"", ""rating"": 1, ""record_sha256"": ""69b8770f2fb92660218ce9374710203cf3708b3317535846b325f10e1df1c6f6"", ""retrieved_at"": ""2026-07-19"", ""review_created_version"": ""1.64.1"", ""thumbs_up"": 0}"
70747021de9e3b49,Google Play Store,app_review,HoneyBook - Small Business CRM: rating 2/5,"The service itself is good but with the new updates, the app has been horrendous. It crashes, freezes, starts flashing, won't open to the correct project you click on the notification for, logs you out randomly and now won't get past the yellow loading screen. on top of the fact that you can't edit contracts in the app, it's much better to just use the browser.",https://play.google.com/store/apps/details?id=com.honeybook.alfred&reviewId=2fd7c24a-9a19-4b71-b561-5723ead0ceae,2025-09-27T03:20:23,small business CRM,"{""app"": ""HoneyBook - Small Business CRM"", ""app_id"": ""com.honeybook.alfred"", ""eligibility_rule"": ""Google Play rating<=3, text>=50, native review ID"", ""native_id"": ""2fd7c24a-9a19-4b71-b561-5723ead0ceae"", ""rating"": 2, ""record_sha256"": ""74e930eed4c5e3a3be5b20d2ee6e56daf226a1798932ac17689b8130b82e0f4e"", ""retrieved_at"": ""2026-07-19"", ""review_created_version"": ""1.31.3"", ""thumbs_up"": 3}"
473a60205b31a830,Google Play Store,app_review,HoneyBook - Small Business CRM: rating 3/5,"It's pretty cool, kinda hard to navigate and figure out. And the chat button is hidden behind the tool bar. Even when I manage to get to the chat button, to try and talk to chat its hard because the chat box is hidden directly under the tool bar so I'm at risk of pressing the tool bar buttons instead of the chat box. Would be better if you can move the tool box and button screen buttons around on the page so you can better access other sections that are placed at the bottom of the page.",https://play.google.com/store/apps/details?id=com.honeybook.alfred&reviewId=81a32646-f705-442f-b892-4ad60ea40180,2023-02-26T01:03:01,small business CRM,"{""app"": ""HoneyBook - Small Business CRM"", ""app_id"": ""com.honeybook.alfred"", ""eligibility_rule"": ""Google Play rating<=3, text>=50, native review ID"", ""native_id"": ""81a32646-f705-442f-b892-4ad60ea40180"", ""rating"": 3, ""record_sha256"": ""0034fae112bd9dc4a061a9285fbb78321e0d8b314003696fa030a2d0d960eeb5"", ""retrieved_at"": ""2026-07-19"", ""review_created_version"": ""1.14.29"", ""thumbs_up"": 8}"
261031c2d70c4cd4,Google Play Store,app_review,HubSpot: rating 1/5,"Newest update looks good, but I am now unable to send any emails at all. Error message comes up every time I try. Not ideal.",https://play.google.com/store/apps/details?id=com.hubspot.android&reviewId=77862f2e-2e7f-4292-8721-e4e95421ced5,2026-05-21T13:16:53,small business CRM,"{""app"": ""HubSpot"", ""app_id"": ""com.hubspot.android"", ""eligibility_rule"": ""Google Play rating<=3, text>=50, native review ID"", ""native_id"": ""77862f2e-2e7f-4292-8721-e4e95421ced5"", ""rating"": 1, ""record_sha256"": ""d9d9110b19f830fda9cbdbee35739360c061adb5a7bb737510b58a22314325fb"", ""retrieved_at"": ""2026-07-19"", ""review_created_version"": ""4.16.0"", ""thumbs_up"": 2}"
0eea7bec16d5f137,Google Play Store,app_review,HubSpot: rating 2/5,"The main purpose of this app is to let our salespeople rapidly respond to emails. - conversations view should be the homepage. - snippet formatting in app is broken (works fine in Desktop browser). - Notifications are not instant, even with all Android permissions and batter options maximized.",https://play.google.com/store/apps/details?id=com.hubspot.android&reviewId=adb8c7cb-e98b-4a5a-866d-b1073265ac61,2025-09-24T06:09:16,small business CRM,"{""app"": ""HubSpot"", ""app_id"": ""com.hubspot.android"", ""eligibility_rule"": ""Google Play rating<=3, text>=50, native review ID"", ""native_id"": ""adb8c7cb-e98b-4a5a-866d-b1073265ac61"", ""rating"": 2, ""record_sha256"": ""01e1bff3a828a4b1f28733515b5fb15947f904361051235b204ce708a5e68ecd"", ""retrieved_at"": ""2026-07-19"", ""review_created_version"": ""3.144.0"", ""thumbs_up"": 9}"
40b398f9763f5e67,Google Play Store,app_review,HubSpot: rating 3/5,It's a little hard to get all my information together at this early stage.,https://play.google.com/store/apps/details?id=com.hubspot.android&reviewId=0956437f-22e2-48b1-be86-d6dec051ea74,2024-09-10T08:54:20,small business CRM,"{""app"": ""HubSpot"", ""app_id"": ""com.hubspot.android"", ""eligibility_rule"": ""Google Play rating<=3, text>=50, native review ID"", ""native_id"": ""0956437f-22e2-48b1-be86-d6dec051ea74"", ""rating"": 3, ""record_sha256"": ""05b08ff312fb2b6e4f5a8c5cdaa4f1ca41b5a223ed90e59749e8df3fb8607a27"", ""retrieved_at"": ""2026-07-19"", ""review_created_version"": ""3.100.3"", ""thumbs_up"": 1}"
11c1ea3e2f8bc286,Google Play Store,app_review,Invoice Maker by Invoice Home: rating 1/5,needed it today not working i am definatly changing,https://play.google.com/store/apps/details?id=com.invoicehome.invoicehome&reviewId=8f450918-ad80-44a7-8ae6-915ba04d51ed,2026-06-13T15:00:53,invoice maker small business,"{""app"": ""Invoice Maker by Invoice Home"", ""app_id"": ""com.invoicehome.invoicehome"", ""eligibility_rule"": ""Google Play rating<=3, text>=50, native review ID"", ""native_id"": ""8f450918-ad80-44a7-8ae6-915ba04d51ed"", ""rating"": 1, ""record_sha256"": ""4f6aeaa147a3c4883764f4a4f6b264c2342e191582734a0787b6423117fe8242"", ""retrieved_at"": ""2026-07-19"", ""review_created_version"": null, ""thumbs_up"": 0}"
254ee692a1a67dd6,Google Play Store,app_review,Invoice Maker by Invoice Home: rating 2/5,it's very difficult to unsubscribe or change payment plans. no way to check which card is linked etc,https://play.google.com/store/apps/details?id=com.invoicehome.invoicehome&reviewId=ad3e3c9e-7663-49fa-ba20-2817460824e0,2025-08-31T16:30:24,invoice maker small business,"{""app"": ""Invoice Maker by Invoice Home"", ""app_id"": ""com.invoicehome.invoicehome"", ""eligibility_rule"": ""Google Play rating<=3, text>=50, native review ID"", ""native_id"": ""ad3e3c9e-7663-49fa-ba20-2817460824e0"", ""rating"": 2, ""record_sha256"": ""7f4244929e5e7703269fc20efe6b7718afd373144893f75dbe13242b3bd7ef25"", ""retrieved_at"": ""2026-07-19"", ""review_created_version"": ""5.7.8"", ""thumbs_up"": 6}"
24e88be03f0da704,Google Play Store,app_review,Pocket CRM - Customers & Leads: rating 1/5,"BEWARE! After Loading and Grouping and Info-ing ⛔️⛔️⛔️ EVERYTHING DISAPPEARS. This is a very, very, bad (thus useless) app for your Leads / Customers . . . L👀k Elsewhere (thus time wasted frustration) for genuine results ~ Kate #absolutely",https://play.google.com/store/apps/details?id=com.mindweaver.pocketcrm&reviewId=6e28ea45-6394-4d47-ad93-224ac2bf0bf3,2024-07-15T01:11:32,small business CRM,"{""app"": ""Pocket CRM - Customers & Leads"", ""app_id"": ""com.mindweaver.pocketcrm"", ""eligibility_rule"": ""Google Play rating<=3, text>=50, native review ID"", ""native_id"": ""6e28ea45-6394-4d47-ad93-224ac2bf0bf3"", ""rating"": 1, ""record_sha256"": ""dfb32881ea30f3d0ff6785b665f2e083ce80bfaada9f6bb4b8013a736c159f97"", ""retrieved_at"": ""2026-07-19"", ""review_created_version"": ""4.3.1"", ""thumbs_up"": 5}"
19f30eeccd3acca8,Google Play Store,app_review,Pocket CRM - Customers & Leads: rating 2/5,Had promise. Still no separate task list. Calendar function puts items on calendar randomly...not by actual time!,https://play.google.com/store/apps/details?id=com.mindweaver.pocketcrm&reviewId=cc91fc85-f907-47bb-b76f-45bf6b961a91,2023-08-11T00:03:23,small business CRM,"{""app"": ""Pocket CRM - Customers & Leads"", ""app_id"": ""com.mindweaver.pocketcrm"", ""eligibility_rule"": ""Google Play rating<=3, text>=50, native review ID"", ""native_id"": ""cc91fc85-f907-47bb-b76f-45bf6b961a91"", ""rating"": 2, ""record_sha256"": ""e5335de25d0d0691870d69ecda7ecfaacd5ae40a4e347529eaa7d659c25aa9a6"", ""retrieved_at"": ""2026-07-19"", ""review_created_version"": ""3.3.0"", ""thumbs_up"": 1}"
becdaf21970ed686,Google Play Store,app_review,Pocket CRM - Customers & Leads: rating 3/5,"Nice app! but It's not working well, some issues like contact doesn't show under the Head after edit Leads, Customers,Lost..",https://play.google.com/store/apps/details?id=com.mindweaver.pocketcrm&reviewId=af4284eb-1769-40a6-9f8b-ebd0312095ae,2022-09-08T18:09:59,small business CRM,"{""app"": ""Pocket CRM - Customers & Leads"", ""app_id"": ""com.mindweaver.pocketcrm"", ""eligibility_rule"": ""Google Play rating<=3, text>=50, native review ID"", ""native_id"": ""af4284eb-1769-40a6-9f8b-ebd0312095ae"", ""rating"": 3, ""record_sha256"": ""ec1664b04edf82db162428d8e5f0b4ee477a672d524af6cf4e9d6556d76fc4e1"", ""retrieved_at"": ""2026-07-19"", ""review_created_version"": ""3.2.3"", ""thumbs_up"": 1}"
3f0a0c31d5a76777,Google Play Store,app_review,Square Appointments: Scheduler: rating 1/5,some days it works other days it won't connect my reader for half of the day.,https://play.google.com/store/apps/details?id=com.squareup.apos&reviewId=6ecbf5d4-6533-4b2d-8869-ce4b92798ef6,2026-05-03T01:59:27,appointment scheduling business,"{""app"": ""Square Appointments: Scheduler"", ""app_id"": ""com.squareup.apos"", ""eligibility_rule"": ""Google Play rating<=3, text>=50, native review ID"", ""native_id"": ""6ecbf5d4-6533-4b2d-8869-ce4b92798ef6"", ""rating"": 1, ""record_sha256"": ""a04e4b6653f26e1184c534b354285ad29df6965e747b7d742db85837fbac9fe2"", ""retrieved_at"": ""2026-07-19"", ""review_created_version"": ""7.5"", ""thumbs_up"": 1}"
28bea09cba5de922,Google Play Store,app_review,Square Appointments: Scheduler: rating 2/5,the app was a 5 but now its a 2 ever since I got this app iv had cash drawer i loved it because it keep track of my money but now all of a sudden after 4 years you have to have a square system to have cash drawer and now also my phone and my tablet wont sink so if I put an appointment on my phone where it use to show up on all my devices now does not. witch makes this very inconvenient. I use to rave about square but now I hate it and when I find something else that works ill be switching.,https://play.google.com/store/apps/details?id=com.squareup.apos&reviewId=598f9fbe-821b-46d0-9adb-cd3a26d04b5e,2026-02-11T03:31:24,appointment scheduling business,"{""app"": ""Square Appointments: Scheduler"", ""app_id"": ""com.squareup.apos"", ""eligibility_rule"": ""Google Play rating<=3, text>=50, native review ID"", ""native_id"": ""598f9fbe-821b-46d0-9adb-cd3a26d04b5e"", ""rating"": 2, ""record_sha256"": ""ff30d0bfc42135b0c73468723988e6ba22f0eddb9d9d0e16944bf6c93b3c900c"", ""retrieved_at"": ""2026-07-19"", ""review_created_version"": ""6.94"", ""thumbs_up"": 1}"
828634c9eb17d668,Google Play Store,app_review,Square Appointments: Scheduler: rating 3/5,"Pretty good, but please make it easier to input new clients by just typing in their info when scheduling. Currently having to either import from contacts (which isn't feasible as they are never in my contacts) or go to the other square app, on which it gives an error message and try again later probably 75% of the time. All of my square apps are up to date. I just came to the app store to check, so I thought I'd leave feedback. More user-friendly, easier input of clients!",https://play.google.com/store/apps/details?id=com.squareup.apos&reviewId=ae269560-7fbe-4e84-9c92-b484f692faed,2025-07-23T22:50:29,appointment scheduling business,"{""app"": ""Square Appointments: Scheduler"", ""app_id"": ""com.squareup.apos"", ""eligibility_rule"": ""Google Play rating<=3, text>=50, native review ID"", ""native_id"": ""ae269560-7fbe-4e84-9c92-b484f692faed"", ""rating"": 3, ""record_sha256"": ""ccfe1af0bb000ff21afb918e12378cd205ddc90fc1039deb6d3c1f84432f29ea"", ""retrieved_at"": ""2026-07-19"", ""review_created_version"": null, ""thumbs_up"": 1}"
9c01aa13a355233c,Google Play Store,app_review,Zoho CRM - Sales & Marketing: rating 1/5,"It has been a week since I last opened this app. Whenever I try to open it, it closes automatically; the app simply won't open. This is the worst app ever.",https://play.google.com/store/apps/details?id=com.zoho.crm&reviewId=17703d98-e74b-4656-b372-ed5c4b62f81b,2026-05-29T12:12:41,small business CRM,"{""app"": ""Zoho CRM - Sales & Marketing"", ""app_id"": ""com.zoho.crm"", ""eligibility_rule"": ""Google Play rating<=3, text>=50, native review ID"", ""native_id"": ""17703d98-e74b-4656-b372-ed5c4b62f81b"", ""rating"": 1, ""record_sha256"": ""2f3485c36a86edb8e2fc0a6e1576a5f89c7b43f7653cba3e30e7d1ce59832f8a"", ""retrieved_at"": ""2026-07-19"", ""review_created_version"": ""3.6.54"", ""thumbs_up"": 7}"
a20cc0dbd5d00842,Google Play Store,app_review,Zoho CRM - Sales & Marketing: rating 2/5,i have problem with the app is close when trying to send a message. And try to tag people of my work and close by him self.,https://play.google.com/store/apps/details?id=com.zoho.crm&reviewId=45f6f3e5-89e1-4e81-be3a-9856260f7498,2025-09-21T01:21:22,small business CRM,"{""app"": ""Zoho CRM - Sales & Marketing"", ""app_id"": ""com.zoho.crm"", ""eligibility_rule"": ""Google Play rating<=3, text>=50, native review ID"", ""native_id"": ""45f6f3e5-89e1-4e81-be3a-9856260f7498"", ""rating"": 2, ""record_sha256"": ""ff3bebf9f5113ae37940a41aab9245aaa694d71a871f6ec54b24e0b73fa109f6"", ""retrieved_at"": ""2026-07-19"", ""review_created_version"": ""3.6.34"", ""thumbs_up"": 1}"
96a227d36a472efa,Google Play Store,app_review,Zoho CRM - Sales & Marketing: rating 3/5,"Guys, there is a bug for IOS. Every time I try to download it, this shows 'purchased' and nothing happens, I have tried many times, cleaning cookies, restarting the phone and so on and so on. I will adjust my review later",https://play.google.com/store/apps/details?id=com.zoho.crm&reviewId=94407283-fef5-473b-89fa-070b08883b8b,2024-08-20T03:18:27,small business CRM,"{""app"": ""Zoho CRM - Sales & Marketing"", ""app_id"": ""com.zoho.crm"", ""eligibility_rule"": ""Google Play rating<=3, text>=50, native review ID"", ""native_id"": ""94407283-fef5-473b-89fa-070b08883b8b"", ""rating"": 3, ""record_sha256"": ""5eeaf1ded2a9883b69ddd976df1c3ff8e5d07658a04d927ddb0838401047aa55"", ""retrieved_at"": ""2026-07-19"", ""review_created_version"": ""3.6.16"", ""thumbs_up"": 7}"
283279c7b782fd63,Google Play Store,app_review,Zoho Invoice - Invoice Maker: rating 1/5,"I can not say enough how horrible this app is. For one , its a spy app and dumps your business into a US data center to be collected by people who are self proclaiming they have the right to it.....and also...after sending a quote 8 times and it being clipped every time..its pointless.",https://play.google.com/store/apps/details?id=com.zoho.invoice&reviewId=62ff00c4-9a91-466b-9d62-518f9fed50d4,2026-02-06T06:14:00,invoice maker small business,"{""app"": ""Zoho Invoice - Invoice Maker"", ""app_id"": ""com.zoho.invoice"", ""eligibility_rule"": ""Google Play rating<=3, text>=50, native review ID"", ""native_id"": ""62ff00c4-9a91-466b-9d62-518f9fed50d4"", ""rating"": 1, ""record_sha256"": ""85d2ad2e93c1afb89f0b785212ef4237255c4178944ae93303cd69e6678a8762"", ""retrieved_at"": ""2026-07-19"", ""review_created_version"": ""6.4.11"", ""thumbs_up"": 5}"
3afc5d164ab71d3a,Google Play Store,app_review,Zoho Invoice - Invoice Maker: rating 2/5,my experience was good but today the app is not working and I have so much pending invoices please resolve my issues app is just stuck on dashboard nothing else is working,https://play.google.com/store/apps/details?id=com.zoho.invoice&reviewId=65b2eeb1-c475-4e9c-a7a7-44eb8cea1eff,2025-09-28T15:15:06,invoice maker small business,"{""app"": ""Zoho Invoice - Invoice Maker"", ""app_id"": ""com.zoho.invoice"", ""eligibility_rule"": ""Google Play rating<=3, text>=50, native review ID"", ""native_id"": ""65b2eeb1-c475-4e9c-a7a7-44eb8cea1eff"", ""rating"": 2, ""record_sha256"": ""c0a15184251788c3e28e4740ecaa8de8696c609c30f364c43804e9a80191e494"", ""retrieved_at"": ""2026-07-19"", ""review_created_version"": ""6.3.14"", ""thumbs_up"": 1}"
c5f9ec745dda38cb,Google Play Store,app_review,Zoho Invoice - Invoice Maker: rating 3/5,log in issue is not resolved email / gmail sign in not working reroutes back to login or error page after entering otp waiting on might use in future Demo seems good but waiting on 2025 oct 03 after 20 days of login problem,https://play.google.com/store/apps/details?id=com.zoho.invoice&reviewId=cfc7f67f-88ac-4547-af8e-20ea894bf5c8,2025-11-02T18:30:43,invoice maker small business,"{""app"": ""Zoho Invoice - Invoice Maker"", ""app_id"": ""com.zoho.invoice"", ""eligibility_rule"": ""Google Play rating<=3, text>=50, native review ID"", ""native_id"": ""cfc7f67f-88ac-4547-af8e-20ea894bf5c8"", ""rating"": 3, ""record_sha256"": ""7f3ff61e26a58f9bf7f4452f3cb2815a3dad8ee1a0a421f214b06495ce9cbf19"", ""retrieved_at"": ""2026-07-19"", ""review_created_version"": ""6.3.16"", ""thumbs_up"": 1}"
6257e83c9da60434,Google Play Store,app_review,Invoice Maker - Invoice Fly: rating 1/5,"I've only been using it for a few months; it worked well at first, but lately the keyboard won't It appears and log me out",https://play.google.com/store/apps/details?id=io.labhouse.invoicesapp&reviewId=81ad91f3-1abd-4a39-8b18-4bfea54277e1,2026-07-01T05:28:26,invoice maker small business,"{""app"": ""Invoice Maker - Invoice Fly"", ""app_id"": ""io.labhouse.invoicesapp"", ""eligibility_rule"": ""Google Play rating<=3, text>=50, native review ID"", ""native_id"": ""81ad91f3-1abd-4a39-8b18-4bfea54277e1"", ""rating"": 1, ""record_sha256"": ""7906cc414a56386261be29b7a172ba196c0694dd8465924cca6b9399e4fa731e"", ""retrieved_at"": ""2026-07-19"", ""review_created_version"": ""2.33.0"", ""thumbs_up"": 1}"
2d9aed2d3f19d321,Google Play Store,app_review,Invoice Maker - Invoice Fly: rating 2/5,"Great formats, but need a paid sub to use. Didnt look if there was a one time buy option though.",https://play.google.com/store/apps/details?id=io.labhouse.invoicesapp&reviewId=09a38a13-e7b6-445b-90ab-3b145631c9ed,2025-07-04T03:10:15,invoice maker small business,"{""app"": ""Invoice Maker - Invoice Fly"", ""app_id"": ""io.labhouse.invoicesapp"", ""eligibility_rule"": ""Google Play rating<=3, text>=50, native review ID"", ""native_id"": ""09a38a13-e7b6-445b-90ab-3b145631c9ed"", ""rating"": 2, ""record_sha256"": ""c2bea806e37bf9faadd9a3b93e4f9da74ea0085c3c1709c71286828f57c3efef"", ""retrieved_at"": ""2026-07-19"", ""review_created_version"": ""1.46.0"", ""thumbs_up"": 1}"
7086d27b5b6c45c4,Google Play Store,app_review,Invoice Maker - Invoice Fly: rating 3/5,When I changed my phone and tried to login to my account they asked me to choose a name and logo again. And I couldn't see my old invoices even with the same password and email. So frustrating and not recommend it,https://play.google.com/store/apps/details?id=io.labhouse.invoicesapp&reviewId=bfa7385b-9c4e-4c58-97a6-6e0094243889,2026-04-09T11:11:45,invoice maker small business,"{""app"": ""Invoice Maker - Invoice Fly"", ""app_id"": ""io.labhouse.invoicesapp"", ""eligibility_rule"": ""Google Play rating<=3, text>=50, native review ID"", ""native_id"": ""bfa7385b-9c4e-4c58-97a6-6e0094243889"", ""rating"": 3, ""record_sha256"": ""728760a5f47c1e9fe11ff653f12a50dd65ec76bd051d8b75d40cc5753790be7c"", ""retrieved_at"": ""2026-07-19"", ""review_created_version"": ""2.24.1"", ""thumbs_up"": 3}"
34dadc2499f71371,Google Play Store,app_review,Freebie Invoice Maker Simple: rating 1/5,"this app falsely claims to be free, be aware that it is a subscription service. very deceptive and misleading tittle by the developers. poor form.",https://play.google.com/store/apps/details?id=app.invoice_maker&reviewId=f93d99e4-e3e7-4fc5-9422-f9db41991648,2025-12-05T02:17:28,invoice maker small business,"{""app"": ""Freebie Invoice Maker Simple"", ""app_id"": ""app.invoice_maker"", ""eligibility_rule"": ""Google Play rating<=3, text>=50, native review ID"", ""native_id"": ""f93d99e4-e3e7-4fc5-9422-f9db41991648"", ""rating"": 1, ""record_sha256"": ""ef2cc1ab9b17eb2157d65f60484f67e3c160e545fca3b9a5f9778e453a3a3a0e"", ""retrieved_at"": ""2026-07-19"", ""review_created_version"": ""3.1.0"", ""thumbs_up"": 1}"
5ae21c10634ad108,Google Play Store,app_review,Freebie Invoice Maker Simple: rating 2/5,Paypals is way better and easier. This one could be awesome with more choices,https://play.google.com/store/apps/details?id=app.invoice_maker&reviewId=4bbfe353-d40e-43a8-82c7-479075a7b055,2023-07-28T21:25:09,invoice maker small business,"{""app"": ""Freebie Invoice Maker Simple"", ""app_id"": ""app.invoice_maker"", ""eligibility_rule"": ""Google Play rating<=3, text>=50, native review ID"", ""native_id"": ""4bbfe353-d40e-43a8-82c7-479075a7b055"", ""rating"": 2, ""record_sha256"": ""bd89647ef861d127484651347aacc38c3ede6011452b876d49e3ab38f2208b28"", ""retrieved_at"": ""2026-07-19"", ""review_created_version"": null, ""thumbs_up"": 0}"
bcd158c85911faa4,Google Play Store,app_review,Freebie Invoice Maker Simple: rating 3/5,"Bloody great app, it's just gone to paid version fairly expensive. Moving to a accounting app now for these prices 😔",https://play.google.com/store/apps/details?id=app.invoice_maker&reviewId=cf84363a-35af-4d6b-8b28-865b91d7b2d6,2025-04-22T22:32:26,invoice maker small business,"{""app"": ""Freebie Invoice Maker Simple"", ""app_id"": ""app.invoice_maker"", ""eligibility_rule"": ""Google Play rating<=3, text>=50, native review ID"", ""native_id"": ""cf84363a-35af-4d6b-8b28-865b91d7b2d6"", ""rating"": 3, ""record_sha256"": ""8cd77b06a2d15f97a9cc2001e23210ee1628da2bf676127ab89647b7624b8ad2"", ""retrieved_at"": ""2026-07-19"", ""review_created_version"": ""3.0.8"", ""thumbs_up"": 1}"
67a7406c2b52f778,Google Play Store,app_review,Invoice Simple: Invoice Maker: rating 1/5,"I've been using I.S. for at least the last 7 years. I've put up with all limited services and still paid the premium. Over the last year or 2, they've increased the premiums 3X and I went along with it. They are not loyal to the customers that have been with them from the beginning. Oh look at that another price increase for bare premium services. they seem to do price increases every 6 months. These people are🚮🗑️ find another invoice maker i will be.",https://play.google.com/store/apps/details?id=com.aadhk.woinvoice&reviewId=6583ef41-9d89-4675-bd99-f36ccd74029b,2026-07-13T04:53:24,invoice maker small business,"{""app"": ""Invoice Simple: Invoice Maker"", ""app_id"": ""com.aadhk.woinvoice"", ""eligibility_rule"": ""Google Play rating<=3, text>=50, native review ID"", ""native_id"": ""6583ef41-9d89-4675-bd99-f36ccd74029b"", ""rating"": 1, ""record_sha256"": ""afca38c7ab11269d5b431d85135f93638dc47a0bd75b3d7d2af5e3a5b79e0e8e"", ""retrieved_at"": ""2026-07-19"", ""review_created_version"": ""6.5.1"", ""thumbs_up"": 38}"
6df526340499879e,Google Play Store,app_review,Invoice Simple: Invoice Maker: rating 2/5,they keep increasing the price moving onto another app,https://play.google.com/store/apps/details?id=com.aadhk.woinvoice&reviewId=f0806c09-5336-4de6-86d1-ef08356c2bad,2026-06-10T21:12:40,invoice maker small business,"{""app"": ""Invoice Simple: Invoice Maker"", ""app_id"": ""com.aadhk.woinvoice"", ""eligibility_rule"": ""Google Play rating<=3, text>=50, native review ID"", ""native_id"": ""f0806c09-5336-4de6-86d1-ef08356c2bad"", ""rating"": 2, ""record_sha256"": ""9ad186ef384b953c40adc63fb66ef651aa633b6ac831948c3fd98612dbe8b1fa"", ""retrieved_at"": ""2026-07-19"", ""review_created_version"": ""6.4.1"", ""thumbs_up"": 0}"
1458569ab40d99be,Google Play Store,app_review,Acuity: Appointment Scheduling: rating 1/5,"Dark. Mode. Please. It's 2026 guys, come on now. Also, app loads as slow as pouring cold honey. Kinda clunky and cumbersome. SquareSpace is too big of a company to have an app this bad.",https://play.google.com/store/apps/details?id=com.acuityscheduling.app.android&reviewId=645710b2-dfee-48f5-809f-f9291c3a95f8,2026-01-14T11:18:10,appointment scheduling business,"{""app"": ""Acuity: Appointment Scheduling"", ""app_id"": ""com.acuityscheduling.app.android"", ""eligibility_rule"": ""Google Play rating<=3, text>=50, native review ID"", ""native_id"": ""645710b2-dfee-48f5-809f-f9291c3a95f8"", ""rating"": 1, ""record_sha256"": ""1920b789c7fac16fc8406989711b939d48181f2ec336f8f3e11997f3d13fdf71"", ""retrieved_at"": ""2026-07-19"", ""review_created_version"": ""70.0.0"", ""thumbs_up"": 0}"
5699c6f4bc788926,Google Play Store,app_review,Acuity: Appointment Scheduling: rating 2/5,"This app started off well, but is going down hill fast. From other reviews, it sounds like nothing is getting done. For me: 1: The dates on the calendar glitch and won't display properly 2: The app keeps shutting down completely randomly, for example when I select the ""cart"" option (and yes I closed and reopened) 3: I tried to leave a feedback within the app. I cannot submit a screenshot nor will my written feedback submit. The Acuity website, 2 of my clients got randomly unsubscribed from pay",https://play.google.com/store/apps/details?id=com.acuityscheduling.app.android&reviewId=b1ff128d-6dff-4f64-9fd8-a5705bfdc213,2025-07-26T04:13:51,appointment scheduling business,"{""app"": ""Acuity: Appointment Scheduling"", ""app_id"": ""com.acuityscheduling.app.android"", ""eligibility_rule"": ""Google Play rating<=3, text>=50, native review ID"", ""native_id"": ""b1ff128d-6dff-4f64-9fd8-a5705bfdc213"", ""rating"": 2, ""record_sha256"": ""218b3a5551035af76b293b514296a5ac5f5afe86fa9842a718d9a7b907b57764"", ""retrieved_at"": ""2026-07-19"", ""review_created_version"": ""56.0.0"", ""thumbs_up"": 4}"
307cb0504299f492,Google Play Store,app_review,Acuity: Appointment Scheduling: rating 3/5,"I love the app when its working. I love how you can customize the booking site and truly brand it. However, the fact that there is no phone support is CRAZY and maddening. You shouldn't have to have long drawn out email conversations and screenshot and video record the problems. If I would have know that I never would have signed back up with acuity.",https://play.google.com/store/apps/details?id=com.acuityscheduling.app.android&reviewId=27c22e1a-91a5-434f-aea1-1f46a9750059,2025-03-29T04:59:29,appointment scheduling business,"{""app"": ""Acuity: Appointment Scheduling"", ""app_id"": ""com.acuityscheduling.app.android"", ""eligibility_rule"": ""Google Play rating<=3, text>=50, native review ID"", ""native_id"": ""27c22e1a-91a5-434f-aea1-1f46a9750059"", ""rating"": 3, ""record_sha256"": ""665248284bfbd5f211934df9d4fa71e617252542ea13e364876b89e3bdd365a2"", ""retrieved_at"": ""2026-07-19"", ""review_created_version"": ""4.11.14"", ""thumbs_up"": 5}"
6aebe7dd1883522b,Google Play Store,app_review,Setmore Appointment Scheduling: rating 1/5,"Unable to log in tried 3 different devices, all it says is ""you do not have sufficient pravalidge "" even tried on pc",https://play.google.com/store/apps/details?id=com.adaptavant.setmore&reviewId=76ebcf22-1079-42d3-909f-10124da96ab4,2025-07-11T19:23:14,appointment scheduling business,"{""app"": ""Setmore Appointment Scheduling"", ""app_id"": ""com.adaptavant.setmore"", ""eligibility_rule"": ""Google Play rating<=3, text>=50, native review ID"", ""native_id"": ""76ebcf22-1079-42d3-909f-10124da96ab4"", ""rating"": 1, ""record_sha256"": ""d30a8e21fb7948779de945a4170828f123da44e898cf8a3a036a11fc90234e89"", ""retrieved_at"": ""2026-07-19"", ""review_created_version"": ""5.30.5704.20250630"", ""thumbs_up"": 1}"
30e498a7367e89b8,Google Play Store,app_review,Setmore Appointment Scheduling: rating 2/5,every 2 days I am having to update. it use to not be that way. Bit much every 48 hrs other than that its ok.,https://play.google.com/store/apps/details?id=com.adaptavant.setmore&reviewId=dc850675-ab3d-483e-b435-ee09a77ea349,2026-05-30T06:10:04,appointment scheduling business,"{""app"": ""Setmore Appointment Scheduling"", ""app_id"": ""com.adaptavant.setmore"", ""eligibility_rule"": ""Google Play rating<=3, text>=50, native review ID"", ""native_id"": ""dc850675-ab3d-483e-b435-ee09a77ea349"", ""rating"": 2, ""record_sha256"": ""1c0202551f7cd14ec280367c0ac3c00d4af5b97cf6a7c6de55492407cc6ca038"", ""retrieved_at"": ""2026-07-19"", ""review_created_version"": ""5.45.5836.20260521"", ""thumbs_up"": 0}"
5564d5d6e9f66b72,Google Play Store,app_review,Setmore Appointment Scheduling: rating 3/5,At first I gave this app 5 stars now its 3 for me because I am not liking the performance of this type of calendar.. I prefer the old one.. I can't see the labels without clicking on an appointment.. and the calendar keeps scrolling pass where I want it to go.. its running too much. I can't see myself using this for too much long because I get uncomfortable using it with this new look sigh.,https://play.google.com/store/apps/details?id=com.adaptavant.setmore&reviewId=58e546b0-65e8-4332-bd6c-a5e47b9f9fda,2024-02-19T17:37:39,appointment scheduling business,"{""app"": ""Setmore Appointment Scheduling"", ""app_id"": ""com.adaptavant.setmore"", ""eligibility_rule"": ""Google Play rating<=3, text>=50, native review ID"", ""native_id"": ""58e546b0-65e8-4332-bd6c-a5e47b9f9fda"", ""rating"": 3, ""record_sha256"": ""1e340464d6d64a58f043c69cff55dc1a17aa4f7003ddcb89ad902b6a333276a2"", ""retrieved_at"": ""2026-07-19"", ""review_created_version"": ""4.2.8.20231127"", ""thumbs_up"": 3}"
2362f453b713ba5d,Google Play Store,app_review,Business Calendar 2 Planner: rating 1/5,"This used to be a good app, but the free version now occasionally displays full screen ads that are nigh impossible to get out of. Edit to respond to the devs: I don't begrudge the fact that the free version needs to be ad-supported at all. I am upset at the fact that it displays these horrid full screen ads that you basically can't get out of until they are done playing, at a time of its own choosing. Make a banner ad or something in the main program and I'd be fine with it.",https://play.google.com/store/apps/details?id=com.appgenix.bizcal&reviewId=ac034f1b-26db-42b7-9a25-9053bdb7bfc2,2026-06-19T17:56:47,appointment scheduling business,"{""app"": ""Business Calendar 2 Planner"", ""app_id"": ""com.appgenix.bizcal"", ""eligibility_rule"": ""Google Play rating<=3, text>=50, native review ID"", ""native_id"": ""ac034f1b-26db-42b7-9a25-9053bdb7bfc2"", ""rating"": 1, ""record_sha256"": ""f2b09ede62416668cd15587bac82f3d7ad60744aeb0ad9ff7f35282cf653221a"", ""retrieved_at"": ""2026-07-19"", ""review_created_version"": ""2.54.1"", ""thumbs_up"": 1}"
24cb6b7afbe18d70,Google Play Store,app_review,Business Calendar 2 Planner: rating 2/5,I have had this app for years and liked it but living in Arizona where we do not change clocks the app doesn't know how to handle it. When the clocks just changed now all of my entries are an hour BEHIND!! HOW DID THAT HAPPEN?!? There is no way to fix it. HELP!!,https://play.google.com/store/apps/details?id=com.appgenix.bizcal&reviewId=d31839af-58d1-4df8-b273-98a058151dba,2026-03-17T21:53:20,appointment scheduling business,"{""app"": ""Business Calendar 2 Planner"", ""app_id"": ""com.appgenix.bizcal"", ""eligibility_rule"": ""Google Play rating<=3, text>=50, native review ID"", ""native_id"": ""d31839af-58d1-4df8-b273-98a058151dba"", ""rating"": 2, ""record_sha256"": ""caf8ea8d5f84c7fd517ca2f1cc0d41b100654e1f0fa4ec201d507a7bb811e117"", ""retrieved_at"": ""2026-07-19"", ""review_created_version"": ""2.50.7"", ""thumbs_up"": 0}"
e10f47670c65b174,Google Play Store,app_review,Business Calendar 2 Planner: rating 3/5,EDIT: Now uninstalled due to persistent sync problems. Have gone back to Google Calendar app which is not as good but syncs consistently. Excellent app. I probably use this app more than any other!,https://play.google.com/store/apps/details?id=com.appgenix.bizcal&reviewId=f49e1538-3b4d-4b63-95c2-41195bd42962,2026-03-24T16:04:00,appointment scheduling business,"{""app"": ""Business Calendar 2 Planner"", ""app_id"": ""com.appgenix.bizcal"", ""eligibility_rule"": ""Google Play rating<=3, text>=50, native review ID"", ""native_id"": ""f49e1538-3b4d-4b63-95c2-41195bd42962"", ""rating"": 3, ""record_sha256"": ""8af2a8eb0b313e7e23fdddee45c5566d471cbe5341297c9162e57ac10631c44b"", ""retrieved_at"": ""2026-07-19"", ""review_created_version"": ""2.53.2"", ""thumbs_up"": 0}"
5dd385b572a8fb09,Google Play Store,app_review,HelloLeads CRM - Sales Tracker: rating 1/5,"Trying to install but couldn't, getting error and I have shared all details",https://play.google.com/store/apps/details?id=com.appgodz.evh&reviewId=0969b19c-46ea-4b11-87de-434b0ceba58a,2021-09-25T18:11:37,small business CRM,"{""app"": ""HelloLeads CRM - Sales Tracker"", ""app_id"": ""com.appgodz.evh"", ""eligibility_rule"": ""Google Play rating<=3, text>=50, native review ID"", ""native_id"": ""0969b19c-46ea-4b11-87de-434b0ceba58a"", ""rating"": 1, ""record_sha256"": ""014b3d92177bf41655b72633a99a7679e5677d636cfc6a7f7f73bf8112d77a8f"", ""retrieved_at"": ""2026-07-19"", ""review_created_version"": null, ""thumbs_up"": 0}"
78af210570f802ec,Google Play Store,app_review,HelloLeads CRM - Sales Tracker: rating 2/5,Good program I do have a problem with auto syncro on helloleads,https://play.google.com/store/apps/details?id=com.appgodz.evh&reviewId=e3b92dba-6a12-4f22-9e9e-1ae855be1207,2021-10-23T13:58:15,small business CRM,"{""app"": ""HelloLeads CRM - Sales Tracker"", ""app_id"": ""com.appgodz.evh"", ""eligibility_rule"": ""Google Play rating<=3, text>=50, native review ID"", ""native_id"": ""e3b92dba-6a12-4f22-9e9e-1ae855be1207"", ""rating"": 2, ""record_sha256"": ""cc659106949ed01b3aac9ea06f07d9974b1f3671138296657296ced153f6fbfa"", ""retrieved_at"": ""2026-07-19"", ""review_created_version"": ""2.0.36"", ""thumbs_up"": 0}"
259f51035d89b039,Google Play Store,app_review,Goldie: Schedule Appointments: rating 1/5,WOW. I've paid for years. They tell me the service i pay for is no longer given techical support. a legacy subscription?? My premium doesn't exist? I've been using this app since it was appointfix and I've paid a lot of money. That being said I can't even publish a damn review? Seriously? You want more money? Wow. Might switch to square since I use them for transactions anyways. Wow a price increase too. Incredible. As if they weren't making enough money. Such is the way of corporate greed.,https://play.google.com/store/apps/details?id=com.appointfix&reviewId=87426c34-9283-4a17-94d7-4432ceedccc8,2026-06-22T20:05:48,appointment scheduling business,"{""app"": ""Goldie: Schedule Appointments"", ""app_id"": ""com.appointfix"", ""eligibility_rule"": ""Google Play rating<=3, text>=50, native review ID"", ""native_id"": ""87426c34-9283-4a17-94d7-4432ceedccc8"", ""rating"": 1, ""record_sha256"": ""0e71280d67acb38de27c0f15bf6c117cebb8eb209e7540cee774e933868903ad"", ""retrieved_at"": ""2026-07-19"", ""review_created_version"": ""56.0.0"", ""thumbs_up"": 6}"
258bbb57535d83ca,Google Play Store,app_review,Goldie: Schedule Appointments: rating 2/5,"In our small business, there are 6 of us doing the work for 5 services, w/40 clients. We experimented w/several platforms before deciding on Goldie. I like **a lot** about their system. The pricing seems fair, the scheduling took some getting used to but we learned it. I really like the way they compile data for me to review, that is helpful for predicting trends, etc. HOWEVER, Friday 11/01, I had a technical issue. It is still (11/05) unresolved, and worse, I cannot speak to anyone by phone.",https://play.google.com/store/apps/details?id=com.appointfix&reviewId=b6d0cc21-e231-43d5-8231-d274ed80f105,2024-11-06T03:19:14,appointment scheduling business,"{""app"": ""Goldie: Schedule Appointments"", ""app_id"": ""com.appointfix"", ""eligibility_rule"": ""Google Play rating<=3, text>=50, native review ID"", ""native_id"": ""b6d0cc21-e231-43d5-8231-d274ed80f105"", ""rating"": 2, ""record_sha256"": ""7bab5e859625ad53bb3b3870807d4dac92a6d6343de98e761537f443862ebf7f"", ""retrieved_at"": ""2026-07-19"", ""review_created_version"": ""23.0.0"", ""thumbs_up"": 8}"
2ef5629c7bfe0cbf,Google Play Store,app_review,Goldie: Schedule Appointments: rating 3/5,best app and very convenient. I can't give them 5 star because of the following: Free version limit of appointments is very small and the prices for the pro version are too expensive...,https://play.google.com/store/apps/details?id=com.appointfix&reviewId=868511dd-0c09-4b7c-83b7-2c495fb56349,2025-10-09T11:47:54,appointment scheduling business,"{""app"": ""Goldie: Schedule Appointments"", ""app_id"": ""com.appointfix"", ""eligibility_rule"": ""Google Play rating<=3, text>=50, native review ID"", ""native_id"": ""868511dd-0c09-4b7c-83b7-2c495fb56349"", ""rating"": 3, ""record_sha256"": ""f658c3c720ef2de4676436bc7007d11c832fd34cdb141889e8be34d0d8a1347f"", ""retrieved_at"": ""2026-07-19"", ""review_created_version"": ""48.2.1"", ""thumbs_up"": 1}"
3481226ec3249ea7,Google Play Store,app_review,HoneyBook - Small Business CRM: rating 1/5,Haven't been able to sign in for weeks. I can sign in fine on desktop.,https://play.google.com/store/apps/details?id=com.honeybook.alfred&reviewId=95acec7d-f88d-4b32-ab2a-8c7c016b000b,2025-09-28T00:56:35,small business CRM,"{""app"": ""HoneyBook - Small Business CRM"", ""app_id"": ""com.honeybook.alfred"", ""eligibility_rule"": ""Google Play rating<=3, text>=50, native review ID"", ""native_id"": ""95acec7d-f88d-4b32-ab2a-8c7c016b000b"", ""rating"": 1, ""record_sha256"": ""95daba079d4d3349347f7ea0b6997a9541c688cf53621747b7dfd6a1d176628a"", ""retrieved_at"": ""2026-07-19"", ""review_created_version"": ""1.50.1"", ""thumbs_up"": 1}"
81861eecb56b9296,Google Play Store,app_review,HoneyBook - Small Business CRM: rating 2/5,"This app for business services appears to be great isn't....taking the monthly fee out of my bank account for ( 3 mos ) membership after the trial 🙄 period was over! I didn't even use the HoneyBook app? And,me being charged (over drafts fees) of $50 each time is Ludacris!!!! I should get my money back for NOT USING THE HB APP,period!!!!",https://play.google.com/store/apps/details?id=com.honeybook.alfred&reviewId=61d42ffe-50d1-427a-9ec8-859ac7178296,2024-10-04T15:43:32,small business CRM,"{""app"": ""HoneyBook - Small Business CRM"", ""app_id"": ""com.honeybook.alfred"", ""eligibility_rule"": ""Google Play rating<=3, text>=50, native review ID"", ""native_id"": ""61d42ffe-50d1-427a-9ec8-859ac7178296"", ""rating"": 2, ""record_sha256"": ""c3981e26a89a5f045d8b66087593f55bd8564a9a9bd6f9215ee8a5cc9bce69cf"", ""retrieved_at"": ""2026-07-19"", ""review_created_version"": ""1.22.26"", ""thumbs_up"": 0}"
a2a973c69da5b6f1,Google Play Store,app_review,HoneyBook - Small Business CRM: rating 3/5,I don't like the Google subscription. I'm unable to upgrade. I had to cancel and now I'm stuck until the 28th until I can upgrade via honeybook. I'm losing money it's super frustrating!!!!!! I just want to upgrade!!!!!!,https://play.google.com/store/apps/details?id=com.honeybook.alfred&reviewId=b9c5d23a-a8ea-430d-872a-2b23e2ca57bd,2026-05-07T22:34:59,small business CRM,"{""app"": ""HoneyBook - Small Business CRM"", ""app_id"": ""com.honeybook.alfred"", ""eligibility_rule"": ""Google Play rating<=3, text>=50, native review ID"", ""native_id"": ""b9c5d23a-a8ea-430d-872a-2b23e2ca57bd"", ""rating"": 3, ""record_sha256"": ""b2e458f2c0e3f2fa72b66f5cfbc4637dc961a070ac687c961e95e5aca9bb1882"", ""retrieved_at"": ""2026-07-19"", ""review_created_version"": ""1.63.1"", ""thumbs_up"": 0}"
2abf75da37e0ee06,Google Play Store,app_review,HubSpot: rating 1/5,"terrible way of adding contacts and deals by mobile app. clunky, poor ui",https://play.google.com/store/apps/details?id=com.hubspot.android&reviewId=aafdeb13-96d6-43d2-92c9-e92f12c51f2c,2026-06-18T08:31:58,small business CRM,"{""app"": ""HubSpot"", ""app_id"": ""com.hubspot.android"", ""eligibility_rule"": ""Google Play rating<=3, text>=50, native review ID"", ""native_id"": ""aafdeb13-96d6-43d2-92c9-e92f12c51f2c"", ""rating"": 1, ""record_sha256"": ""3418d4ac5fb3169fc6f6f9804c9b242a7d8c2818cfc18da9b43eb8269b76a30a"", ""retrieved_at"": ""2026-07-19"", ""review_created_version"": ""4.22.0"", ""thumbs_up"": 0}"
0f0b74d1d2328621,Google Play Store,app_review,HubSpot: rating 2/5,tooooo many data entry points for information gathering.,https://play.google.com/store/apps/details?id=com.hubspot.android&reviewId=9a16b4fe-e65b-49b0-aed1-e7603afa3a88,2025-03-13T02:26:59,small business CRM,"{""app"": ""HubSpot"", ""app_id"": ""com.hubspot.android"", ""eligibility_rule"": ""Google Play rating<=3, text>=50, native review ID"", ""native_id"": ""9a16b4fe-e65b-49b0-aed1-e7603afa3a88"", ""rating"": 2, ""record_sha256"": ""7b3f20d818dc9c097026d420b0a8fd07ead4f8077ad5b94881623ec1dde4ca22"", ""retrieved_at"": ""2026-07-19"", ""review_created_version"": ""3.117.2"", ""thumbs_up"": 1}"
96461bc1bcd44c2f,Google Play Store,app_review,HubSpot: rating 3/5,Very limited with what you can do. Wish I could create or at least see deal invoices but they don't show at all.,https://play.google.com/store/apps/details?id=com.hubspot.android&reviewId=84f7da0b-98ae-4c40-9696-de6eb3720921,2025-11-09T11:09:03,small business CRM,"{""app"": ""HubSpot"", ""app_id"": ""com.hubspot.android"", ""eligibility_rule"": ""Google Play rating<=3, text>=50, native review ID"", ""native_id"": ""84f7da0b-98ae-4c40-9696-de6eb3720921"", ""rating"": 3, ""record_sha256"": ""286ba3b078a5e1a67d1089f2ca72ef6ca18186296f774435036971e9d6ceb2c1"", ""retrieved_at"": ""2026-07-19"", ""review_created_version"": ""3.149.1"", ""thumbs_up"": 2}"
1324ed035d9db7d6,Google Play Store,app_review,Invoice Maker by Invoice Home: rating 1/5,"i dont often write review but this one is deserving of it. do not download, one free invoice thereafter its £££.",https://play.google.com/store/apps/details?id=com.invoicehome.invoicehome&reviewId=d7d94d3b-c4ad-472e-9875-d18ba0a0d7c0,2026-04-30T04:05:10,invoice maker small business,"{""app"": ""Invoice Maker by Invoice Home"", ""app_id"": ""com.invoicehome.invoicehome"", ""eligibility_rule"": ""Google Play rating<=3, text>=50, native review ID"", ""native_id"": ""d7d94d3b-c4ad-472e-9875-d18ba0a0d7c0"", ""rating"": 1, ""record_sha256"": ""fb89f55df5c891f0fe0c11927b1e9eef1b15fc0dad665cd66308325c028ee37b"", ""retrieved_at"": ""2026-07-19"", ""review_created_version"": ""5.8.8"", ""thumbs_up"": 0}"
34ee0d3fae6f3906,Google Play Store,app_review,Invoice Maker by Invoice Home: rating 2/5,Deceiving!!! When you download the app it shows as a free invoicing app. However as soon as you send 5 invoices it will only let you continue if you are willing to pay for a plan. I wish this would have been disclosed BEFORE using the app. As 5 free invoices isnt a free app,https://play.google.com/store/apps/details?id=com.invoicehome.invoicehome&reviewId=ceb0e53e-235c-4005-a38d-698ee69570c7,2026-04-03T06:06:59,invoice maker small business,"{""app"": ""Invoice Maker by Invoice Home"", ""app_id"": ""com.invoicehome.invoicehome"", ""eligibility_rule"": ""Google Play rating<=3, text>=50, native review ID"", ""native_id"": ""ceb0e53e-235c-4005-a38d-698ee69570c7"", ""rating"": 2, ""record_sha256"": ""406fc1a153e458f9583b45afb424045c512911b4d3876197694554c31ced5600"", ""retrieved_at"": ""2026-07-19"", ""review_created_version"": ""5.8.6"", ""thumbs_up"": 13}"
3e94632697be0387,Google Play Store,app_review,Pocket CRM - Customers & Leads: rating 1/5,nonsese using pagination of 10 while loading leads contact list and need to scroll refresh again and again. remove the pagination.,https://play.google.com/store/apps/details?id=com.mindweaver.pocketcrm&reviewId=72a1641e-c84a-4b7d-bd1a-ec7ab84e5019,2026-05-20T11:45:58,small business CRM,"{""app"": ""Pocket CRM - Customers & Leads"", ""app_id"": ""com.mindweaver.pocketcrm"", ""eligibility_rule"": ""Google Play rating<=3, text>=50, native review ID"", ""native_id"": ""72a1641e-c84a-4b7d-bd1a-ec7ab84e5019"", ""rating"": 1, ""record_sha256"": ""5ae1459bf98fb8c1b76e933a3b27ed2b93bdd25ed488b4d39fb7ec9df508fe84"", ""retrieved_at"": ""2026-07-19"", ""review_created_version"": null, ""thumbs_up"": 0}"
5a3c59dc04b55163,Google Play Store,app_review,Pocket CRM - Customers & Leads: rating 2/5,"This App is good, but I can't seem to edit my company details, names, location, bank details and as I have changed the business email.",https://play.google.com/store/apps/details?id=com.mindweaver.pocketcrm&reviewId=047b1ade-cc76-4f1a-85df-7194ee0bf328,2021-04-07T03:33:48,small business CRM,"{""app"": ""Pocket CRM - Customers & Leads"", ""app_id"": ""com.mindweaver.pocketcrm"", ""eligibility_rule"": ""Google Play rating<=3, text>=50, native review ID"", ""native_id"": ""047b1ade-cc76-4f1a-85df-7194ee0bf328"", ""rating"": 2, ""record_sha256"": ""58bf7dcf9c7c6a74feb3ba45ea5b38c3cdf7037a3909d935e50998d865c0036c"", ""retrieved_at"": ""2026-07-19"", ""review_created_version"": ""2.0.1"", ""thumbs_up"": 4}"
cc4ddecf907c95ab,Google Play Store,app_review,Pocket CRM - Customers & Leads: rating 3/5,"When you click option to turn lead into customer or lost, it's doesn't work. Pls do update and fix it.",https://play.google.com/store/apps/details?id=com.mindweaver.pocketcrm&reviewId=c0676113-7fb7-41c4-8a67-b644f4cfb2f7,2022-07-15T15:55:01,small business CRM,"{""app"": ""Pocket CRM - Customers & Leads"", ""app_id"": ""com.mindweaver.pocketcrm"", ""eligibility_rule"": ""Google Play rating<=3, text>=50, native review ID"", ""native_id"": ""c0676113-7fb7-41c4-8a67-b644f4cfb2f7"", ""rating"": 3, ""record_sha256"": ""ebbc088fe8d1af480a697a32136a7fcdd04a756c3234acc2a4c3a0d499c765c6"", ""retrieved_at"": ""2026-07-19"", ""review_created_version"": ""3.2.3"", ""thumbs_up"": 3}"
54c2c875039325c8,Google Play Store,app_review,Square Appointments: Scheduler: rating 1/5,"can't even sign up, I'd verification done by an AI, it doesn't realise I can't re grow my beard in 5 minutes to match my id. then can't deactivate account cos I haven't been verified. help is an AI that just says come back during business hours. and app is difficult to navigate.",https://play.google.com/store/apps/details?id=com.squareup.apos&reviewId=73071f63-35be-4710-a4b4-67555fdc44df,2026-07-12T08:59:49,appointment scheduling business,"{""app"": ""Square Appointments: Scheduler"", ""app_id"": ""com.squareup.apos"", ""eligibility_rule"": ""Google Play rating<=3, text>=50, native review ID"", ""native_id"": ""73071f63-35be-4710-a4b4-67555fdc44df"", ""rating"": 1, ""record_sha256"": ""d70d0c12058860327d26a54129d632637dd2935dae34ee6b394b9be1b259ce79"", ""retrieved_at"": ""2026-07-19"", ""review_created_version"": ""7.15"", ""thumbs_up"": 1}"
2f88511fa0330037,Google Play Store,app_review,Square Appointments: Scheduler: rating 2/5,discount code part sucks. they can use them just not check themselves out using discount. which means more work for me.,https://play.google.com/store/apps/details?id=com.squareup.apos&reviewId=005ad72a-ceac-46f5-bbaa-72d10ba00886,2025-10-07T07:32:16,appointment scheduling business,"{""app"": ""Square Appointments: Scheduler"", ""app_id"": ""com.squareup.apos"", ""eligibility_rule"": ""Google Play rating<=3, text>=50, native review ID"", ""native_id"": ""005ad72a-ceac-46f5-bbaa-72d10ba00886"", ""rating"": 2, ""record_sha256"": ""9d8a18aa18554301e19bc586829a9d73db09d82f7dcb01fae6a498d0edb04a71"", ""retrieved_at"": ""2026-07-19"", ""review_created_version"": ""6.79"", ""thumbs_up"": 0}"
87cb394bdbae4181,Google Play Store,app_review,Square Appointments: Scheduler: rating 3/5,"need to offer options for ""weeks"" when scheduling return appointments instead of having to count down manually.",https://play.google.com/store/apps/details?id=com.squareup.apos&reviewId=c7335476-1d9d-49f9-8efb-5b31040a3efc,2026-06-12T21:30:05,appointment scheduling business,"{""app"": ""Square Appointments: Scheduler"", ""app_id"": ""com.squareup.apos"", ""eligibility_rule"": ""Google Play rating<=3, text>=50, native review ID"", ""native_id"": ""c7335476-1d9d-49f9-8efb-5b31040a3efc"", ""rating"": 3, ""record_sha256"": ""fa103da9806c99e7e6306e6c7039aabc3c6c68681bff242cd1a5b2fdc6ac1862"", ""retrieved_at"": ""2026-07-19"", ""review_created_version"": ""7.11"", ""thumbs_up"": 0}"
ad69fb7fef0f8baf,Google Play Store,app_review,Zoho CRM - Sales & Marketing: rating 1/5,"After an update, nothing in the app works properly.",https://play.google.com/store/apps/details?id=com.zoho.crm&reviewId=3fe68702-449d-4c75-beef-29875af039e1,2026-05-27T22:49:14,small business CRM,"{""app"": ""Zoho CRM - Sales & Marketing"", ""app_id"": ""com.zoho.crm"", ""eligibility_rule"": ""Google Play rating<=3, text>=50, native review ID"", ""native_id"": ""3fe68702-449d-4c75-beef-29875af039e1"", ""rating"": 1, ""record_sha256"": ""6a8ae52f85b6cbdbe93f4ee3265654b8c22618e7ae0601f150fcf249aef9e932"", ""retrieved_at"": ""2026-07-19"", ""review_created_version"": ""3.6.54"", ""thumbs_up"": 2}"
a837a8837fcd4349,Google Play Store,app_review,Zoho CRM - Sales & Marketing: rating 2/5,Samsung UI error: Zoho CRM was closed because this app has a bug. Try updating this app after developer publish a bug free version.,https://play.google.com/store/apps/details?id=com.zoho.crm&reviewId=1c81b7a5-4856-444d-945f-ac980a9814c1,2024-01-29T11:18:14,small business CRM,"{""app"": ""Zoho CRM - Sales & Marketing"", ""app_id"": ""com.zoho.crm"", ""eligibility_rule"": ""Google Play rating<=3, text>=50, native review ID"", ""native_id"": ""1c81b7a5-4856-444d-945f-ac980a9814c1"", ""rating"": 2, ""record_sha256"": ""b77c9d3982f7f51bbfc22ad435b4d2fb5b31b92e6376ea1ba52d3bbcda49b36a"", ""retrieved_at"": ""2026-07-19"", ""review_created_version"": null, ""thumbs_up"": 1}"
c7b970ca452cbadb,Google Play Store,app_review,Zoho CRM - Sales & Marketing: rating 3/5,app is good but facing problem regarding when I select visit date like 25 April it reflects same data with other date like 26 april 27 april kindly rectify it thanks,https://play.google.com/store/apps/details?id=com.zoho.crm&reviewId=2c8eefe0-5fa2-41f6-828c-57a06c611792,2025-04-23T19:23:09,small business CRM,"{""app"": ""Zoho CRM - Sales & Marketing"", ""app_id"": ""com.zoho.crm"", ""eligibility_rule"": ""Google Play rating<=3, text>=50, native review ID"", ""native_id"": ""2c8eefe0-5fa2-41f6-828c-57a06c611792"", ""rating"": 3, ""record_sha256"": ""ed1fa9921e083c4e1ecffde82d74fefffc45261d63556db6421e0c511d331e87"", ""retrieved_at"": ""2026-07-19"", ""review_created_version"": ""3.6.28.1"", ""thumbs_up"": 3}"
36f856b2c23d3960,Google Play Store,app_review,Zoho Invoice - Invoice Maker: rating 1/5,It is forcing me to switch to Zoho Books even thoigh I don't want to. as soon as I open the app the banner is there. no close button too. have uninstalled it and again installed thinking it might be a bug. have forced stop too. nothing happening. very annoying. kindly rectify asap.,https://play.google.com/store/apps/details?id=com.zoho.invoice&reviewId=380e63af-f6c5-4fb7-bb37-dce1e9f92fab,2026-03-14T00:18:58,invoice maker small business,"{""app"": ""Zoho Invoice - Invoice Maker"", ""app_id"": ""com.zoho.invoice"", ""eligibility_rule"": ""Google Play rating<=3, text>=50, native review ID"", ""native_id"": ""380e63af-f6c5-4fb7-bb37-dce1e9f92fab"", ""rating"": 1, ""record_sha256"": ""1dcc59dd753f95f041b4d44c2f241c8497f8f2447c0f08845b24e92b5588583f"", ""retrieved_at"": ""2026-07-19"", ""review_created_version"": ""6.4.16"", ""thumbs_up"": 9}"
410c1e08c268c7e7,Google Play Store,app_review,Zoho Invoice - Invoice Maker: rating 2/5,"Couldn't get past the introductory pages. ""Something went wrong please try later"" Xiaomi Redmi 10C",https://play.google.com/store/apps/details?id=com.zoho.invoice&reviewId=7ad74cdd-dc3c-44d3-802a-33fd475e40d7,2024-10-30T02:27:16,invoice maker small business,"{""app"": ""Zoho Invoice - Invoice Maker"", ""app_id"": ""com.zoho.invoice"", ""eligibility_rule"": ""Google Play rating<=3, text>=50, native review ID"", ""native_id"": ""7ad74cdd-dc3c-44d3-802a-33fd475e40d7"", ""rating"": 2, ""record_sha256"": ""985e84addef83a8495e14358d013c3e42779dbe61b30fb8b705409c691adc305"", ""retrieved_at"": ""2026-07-19"", ""review_created_version"": null, ""thumbs_up"": 0}"
80ae6f1aac45aeb3,Google Play Store,app_review,Invoice Maker - Invoice Fly: rating 1/5,"Any app masquerading as free but then requires you to pay in order to do ANYTHING once your design is finished deserves bankruptcy. And your pricing? You will be gone soon. Lets just pray the next app devs have a slice of common sense. Id rather chew glass than give you money after introducing your pay wall at the very end of a project. If i could give 0 stars, I honestly would.",https://play.google.com/store/apps/details?id=io.labhouse.invoicesapp&reviewId=02ac8a9e-5c20-43ce-a204-b724bb09cb75,2026-06-12T01:28:44,invoice maker small business,"{""app"": ""Invoice Maker - Invoice Fly"", ""app_id"": ""io.labhouse.invoicesapp"", ""eligibility_rule"": ""Google Play rating<=3, text>=50, native review ID"", ""native_id"": ""02ac8a9e-5c20-43ce-a204-b724bb09cb75"", ""rating"": 1, ""record_sha256"": ""0ffdd318d077d88b2357ac88fe03f4718c41024a0a5fcbecddca987514f610bb"", ""retrieved_at"": ""2026-07-19"", ""review_created_version"": ""2.31.0"", ""thumbs_up"": 4}"
43a9b86d8184e72c,Google Play Store,app_review,Invoice Maker - Invoice Fly: rating 2/5,when you watch the video of this app it makes it seem like you can snap a picture of whatever you're fixing for the customer construction wise and it gives you an automatic estimate which it does not do I feel it's false advertisement for this app,https://play.google.com/store/apps/details?id=io.labhouse.invoicesapp&reviewId=024feea9-34c6-4f86-aec8-998975923050,2025-09-23T08:57:41,invoice maker small business,"{""app"": ""Invoice Maker - Invoice Fly"", ""app_id"": ""io.labhouse.invoicesapp"", ""eligibility_rule"": ""Google Play rating<=3, text>=50, native review ID"", ""native_id"": ""024feea9-34c6-4f86-aec8-998975923050"", ""rating"": 2, ""record_sha256"": ""a5ba233b74ff9b4b3f0372abd178c85077412de20d284a9f27cbb81e8e4121ac"", ""retrieved_at"": ""2026-07-19"", ""review_created_version"": ""2.2.0"", ""thumbs_up"": 8}"
e44152ef61049f7f,Google Play Store,app_review,Invoice Maker - Invoice Fly: rating 3/5,I am just now trying this Invoice App. I will leave a better review later,https://play.google.com/store/apps/details?id=io.labhouse.invoicesapp&reviewId=7052ccb5-9a24-4992-b161-38c6eef90126,2026-06-11T12:05:25,invoice maker small business,"{""app"": ""Invoice Maker - Invoice Fly"", ""app_id"": ""io.labhouse.invoicesapp"", ""eligibility_rule"": ""Google Play rating<=3, text>=50, native review ID"", ""native_id"": ""7052ccb5-9a24-4992-b161-38c6eef90126"", ""rating"": 3, ""record_sha256"": ""f1e8dda3d4956c28bd578e228ffc5fec9bb98a8b5ddc365ef0b50a5690af91dd"", ""retrieved_at"": ""2026-07-19"", ""review_created_version"": ""2.31.0"", ""thumbs_up"": 0}"
47b762880c2fd20f,Google Play Store,app_review,Freebie Invoice Maker Simple: rating 1/5,"Claims to be ""free"" and used to be free. now it only allows ""5 Invoices a year"" for their ""free plan"" what a total scam.",https://play.google.com/store/apps/details?id=app.invoice_maker&reviewId=ae36e6df-272a-4867-a178-6ca9f096235a,2026-01-08T22:44:10,invoice maker small business,"{""app"": ""Freebie Invoice Maker Simple"", ""app_id"": ""app.invoice_maker"", ""eligibility_rule"": ""Google Play rating<=3, text>=50, native review ID"", ""native_id"": ""ae36e6df-272a-4867-a178-6ca9f096235a"", ""rating"": 1, ""record_sha256"": ""428d742cd9abffb175f0b38d37833d051a04f823785a8c48b60612fafc78ed11"", ""retrieved_at"": ""2026-07-19"", ""review_created_version"": ""3.1.1"", ""thumbs_up"": 5}"
79580804c86602b1,Google Play Store,app_review,Freebie Invoice Maker Simple: rating 2/5,free examples templates wanted work without a new account and fee charge s. 🏡😭,https://play.google.com/store/apps/details?id=app.invoice_maker&reviewId=bfb08bf9-2371-47ff-8bf0-27e9d8cddc51,2024-04-19T21:50:36,invoice maker small business,"{""app"": ""Freebie Invoice Maker Simple"", ""app_id"": ""app.invoice_maker"", ""eligibility_rule"": ""Google Play rating<=3, text>=50, native review ID"", ""native_id"": ""bfb08bf9-2371-47ff-8bf0-27e9d8cddc51"", ""rating"": 2, ""record_sha256"": ""176abb1a99f2150f08c0e155c21e2ec3d33cdbed9b4a5f14bf19b7825dc00aa6"", ""retrieved_at"": ""2026-07-19"", ""review_created_version"": null, ""thumbs_up"": 0}"
72a1c445787a15ba,Google Play Store,app_review,Invoice Simple: Invoice Maker: rating 1/5,They changed the subcription charges from 799 to 2k plus all of a sudden ...,https://play.google.com/store/apps/details?id=com.aadhk.woinvoice&reviewId=b6bdb851-7fdb-412a-9a79-e08989ecf442,2026-06-24T19:41:57,invoice maker small business,"{""app"": ""Invoice Simple: Invoice Maker"", ""app_id"": ""com.aadhk.woinvoice"", ""eligibility_rule"": ""Google Play rating<=3, text>=50, native review ID"", ""native_id"": ""b6bdb851-7fdb-412a-9a79-e08989ecf442"", ""rating"": 1, ""record_sha256"": ""f0c99b7369bc7773d7f81c95a0f942a5c32bfce4a743f1e8d0b65b8cc604cc61"", ""retrieved_at"": ""2026-07-19"", ""review_created_version"": ""6.5.1"", ""thumbs_up"": 0}"
74821e1737eb8cc6,Google Play Store,app_review,Invoice Simple: Invoice Maker: rating 2/5,sick of the price going up all the time its becoming a con been using this app for the past 8 years,https://play.google.com/store/apps/details?id=com.aadhk.woinvoice&reviewId=104011f3-370b-4738-8544-7b852b2683f1,2026-06-21T04:35:12,invoice maker small business,"{""app"": ""Invoice Simple: Invoice Maker"", ""app_id"": ""com.aadhk.woinvoice"", ""eligibility_rule"": ""Google Play rating<=3, text>=50, native review ID"", ""native_id"": ""104011f3-370b-4738-8544-7b852b2683f1"", ""rating"": 2, ""record_sha256"": ""108925032d7d929ca6700279863c382e503fc2dbe4329f0507de23e7dec9f5c6"", ""retrieved_at"": ""2026-07-19"", ""review_created_version"": ""6.4.1"", ""thumbs_up"": 1}"
18eedce474ad8f92,Google Play Store,app_review,Acuity: Appointment Scheduling: rating 1/5,"Sad Squarespace. Nothing works after this update, that happened weeks ago. I've used it for over 8 years. Now it barely signs me in—and the client interface has made my clients start calling me to schedule because it's so difficult to navigate or simply doesn't work. Absolutely horrible. update immediately please 🙏 The double sign in is awful to start and I have to close the app completely sometimes because it freezes.",https://play.google.com/store/apps/details?id=com.acuityscheduling.app.android&reviewId=94530b76-9046-46cf-8c16-3c3fbd7901ed,2026-03-18T20:08:18,appointment scheduling business,"{""app"": ""Acuity: Appointment Scheduling"", ""app_id"": ""com.acuityscheduling.app.android"", ""eligibility_rule"": ""Google Play rating<=3, text>=50, native review ID"", ""native_id"": ""94530b76-9046-46cf-8c16-3c3fbd7901ed"", ""rating"": 1, ""record_sha256"": ""f2b5252d03aaff41eac3d27fa9d190ac38ccdce3867bf9d8ea0ee6b6d1792d67"", ""retrieved_at"": ""2026-07-19"", ""review_created_version"": ""76.0.0"", ""thumbs_up"": 4}"
5c1cad20760ec5fd,Google Play Store,app_review,Acuity: Appointment Scheduling: rating 2/5,"Not enough payment options for clients to book, and worst of all: my business often times goes very late into the night, but the schedule won't allow any appointment slots from PM hours through past midnight hours. The appointments MUST be all during A.M. hours or all during P.M. hours. Very frustrating for my night owl collected ago need to book slots that will span beyond midnight. I'm moving away from this app.",https://play.google.com/store/apps/details?id=com.acuityscheduling.app.android&reviewId=5867fd66-917b-4b80-a17f-181cc0adb7dc,2025-11-12T05:02:33,appointment scheduling business,"{""app"": ""Acuity: Appointment Scheduling"", ""app_id"": ""com.acuityscheduling.app.android"", ""eligibility_rule"": ""Google Play rating<=3, text>=50, native review ID"", ""native_id"": ""5867fd66-917b-4b80-a17f-181cc0adb7dc"", ""rating"": 2, ""record_sha256"": ""072fcb3d5c2c22a14b4ffbd6a85ecd08150e60c18427b4939851d471a99ede48"", ""retrieved_at"": ""2026-07-19"", ""review_created_version"": ""66.1.0"", ""thumbs_up"": 0}"
3c87f5eeb2bca4e4,Google Play Store,app_review,Acuity: Appointment Scheduling: rating 3/5,"App had been functioning well for a while, but since the latest update it won't open rendering it useless. Uninstalled, reinstalled, reset password, still can't log in. new update please.",https://play.google.com/store/apps/details?id=com.acuityscheduling.app.android&reviewId=23733e3b-c6b4-4aee-9a62-b2eca04400dc,2025-06-21T21:53:06,appointment scheduling business,"{""app"": ""Acuity: Appointment Scheduling"", ""app_id"": ""com.acuityscheduling.app.android"", ""eligibility_rule"": ""Google Play rating<=3, text>=50, native review ID"", ""native_id"": ""23733e3b-c6b4-4aee-9a62-b2eca04400dc"", ""rating"": 3, ""record_sha256"": ""bbd62e104132cbe81151f88bbabc262a6f35a6982a1a1ee5cec2584fd7c40616"", ""retrieved_at"": ""2026-07-19"", ""review_created_version"": ""52.0.0"", ""thumbs_up"": 2}"
78c939f3b27bd778,Google Play Store,app_review,Setmore Appointment Scheduling: rating 1/5,"Very poor experience with both the app and customer service. We are having a major issue with customers booking appointments, and it is creating real problems for our business. The issue happens in the app and also on two different browsers, which should have been enough for customer service to take it seriously. Instead, they brushed me off and blamed my browser. They did not properly investigate. They did not test the issue. They did not ask enough questions to understand what was happening",https://play.google.com/store/apps/details?id=com.adaptavant.setmore&reviewId=afc75872-b74a-4e6a-9182-92df4129fc46,2026-05-24T00:58:27,appointment scheduling business,"{""app"": ""Setmore Appointment Scheduling"", ""app_id"": ""com.adaptavant.setmore"", ""eligibility_rule"": ""Google Play rating<=3, text>=50, native review ID"", ""native_id"": ""afc75872-b74a-4e6a-9182-92df4129fc46"", ""rating"": 1, ""record_sha256"": ""43c8ff2ae051dac6d4a73a869163018aa83939964e7213a2b4ea7c883766557f"", ""retrieved_at"": ""2026-07-19"", ""review_created_version"": ""5.29.5699.20250602"", ""thumbs_up"": 0}"
362644bf6eb32221,Google Play Store,app_review,Setmore Appointment Scheduling: rating 2/5,"The latest update wont work, message telling me not compatible with my device, never had a problem up until this latest update now I can't get into my booking page at all.",https://play.google.com/store/apps/details?id=com.adaptavant.setmore&reviewId=528ad8ab-3b48-47f7-af0e-ec9b8809d1b4,2025-04-23T11:41:42,appointment scheduling business,"{""app"": ""Setmore Appointment Scheduling"", ""app_id"": ""com.adaptavant.setmore"", ""eligibility_rule"": ""Google Play rating<=3, text>=50, native review ID"", ""native_id"": ""528ad8ab-3b48-47f7-af0e-ec9b8809d1b4"", ""rating"": 2, ""record_sha256"": ""6ac79aad44440247fc25040d654a63959215c2d6c1f71f771bc958f5edebb835"", ""retrieved_at"": ""2026-07-19"", ""review_created_version"": ""5.15.5609.20241211"", ""thumbs_up"": 2}"
cf43c20b5e060f84,Google Play Store,app_review,Setmore Appointment Scheduling: rating 3/5,"I no longer get my notifications unless I open the app. And when and if I do get notifications, it's like days or hours late. Please fix!",https://play.google.com/store/apps/details?id=com.adaptavant.setmore&reviewId=d1a4ab86-4474-4420-83c7-5efc3291872a,2024-02-02T02:02:43,appointment scheduling business,"{""app"": ""Setmore Appointment Scheduling"", ""app_id"": ""com.adaptavant.setmore"", ""eligibility_rule"": ""Google Play rating<=3, text>=50, native review ID"", ""native_id"": ""d1a4ab86-4474-4420-83c7-5efc3291872a"", ""rating"": 3, ""record_sha256"": ""ece7c9525d4c7a1b0ace740164fade4b759d1bc2bb01751bc3ffa7bfafe3ce83"", ""retrieved_at"": ""2026-07-19"", ""review_created_version"": ""4.2.10.20240117"", ""thumbs_up"": 0}"
39b3b4ab2daf75c7,Google Play Store,app_review,Business Calendar 2 Planner: rating 1/5,Why would I pay a monthly subscription for a calendar app? y'all done lost your mind. every basic feature is locked behind a monthly (or annual) subscription,https://play.google.com/store/apps/details?id=com.appgenix.bizcal&reviewId=113692c9-0e87-470f-9068-6b8b96dee83a,2026-07-15T07:36:25,appointment scheduling business,"{""app"": ""Business Calendar 2 Planner"", ""app_id"": ""com.appgenix.bizcal"", ""eligibility_rule"": ""Google Play rating<=3, text>=50, native review ID"", ""native_id"": ""113692c9-0e87-470f-9068-6b8b96dee83a"", ""rating"": 1, ""record_sha256"": ""8d016a5a2700154d18e7a96c1f2455f969c854181f8e37eefffd00728ee236db"", ""retrieved_at"": ""2026-07-19"", ""review_created_version"": null, ""thumbs_up"": 0}"
304230bfceba3602,Google Play Store,app_review,Business Calendar 2 Planner: rating 2/5,the free version now has giant pop up ads and removed the event template.,https://play.google.com/store/apps/details?id=com.appgenix.bizcal&reviewId=dd1001fa-81ce-4565-9138-095512ef4b11,2026-03-16T13:21:21,appointment scheduling business,"{""app"": ""Business Calendar 2 Planner"", ""app_id"": ""com.appgenix.bizcal"", ""eligibility_rule"": ""Google Play rating<=3, text>=50, native review ID"", ""native_id"": ""dd1001fa-81ce-4565-9138-095512ef4b11"", ""rating"": 2, ""record_sha256"": ""905030e79fc3892750a7dc84f77607ddb7b04a5cf99f22ed16a5538ec6a1a56c"", ""retrieved_at"": ""2026-07-19"", ""review_created_version"": ""2.53.9"", ""thumbs_up"": 1}"
f95c59214f3b4b2a,Google Play Store,app_review,Business Calendar 2 Planner: rating 3/5,"all around love it, use it daily and rely on its widget heavily - that is my complaint though: it won't sync cancelled events from my organization's outlook until a day or two later, I've showed up to meetings that had been cancelled because I'm relying on Businesses Calendar to sync correctly and it hasn't, even meetings that were cancelled over hours ago still won't update, even when I click ""refresh"". It will only fetch data once per hour too according to the settings",https://play.google.com/store/apps/details?id=com.appgenix.bizcal&reviewId=93c8927b-c4e2-4528-af6f-84ce5fcaf6c7,2026-03-18T23:55:18,appointment scheduling business,"{""app"": ""Business Calendar 2 Planner"", ""app_id"": ""com.appgenix.bizcal"", ""eligibility_rule"": ""Google Play rating<=3, text>=50, native review ID"", ""native_id"": ""93c8927b-c4e2-4528-af6f-84ce5fcaf6c7"", ""rating"": 3, ""record_sha256"": ""9cc154cf9b0cc5794fe4d472c7779a2d09e2c8127dbacb9d475232d65d12a08e"", ""retrieved_at"": ""2026-07-19"", ""review_created_version"": ""2.53.2"", ""thumbs_up"": 0}"
83ce740cc9c679b6,Google Play Store,app_review,HelloLeads CRM - Sales Tracker: rating 1/5,"Always synchronizing even with just contacts. Can't send mails or bulk SMS directly from Within the App. Don't redirect me to a third party app. Let me send mails from within the app. Stop endless synchronizing. Let me send messages through social media like IG TG, TK etc",https://play.google.com/store/apps/details?id=com.appgodz.evh&reviewId=403aac74-c994-4ab9-84a8-55e9aeb254c4,2023-06-17T16:03:13,small business CRM,"{""app"": ""HelloLeads CRM - Sales Tracker"", ""app_id"": ""com.appgodz.evh"", ""eligibility_rule"": ""Google Play rating<=3, text>=50, native review ID"", ""native_id"": ""403aac74-c994-4ab9-84a8-55e9aeb254c4"", ""rating"": 1, ""record_sha256"": ""635c82c93922d1e9694d42ef799fc21bf88ca4f87f2b77e8647c8e3067198fed"", ""retrieved_at"": ""2026-07-19"", ""review_created_version"": ""2.4.3"", ""thumbs_up"": 5}"
a2c3e34a1782cfde,Google Play Store,app_review,HelloLeads CRM - Sales Tracker: rating 2/5,"Sketchy Pricing, website show $4, but app shows $7.",https://play.google.com/store/apps/details?id=com.appgodz.evh&reviewId=da268f7e-a10b-4ec1-b37e-e34469742bea,2024-07-19T11:45:45,small business CRM,"{""app"": ""HelloLeads CRM - Sales Tracker"", ""app_id"": ""com.appgodz.evh"", ""eligibility_rule"": ""Google Play rating<=3, text>=50, native review ID"", ""native_id"": ""da268f7e-a10b-4ec1-b37e-e34469742bea"", ""rating"": 2, ""record_sha256"": ""af8ff68df8e94f1c35312b0b5e52d67642c3067f81b02e4b60a567a0b70dfa72"", ""retrieved_at"": ""2026-07-19"", ""review_created_version"": ""2.5.29"", ""thumbs_up"": 2}"
281c25a700999199,Google Play Store,app_review,Goldie: Schedule Appointments: rating 1/5,"horrible customer support, the app goes through random phases where it won't sync between employees on the app, and it will just take off appointments. have been using for 4 years and am seriously looking at going with a different scheduling system",https://play.google.com/store/apps/details?id=com.appointfix&reviewId=af81a302-523c-44f7-a1bb-d13f5a932acf,2025-07-17T20:32:26,appointment scheduling business,"{""app"": ""Goldie: Schedule Appointments"", ""app_id"": ""com.appointfix"", ""eligibility_rule"": ""Google Play rating<=3, text>=50, native review ID"", ""native_id"": ""af81a302-523c-44f7-a1bb-d13f5a932acf"", ""rating"": 1, ""record_sha256"": ""23e9ed7886806e13aa1251af4952e99a90e3dc8ea23dc77e52b42922104d870c"", ""retrieved_at"": ""2026-07-19"", ""review_created_version"": ""7.4.2"", ""thumbs_up"": 1}"
27b18833b73392b6,Google Play Store,app_review,Goldie: Schedule Appointments: rating 2/5,Would of kept at 5 stars. But today went to add a new client and wanted to repeat the appointment BUT YOU NOW CANT UNLESS YOU GO PRO. What the hell taking away options that were always free and now taking them away. Ill be looking for a new app thanks after 2years.,https://play.google.com/store/apps/details?id=com.appointfix&reviewId=06b21919-0847-48ce-bffe-9b9244a765ff,2024-03-08T11:56:35,appointment scheduling business,"{""app"": ""Goldie: Schedule Appointments"", ""app_id"": ""com.appointfix"", ""eligibility_rule"": ""Google Play rating<=3, text>=50, native review ID"", ""native_id"": ""06b21919-0847-48ce-bffe-9b9244a765ff"", ""rating"": 2, ""record_sha256"": ""c0cad801ed097e9d0b5e2bb623ef1ceed660da7243cd040e299dc4c9f797f8d1"", ""retrieved_at"": ""2026-07-19"", ""review_created_version"": ""15.9.1"", ""thumbs_up"": 1}"
6293ea00d60a195e,Google Play Store,app_review,Goldie: Schedule Appointments: rating 3/5,"Loving this app, simple to use and ideal for my needs. However the updates every few days is getting annoying, it has more updates than most games. Updates are great but keep them to a minimum.",https://play.google.com/store/apps/details?id=com.appointfix&reviewId=0b538d46-486c-4ee7-9968-b2d2b12c5096,2024-10-25T14:39:50,appointment scheduling business,"{""app"": ""Goldie: Schedule Appointments"", ""app_id"": ""com.appointfix"", ""eligibility_rule"": ""Google Play rating<=3, text>=50, native review ID"", ""native_id"": ""0b538d46-486c-4ee7-9968-b2d2b12c5096"", ""rating"": 3, ""record_sha256"": ""058d6c43a2c0f7376fcaffd178552df9196f88f15c628037aa1def6585226598"", ""retrieved_at"": ""2026-07-19"", ""review_created_version"": ""21.3.0"", ""thumbs_up"": 1}"
402d7cf4431b02ab,Google Play Store,app_review,HoneyBook - Small Business CRM: rating 1/5,Not pulling up my projects or notifications. Just spinning and spinning. Closing it out and reopening doesn't help. Getting expensive. Lots of bugs. Will not let me paste my contracts. Annoying for what I pay monthly. Looking for a new platform.,https://play.google.com/store/apps/details?id=com.honeybook.alfred&reviewId=9b9b5ef3-b1de-47e4-b04d-428c52cb3d70,2025-05-01T19:55:31,small business CRM,"{""app"": ""HoneyBook - Small Business CRM"", ""app_id"": ""com.honeybook.alfred"", ""eligibility_rule"": ""Google Play rating<=3, text>=50, native review ID"", ""native_id"": ""9b9b5ef3-b1de-47e4-b04d-428c52cb3d70"", ""rating"": 1, ""record_sha256"": ""cb47a5bd3e1edcade8c417204818ffc4773f159401b72b2c9698595421f2c0f8"", ""retrieved_at"": ""2026-07-19"", ""review_created_version"": ""1.38.0"", ""thumbs_up"": 0}"
871e509616400aff,Google Play Store,app_review,HoneyBook - Small Business CRM: rating 2/5,"This app used to be really great and affordable for small business owners. I'm looking for a replacement, because at this point I don't see the value. I pay monthly to use the service, even when I don't have business. Then, when I finally get a client, an additional $82 is charged to process the credit card payment. I truly appreciate the templates and client management resources, but not at the rate they are charging. Not with all the glitches, either... I'd recommend finding something else.",https://play.google.com/store/apps/details?id=com.honeybook.alfred&reviewId=c91cc5ea-cc74-40b6-af67-8e73630db4fa,2023-07-26T23:19:45,small business CRM,"{""app"": ""HoneyBook - Small Business CRM"", ""app_id"": ""com.honeybook.alfred"", ""eligibility_rule"": ""Google Play rating<=3, text>=50, native review ID"", ""native_id"": ""c91cc5ea-cc74-40b6-af67-8e73630db4fa"", ""rating"": 2, ""record_sha256"": ""a33cfd310c4f21ff1660253e56b851a04dfc65cde686056dbb32bce77e2de07d"", ""retrieved_at"": ""2026-07-19"", ""review_created_version"": ""1.17.30"", ""thumbs_up"": 7}"
0dbd153e8132e542,Apple App Store,app_review,Square Appointments: Scheduler: Worst experience ever,I have had nothing but issues with this app since I purchased the service. Nonstop issues with not being able to take payment. I am constantly having to uninstall and reinstall the app just for it to work. The tipping option gets turned off every single time I do that. Even if I don’t have to uninstall and reinstall. And don’t even get me started on how horrible the customer services nobody knows anything about what they’re talking about and they are very rude and unwilling to help fix anything. My advice find another software that does this cause this one is not it.,https://itunes.apple.com/us/review?id=1023050786&type=Purple%20Software,2026-04-21T11:04:06-07:00,appointment scheduling business,"{""app"": ""Square Appointments: Scheduler"", ""app_id"": ""1023050786"", ""eligibility_rule"": ""Apple rating<=3; 3-star requires pain marker; text>=50; native review ID"", ""native_id"": ""13982458628"", ""rating"": ""1"", ""record_sha256"": ""b87416721ff6c76d3f31552ea8e348310d89f30a1ac6fa05525ae87f6e6e9f45"", ""retrieved_at"": ""2026-07-19"", ""version"": ""7.3""}"
31381956432559e5,Apple App Store,app_review,Square Appointments: Scheduler: Very disappointed with Square.,"A customer paid me for a service, but the funds were transferred to a bank account that does not exist. Square still marked the payment as if I had received the money. Trying to do the right thing, I refunded my customer. As a result, my Square balance is now negative, and I supposedly owe money that I never actually received in the first place. I am now being held responsible for funds that were never deposited into my account. This experience has been extremely frustrating, and I hope Square resolves this issue as soon as possible.",https://itunes.apple.com/us/review?id=1023050786&type=Purple%20Software,2026-06-03T06:55:38-07:00,appointment scheduling business,"{""app"": ""Square Appointments: Scheduler"", ""app_id"": ""1023050786"", ""eligibility_rule"": ""Apple rating<=3; 3-star requires pain marker; text>=50; native review ID"", ""native_id"": ""14139193776"", ""rating"": ""3"", ""record_sha256"": ""726acc88ea87b6152eb88ebf61854ad17b68e8a5d466ba94e1ebac7f49a90185"", ""retrieved_at"": ""2026-07-19"", ""version"": ""7.10""}"
4dd2317a6727ca95,Apple App Store,app_review,Goldie: Appointment Scheduling: $1.20 is a joke!,They have recently started charging my clients for making the appointments. What a shame I feel for that. There’s no option to cover this $1.20 as a business owner. As of now I consider to replace the booking app. Otherwise the app is amazing!,https://itunes.apple.com/us/review?id=1068911190&type=Purple%20Software,2026-05-10T13:00:03-07:00,appointment scheduling business,"{""app"": ""Goldie: Appointment Scheduling"", ""app_id"": ""1068911190"", ""eligibility_rule"": ""Apple rating<=3; 3-star requires pain marker; text>=50; native review ID"", ""native_id"": ""14050222017"", ""rating"": ""1"", ""record_sha256"": ""0fac6ba72dfc61a1f7cdfd091f096d86baba7539abdd04fc916100edcbd4ff22"", ""retrieved_at"": ""2026-07-19"", ""version"": ""55.1.1""}"
7e25177b4ca1ab30,Apple App Store,app_review,Goldie: Appointment Scheduling: What’s happening?,I’m a Goldie user of four years and I’ve loved their app but recently they’ve been making unnecessary updates. They made it to where clients have to pay an extra payment fee? A lot of of my clients are not happy with this. I hope they update their app. If not….bye bye Goldie,https://itunes.apple.com/us/review?id=1068911190&type=Purple%20Software,2026-05-21T06:07:14-07:00,appointment scheduling business,"{""app"": ""Goldie: Appointment Scheduling"", ""app_id"": ""1068911190"", ""eligibility_rule"": ""Apple rating<=3; 3-star requires pain marker; text>=50; native review ID"", ""native_id"": ""14089229428"", ""rating"": ""2"", ""record_sha256"": ""ebd610828cfcffc79e6596a0def51801188c2cbc15143b84a383907557f7daba"", ""retrieved_at"": ""2026-07-19"", ""version"": ""55.3.0""}"
409c71b79286ece9,Apple App Store,app_review,HoneyBook - Small Business CRM: Awful. Just use a different CRM. Honeybook is a waste of money.,They will not resolve issues for you. Ive been locked out of my account because my 2FA is not working and they can’t help me even download my contracts. All of this given they charge much higher than standard CRM/Invoicing platforms. If you don’t want your business to be in trouble SERIOUSLY AVOID them.,https://itunes.apple.com/us/review?id=1104772757&type=Purple%20Software,2026-05-12T15:41:11-07:00,small business crm,"{""app"": ""HoneyBook - Small Business CRM"", ""app_id"": ""1104772757"", ""eligibility_rule"": ""Apple rating<=3; 3-star requires pain marker; text>=50; native review ID"", ""native_id"": ""14057827606"", ""rating"": ""1"", ""record_sha256"": ""9dff4ab7207e228a4c2c72a4d86f25288742288339943a1aa69b939f3d3d2ebc"", ""retrieved_at"": ""2026-07-19"", ""version"": ""1.64.1""}"
4702b5231ece6d7e,Apple App Store,app_review,HoneyBook - Small Business CRM: The phone app,"I was on the fence whether or not I was gonna renew this year. The convenient workflow and honestly, the templates for the contracts are really what made me conveniently stick around however, the amount of times I’ve gotten frustrated with the phone app because it either crashes or freezes. It’s really inconvenient. Me just going to my desktop instead of trying to quickly handle something on the phone.",https://itunes.apple.com/us/review?id=1104772757&type=Purple%20Software,2026-05-28T15:51:10-07:00,small business crm,"{""app"": ""HoneyBook - Small Business CRM"", ""app_id"": ""1104772757"", ""eligibility_rule"": ""Apple rating<=3; 3-star requires pain marker; text>=50; native review ID"", ""native_id"": ""14117326135"", ""rating"": ""2"", ""record_sha256"": ""110f414e037ed884130e6cdca87bee6e580c5e3efa925fdf1ace3b7524ea2ff8"", ""retrieved_at"": ""2026-07-19"", ""version"": ""1.64.5""}"
b2c3d7d90ddd4d51,Apple App Store,app_review,HoneyBook - Small Business CRM: iPad version,I just wish that I could use the whole screen for my iPad to work with this app,https://itunes.apple.com/us/review?id=1104772757&type=Purple%20Software,2026-04-14T13:08:48-07:00,small business crm,"{""app"": ""HoneyBook - Small Business CRM"", ""app_id"": ""1104772757"", ""eligibility_rule"": ""Apple rating<=3; 3-star requires pain marker; text>=50; native review ID"", ""native_id"": ""13958166152"", ""rating"": ""3"", ""record_sha256"": ""b51ee559118ec6c072b65ed97dd25f28b4cc3b8dfedf245cf1ce54e25ce61f5c"", ""retrieved_at"": ""2026-07-19"", ""version"": ""1.62.3""}"
7be1b35808ff4f56,Apple App Store,app_review,HubSpot: Needs Help Desk,"I used this app extensively to address emails in the support portal. When HubSpot encouraged me to move to the Help Desk, I did so, but the app barely supports Help Desk. This makes it unusable for me now. HubSpot has had ample time to address this and has chosen not to. So frustrating.",https://itunes.apple.com/us/review?id=1107711722&type=Purple%20Software,2026-04-29T15:38:37-07:00,small business crm,"{""app"": ""HubSpot"", ""app_id"": ""1107711722"", ""eligibility_rule"": ""Apple rating<=3; 3-star requires pain marker; text>=50; native review ID"", ""native_id"": ""14010746424"", ""rating"": ""1"", ""record_sha256"": ""0aff39fb20bb6cb92d25ccc6fa89a6aa7cab40157e5a4418d833af2b5d7d674e"", ""retrieved_at"": ""2026-07-19"", ""version"": ""4.86.2""}"
552e18bd71ca19fb,Apple App Store,app_review,HubSpot: Terrible formatting on mobile,Pretty obvious that most of the functionality is missing on mobile. Workflow doesn’t exist here and information is several clicks away and takes forever to load. Feels like you guys weren’t able to properly identify what users would be using the mobile app for.,https://itunes.apple.com/us/review?id=1107711722&type=Purple%20Software,2026-04-17T15:48:49-07:00,small business crm,"{""app"": ""HubSpot"", ""app_id"": ""1107711722"", ""eligibility_rule"": ""Apple rating<=3; 3-star requires pain marker; text>=50; native review ID"", ""native_id"": ""13968944044"", ""rating"": ""2"", ""record_sha256"": ""e806fe934cc933709beb8db6277be79cb1115f1ae88e563eea8b02b5bec785ee"", ""retrieved_at"": ""2026-07-19"", ""version"": ""4.86.0""}"
5391e39b7c34b411,Apple App Store,app_review,HubSpot: Bare bones,"Its an app. It has some features. But my goodness is it minimal. The types of properties i created for objects are not all showing up properly in the app. I can’t uploaded files in the form, i cant add time stamps to a manually logged date, my renamed objects don’t maintain this nickname in the app but instead shows its original HS provided name. Im not the least bit impressed with this mobile version of hubspot",https://itunes.apple.com/us/review?id=1107711722&type=Purple%20Software,2025-12-22T12:41:49-07:00,small business crm,"{""app"": ""HubSpot"", ""app_id"": ""1107711722"", ""eligibility_rule"": ""Apple rating<=3; 3-star requires pain marker; text>=50; native review ID"", ""native_id"": ""13543667264"", ""rating"": ""3"", ""record_sha256"": ""c9d533bd4db7ac6c4e9344f9c3aac4b176a525d755960175e0318bb9a33664e1"", ""retrieved_at"": ""2026-07-19"", ""version"": ""4.78.1""}"
1cc8d99ccb9a12df,Apple App Store,app_review,Acuity: Appointment Scheduler: Very Poor Customer Service,"I Paid their annual subscription more than $300 . I’ve had several questions for them but despite leaving multiple messages, I haven’t received any calls back or messages.",https://itunes.apple.com/us/review?id=1179146771&type=Purple%20Software,2026-04-23T14:47:51-07:00,appointment scheduling business,"{""app"": ""Acuity: Appointment Scheduler"", ""app_id"": ""1179146771"", ""eligibility_rule"": ""Apple rating<=3; 3-star requires pain marker; text>=50; native review ID"", ""native_id"": ""13989892874"", ""rating"": ""1"", ""record_sha256"": ""3a81557f60ac5093add507a3a6de8d2cdf6c2a339715a38d5ae681e4e274f685"", ""retrieved_at"": ""2026-07-19"", ""version"": ""80.0.0""}"
8c9f63d3e9573563,Apple App Store,app_review,Acuity: Appointment Scheduler: Worse over the years,"I have been with acuity for maybe 8 years. They updated a few years ago and made things alot more clunky with the day to day scheduling, ESP ON APP. I have made them aware of these simple things several times and still to this day, YEARS later, they have not been fixed. Heres one example, if we have a client scheduled in the future and say its in 6 weeks, looking at the upcoming appt it will say 0 months…how can you know this is an issue and not do something about it? idk. Also they removed the basic client info like cell phone from the contact page so you then have to click client, then click client profile to get contact info….INEFFICIENT. You can have as many bells and whistles as you want but at the end of the day the basic schedule functions need to WORK! and work well so your business users can save time, not spend more time clicking around. Next we are now required to either have the office check a box, or the client check a box EVERY SINGLE APPT!!! That is TERRIBLE. One opt in, and then an opt out if needed. LIKE EVERYONE ELSE DOES. CLUNKY, CLUNKY, CLUNKY. SEVERAL TIMES we have contacted them over the years to make them aware of these basic simple issues with the schedule. STILL NOT FIXED. You may want to look elsewhere if you want a streamlined experience. Still waiting for mine. We had it till someone thought these were better ways to have 0 months as when the next appt is…or to have to dig deeper to get a clients cell phone. And the text checkbox thing is the worst yet.",https://itunes.apple.com/us/review?id=1179146771&type=Purple%20Software,2026-07-02T08:21:11-07:00,appointment scheduling business,"{""app"": ""Acuity: Appointment Scheduler"", ""app_id"": ""1179146771"", ""eligibility_rule"": ""Apple rating<=3; 3-star requires pain marker; text>=50; native review ID"", ""native_id"": ""14254163673"", ""rating"": ""2"", ""record_sha256"": ""7cd6e29786a23d8657ef03fec37cde033cbef160cc39ae7bba1cf43169a5cf26"", ""retrieved_at"": ""2026-07-19"", ""version"": ""87.0.0""}"
2cc12ac6e555ba38,Apple App Store,app_review,"Bigin by Zoho CRM: Terrible, both product and service",Don’t bother. The product lacks basic functionality and service is utterly non-responsive.,https://itunes.apple.com/us/review?id=1454212098&type=Purple%20Software,2026-03-17T10:15:52-07:00,small business crm,"{""app"": ""Bigin by Zoho CRM"", ""app_id"": ""1454212098"", ""eligibility_rule"": ""Apple rating<=3; 3-star requires pain marker; text>=50; native review ID"", ""native_id"": ""13858313948"", ""rating"": ""1"", ""record_sha256"": ""de2e9d44047c19ff1e6f1b220a78de37b143a355b939940f13bb08238ff958e9"", ""retrieved_at"": ""2026-07-19"", ""version"": ""1.26.9""}"
0a20b89305cbcfdd,Apple App Store,app_review,Riser: Small Business CRM: Feeling Sad,You guys keep banning my account and you keep using spam and scam as an excuse and I didn’t even do anything related to that. You have my card information with you just don’t steal my money!!!,https://itunes.apple.com/us/review?id=1484656561&type=Purple%20Software,2022-04-07T21:33:15-07:00,small business crm,"{""app"": ""Riser: Small Business CRM"", ""app_id"": ""1484656561"", ""eligibility_rule"": ""Apple rating<=3; 3-star requires pain marker; text>=50; native review ID"", ""native_id"": ""8543761498"", ""rating"": ""1"", ""record_sha256"": ""4c0999e6016fc506d579697f426316c58b9aea39908d1a33167424049b4384c9"", ""retrieved_at"": ""2026-07-19"", ""version"": ""1.175""}"
ff389b622db554de,Apple App Store,app_review,Freebie Invoice Maker: Doesn’t work but takes your money!,Had all for a while then I renewed and it took my $100 but I still can’t use and nobody will contact me from support!,https://itunes.apple.com/us/review?id=1590349103&type=Purple%20Software,2026-07-16T11:59:11-07:00,invoice maker small business,"{""app"": ""Freebie Invoice Maker"", ""app_id"": ""1590349103"", ""eligibility_rule"": ""Apple rating<=3; 3-star requires pain marker; text>=50; native review ID"", ""native_id"": ""14311310122"", ""rating"": ""1"", ""record_sha256"": ""cae61ad4310be1ce47c7d13d898280a585ec478babe9d8b6aed85ca245979323"", ""retrieved_at"": ""2026-07-19"", ""version"": ""26.3.10""}"
21fb40af3bbf7e5b,Apple App Store,app_review,Nutshell – Small Business CRM: Clunky UI,"The app could be a lot better. The UI is clunky and dated—too many clicks to get to leads, people and companies. When you click on a phone number all it can do is call out using the phone app. Please let us choose which app to call from (Skype, OpenPhone, etc). Overall, it’s nice to have an app, but it’s just not very useful.",https://itunes.apple.com/us/review?id=337938121&type=Purple%20Software,2023-04-28T04:23:25-07:00,small business crm,"{""app"": ""Nutshell – Small Business CRM"", ""app_id"": ""337938121"", ""eligibility_rule"": ""Apple rating<=3; 3-star requires pain marker; text>=50; native review ID"", ""native_id"": ""9869790252"", ""rating"": ""1"", ""record_sha256"": ""4974c812d8a080cfdcab05d8a3f1facfc1a97145efcb4458026acf3e6a0ab7e0"", ""retrieved_at"": ""2026-07-19"", ""version"": ""3.2.1""}"
0dee47eb358af6bf,Apple App Store,app_review,Nutshell – Small Business CRM: Camera in App is terrible,Just started using in free trial and have hundreds of business card contacts to bring into the CRM. It’s so blurry I have to go back and correct or reenter most of the data. Not good. Can’t speak to the rest yet but an inauspicious start.,https://itunes.apple.com/us/review?id=337938121&type=Purple%20Software,2026-06-19T12:15:03-07:00,small business crm,"{""app"": ""Nutshell – Small Business CRM"", ""app_id"": ""337938121"", ""eligibility_rule"": ""Apple rating<=3; 3-star requires pain marker; text>=50; native review ID"", ""native_id"": ""14202423288"", ""rating"": ""2"", ""record_sha256"": ""274aac4d93ad644d5587edaec998feac0d07585ed92c387b0ba771bd0483bfd7"", ""retrieved_at"": ""2026-07-19"", ""version"": ""3.4.5""}"
7f93c7f04305c846,Apple App Store,app_review,Nutshell – Small Business CRM: No email functionality :(,"The nutshell mobile app definitely isn’t as powerful as desktop but the biggest annoyance for me is that it doesn’t have the emails functionality built in like the emails tab in the bottom left of desktop nav bar. And to make matters worse, if you open a contact and click their email address, nothing happens. It should at least launch the outlook iOS app or whatever your phone’s default mail client is but it doesn’t. Wish nutshell would bring full email functionality including open tracking to the app.",https://itunes.apple.com/us/review?id=337938121&type=Purple%20Software,2023-02-16T18:53:27-07:00,small business crm,"{""app"": ""Nutshell – Small Business CRM"", ""app_id"": ""337938121"", ""eligibility_rule"": ""Apple rating<=3; 3-star requires pain marker; text>=50; native review ID"", ""native_id"": ""9625236579"", ""rating"": ""3"", ""record_sha256"": ""6e66106b1b1ed2ba5b3735933c86472e872a55dcd9b377dd956b1e7d43f8c2d8"", ""retrieved_at"": ""2026-07-19"", ""version"": ""3.1.2""}"
0783963265a727fe,Apple App Store,app_review,Zoho CRM - Sales & Marketing: Never works,I’ve had Zoho CRM for 6 years and the app hasn’t worked in years. Takes forever and never syncs. I have to use my desktop computer. So disappointing.,https://itunes.apple.com/us/review?id=444908810&type=Purple%20Software,2025-09-01T15:55:26-07:00,small business crm,"{""app"": ""Zoho CRM - Sales & Marketing"", ""app_id"": ""444908810"", ""eligibility_rule"": ""Apple rating<=3; 3-star requires pain marker; text>=50; native review ID"", ""native_id"": ""13088002434"", ""rating"": ""1"", ""record_sha256"": ""dc536091089787f14ac632ce10849847ad9c61c9de1db23d27761f1170c146e5"", ""retrieved_at"": ""2026-07-19"", ""version"": ""3.17.18""}"
4010419d47cfb392,Apple App Store,app_review,Zoho CRM - Sales & Marketing: Heavy file,Please reduce the size of the app…500 plus mb is just too BIG! Reduce it now!,https://itunes.apple.com/us/review?id=444908810&type=Purple%20Software,2025-10-11T02:39:45-07:00,small business crm,"{""app"": ""Zoho CRM - Sales & Marketing"", ""app_id"": ""444908810"", ""eligibility_rule"": ""Apple rating<=3; 3-star requires pain marker; text>=50; native review ID"", ""native_id"": ""13251833283"", ""rating"": ""2"", ""record_sha256"": ""902b923c2efe44646a7f243fb2764d7f95a59a63ca0ae5acf20a247fb6dcb014"", ""retrieved_at"": ""2026-07-19"", ""version"": ""3.17.21""}"
0288ecc8579deb11,Apple App Store,app_review,Zoho CRM - Sales & Marketing: Director / Owner,Good crm but a few easy fixes would make it GOATED. the one feature I need is to be able to quickly call leads from my phone. I often need to dial numbers manually and it’s nice there’s a dial pad but it only shows up in the app after like five minutes. I constantly have to close and reopen the app or just wait several minutes for the dial pad to populate and become available. This is the built-in-telephony plan for Zoho CRM. WE NEED THE DIALER TO STOP DISAPPEARING FROM THE MOBILE APP!,https://itunes.apple.com/us/review?id=444908810&type=Purple%20Software,2025-12-09T10:23:33-07:00,small business crm,"{""app"": ""Zoho CRM - Sales & Marketing"", ""app_id"": ""444908810"", ""eligibility_rule"": ""Apple rating<=3; 3-star requires pain marker; text>=50; native review ID"", ""native_id"": ""13494531187"", ""rating"": ""3"", ""record_sha256"": ""ad9af9747f10b93197dc1c4d9cd7a5a695a1d10d708b616242a051a659890c74"", ""retrieved_at"": ""2026-07-19"", ""version"": ""3.17.28""}"
033c308c25be39fb,Apple App Store,app_review,Mindbody Business: You can't write notes for each client,"The app doesn't allow you to write notes for each client AT ALL. There's an option to write notes but you can’t actually do it. i can view notes just fine. but adding notes is an issue,i’m a lash technician. mobile version sucks",https://itunes.apple.com/us/review?id=599125654&type=Purple%20Software,2026-04-03T16:43:38-07:00,appointment scheduling business,"{""app"": ""Mindbody Business"", ""app_id"": ""599125654"", ""eligibility_rule"": ""Apple rating<=3; 3-star requires pain marker; text>=50; native review ID"", ""native_id"": ""13919616203"", ""rating"": ""1"", ""record_sha256"": ""d0e49a614bc5935d81c8773a906b0993e7916e2062ee5e6d32b525689f21e6a1"", ""retrieved_at"": ""2026-07-19"", ""version"": ""7.69.0""}"
d2d7839016e810a6,Apple App Store,app_review,Mindbody Business: Review,The system has been geeking out some lately. Mindbody has helped resolve all them as they happen.,https://itunes.apple.com/us/review?id=599125654&type=Purple%20Software,2025-11-12T17:14:16-07:00,appointment scheduling business,"{""app"": ""Mindbody Business"", ""app_id"": ""599125654"", ""eligibility_rule"": ""Apple rating<=3; 3-star requires pain marker; text>=50; native review ID"", ""native_id"": ""13390812787"", ""rating"": ""3"", ""record_sha256"": ""e89b733b76e927c4053e515969085f00a7e4f7f3817e8f832c2cecbf64536b12"", ""retrieved_at"": ""2026-07-19"", ""version"": ""7.58.0""}"
21294ad7bf7920a2,Apple App Store,app_review,Setmore Appointment Scheduling: Customer service tries telling me it’s not a real problem that customers cannot book,"Very poor experience with both the app and customer service. We are having a major issue with customers booking appointments, and it is creating real problems for our business. The issue happens in the app and also on two different browsers, which should have been enough for customer service to take it seriously. Instead, they brushed me off and blamed my browser. They did not properly investigate. They did not test the issue. They did not ask enough questions to understand what was happening. They simply acted like it was my problem, even though the same issue happens across multiple platforms. For a booking app, this is a huge deal. If customers cannot book correctly, that directly affects business. I expected support to care enough to look into it, but they did not. Very disappointing. I would not recommend this service to any business that depends on reliable appointment scheduling and responsive support.",https://itunes.apple.com/us/review?id=665859578&type=Purple%20Software,2026-05-23T10:53:31-07:00,appointment scheduling business,"{""app"": ""Setmore Appointment Scheduling"", ""app_id"": ""665859578"", ""eligibility_rule"": ""Apple rating<=3; 3-star requires pain marker; text>=50; native review ID"", ""native_id"": ""14097635839"", ""rating"": ""1"", ""record_sha256"": ""1394614af41294222fc16fbdca33142cae9a711e1b6ad96ca196080b0c9048f7"", ""retrieved_at"": ""2026-07-19"", ""version"": ""6.85.0""}"
3f7cadbe23847366,Apple App Store,app_review,Setmore Appointment Scheduling: Too many updates,This app has been getting updates every week! That’s too much! Every time I open this app every 3 -4 days it says there’s an update! What’s going on?! Why are they working on it so much that it needs that many updates without any of the requests from users getting implemented? I would like the app to show my notes on the same space as my customer info so I don’t have to go too deep! But they still won’t make them show up! What’s the point of putting notes if your app just hides them!,https://itunes.apple.com/us/review?id=665859578&type=Purple%20Software,2025-07-21T08:00:47-07:00,appointment scheduling business,"{""app"": ""Setmore Appointment Scheduling"", ""app_id"": ""665859578"", ""eligibility_rule"": ""Apple rating<=3; 3-star requires pain marker; text>=50; native review ID"", ""native_id"": ""12918813871"", ""rating"": ""2"", ""record_sha256"": ""8b4549475a33df8cc383b6fcf0a42b27842550920a561a4ac6f73dee54d57214"", ""retrieved_at"": ""2026-07-19"", ""version"": ""6.53.1""}"
945885dfce9d9cf7,Apple App Store,app_review,Setmore Appointment Scheduling: Luxe beauty with Lucy,"It’s been great but I have 2 problems, 1 the system doesn’t allow you to check out a client with multiple services on one ticket, you have to check out each service on a separate ticket. 2, you can’t hold a card on file to actually enforce a cancelation policy.",https://itunes.apple.com/us/review?id=665859578&type=Purple%20Software,2026-01-06T09:12:28-07:00,appointment scheduling business,"{""app"": ""Setmore Appointment Scheduling"", ""app_id"": ""665859578"", ""eligibility_rule"": ""Apple rating<=3; 3-star requires pain marker; text>=50; native review ID"", ""native_id"": ""13602216424"", ""rating"": ""3"", ""record_sha256"": ""0885c41232b8ecd7979de55199f7b21239132c25c496ff022b91a0af443dd520"", ""retrieved_at"": ""2026-07-19"", ""version"": ""6.68.4""}"
60e197a53c4dd79a,Apple App Store,app_review,Booksy Biz: Booking & Payments: Hate this program,"Don’t recommend it!!! Worst app, if you need high quality apps, don’t get it…",https://itunes.apple.com/us/review?id=725335996&type=Purple%20Software,2026-07-09T18:43:31-07:00,appointment scheduling business,"{""app"": ""Booksy Biz: Booking & Payments"", ""app_id"": ""725335996"", ""eligibility_rule"": ""Apple rating<=3; 3-star requires pain marker; text>=50; native review ID"", ""native_id"": ""14284273855"", ""rating"": ""1"", ""record_sha256"": ""db427516583a7e04faf5f7c409916bced72fb7c73af2b72812220509cbbc76bd"", ""retrieved_at"": ""2026-07-19"", ""version"": ""26.07.0700""}"
c4dbfc0dd3a8d15e,Apple App Store,app_review,Booksy Biz: Booking & Payments: Fees!,Too many hidden fees plus monthly subscription. I can’t make money if you keep wanting a fee percentage of just about every feature offered plus per client deposit processing fees. I’m paying more then $30 per month. Not worth it!!!,https://itunes.apple.com/us/review?id=725335996&type=Purple%20Software,2026-07-07T05:08:39-07:00,appointment scheduling business,"{""app"": ""Booksy Biz: Booking & Payments"", ""app_id"": ""725335996"", ""eligibility_rule"": ""Apple rating<=3; 3-star requires pain marker; text>=50; native review ID"", ""native_id"": ""14273753641"", ""rating"": ""2"", ""record_sha256"": ""8795715d4314237d95711531a3b8ac6fdbe46f08dc182eef81b97502e08c1f49"", ""retrieved_at"": ""2026-07-19"", ""version"": ""26.07.0301""}"
037b89fd15f13ee5,Apple App Store,app_review,Visibook Appointment Scheduler: Held hostage,"It was great while it lasted, but there have been no updates in 2 years (!?!) Visibook has stopped working completely. Nothing loads even when going to their homepage, visibook.com. That means I cannot schedule appointments or access my schedule. Nor can I contact “support” (I’m using that term very loosely; support has been minimal the past couple of years.)",https://itunes.apple.com/us/review?id=961171461&type=Purple%20Software,2026-07-16T13:10:03-07:00,appointment scheduling business,"{""app"": ""Visibook Appointment Scheduler"", ""app_id"": ""961171461"", ""eligibility_rule"": ""Apple rating<=3; 3-star requires pain marker; text>=50; native review ID"", ""native_id"": ""14311517715"", ""rating"": ""1"", ""record_sha256"": ""03efdd202e0d2a921a7230dbd4aef4ae2deee63928db3890ab5c3ebf058475b5"", ""retrieved_at"": ""2026-07-19"", ""version"": ""1.2.0""}"
6396fb1024370cb1,Apple App Store,app_review,Visibook Appointment Scheduler: Glitch,Recently found accessing app to be a challenge even reinstalling and no progress,https://itunes.apple.com/us/review?id=961171461&type=Purple%20Software,2026-01-28T11:52:28-07:00,appointment scheduling business,"{""app"": ""Visibook Appointment Scheduler"", ""app_id"": ""961171461"", ""eligibility_rule"": ""Apple rating<=3; 3-star requires pain marker; text>=50; native review ID"", ""native_id"": ""13686479670"", ""rating"": ""2"", ""record_sha256"": ""2e65ac8e1ef284ef057f08fb861c321f9f3f27e84fcaffc49162f40a97d0b1fa"", ""retrieved_at"": ""2026-07-19"", ""version"": ""1.2.0""}"
581f68608754ba2f,Apple App Store,app_review,Visibook Appointment Scheduler: A good app w/room for improvement,I’ve been using this app for many years now & do appreciate the cost and ability to use a platform to schedule and send clients automatic reminders. At the same time…The last few years I have noticed more lagging when opening the app (often a blank screen). It can be very annoying when scheduling with a client and we have to wait for the app to fully open or to close & open up multiple times. It happens on all my platforms regardless of internet connection. Also if there was a way via text clients can save a session to their calendar (not just via email) that would be great.,https://itunes.apple.com/us/review?id=961171461&type=Purple%20Software,2024-04-13T21:13:46-07:00,appointment scheduling business,"{""app"": ""Visibook Appointment Scheduler"", ""app_id"": ""961171461"", ""eligibility_rule"": ""Apple rating<=3; 3-star requires pain marker; text>=50; native review ID"", ""native_id"": ""11155975294"", ""rating"": ""3"", ""record_sha256"": ""a2c9d22b376c28f7444061a0c679180c7c7f2b1ede38466501e7eea57c0871be"", ""retrieved_at"": ""2026-07-19"", ""version"": ""1.1.0""}"
03ad1e53d1d06663,Apple App Store,app_review,Podium - Small Business Tools: Very poor service,Asked for help to upload documents for a dispute on the podium platform was give a run around and that have to only uploaded on the portal and the support staff could not help. Making the customer work for everything,https://itunes.apple.com/us/review?id=971412288&type=Purple%20Software,2026-05-28T09:56:52-07:00,small business crm,"{""app"": ""Podium - Small Business Tools"", ""app_id"": ""971412288"", ""eligibility_rule"": ""Apple rating<=3; 3-star requires pain marker; text>=50; native review ID"", ""native_id"": ""14116330728"", ""rating"": ""1"", ""record_sha256"": ""005ddf9e289a16f88e486170d03e25502608ca291b39cdce2d121bee60f7e432"", ""retrieved_at"": ""2026-07-19"", ""version"": ""2026.22.0""}"
aa1040a6a4e3659a,Apple App Store,app_review,Podium - Small Business Tools: Not what I was sold,I was told this thing was going to make me money! Gonna get me like 3-4 installs a month! This system has actually cost me money! It definitely has not made me what I was made to believe! I have had several customers say it’s rude which is funny after I tell them it’s AI and I have had several tell me they hate it! There are a handful who don’t care either way but there’s 0 customers I have that love it,https://itunes.apple.com/us/review?id=971412288&type=Purple%20Software,2025-11-13T08:01:07-07:00,small business crm,"{""app"": ""Podium - Small Business Tools"", ""app_id"": ""971412288"", ""eligibility_rule"": ""Apple rating<=3; 3-star requires pain marker; text>=50; native review ID"", ""native_id"": ""13393189862"", ""rating"": ""2"", ""record_sha256"": ""db6c2b17fd40681a6e519074fea77e6760a9d7b49b4ed17d12df44823f5a68fd"", ""retrieved_at"": ""2026-07-19"", ""version"": ""2025.44.0""}"
31586aa18cc58e4f,Apple App Store,app_review,Podium - Small Business Tools: Has its ups and downs - Small blue collar businesses read,"Podium has definitely had its ups and downs for our small landscaping business. There are positives to the platform, and it has helped organize communication and reviews better than normal texting in some ways, but we’ve also noticed several areas where it significantly lacks. One of the biggest issues is reliability in areas with poor cellular reception. When working out in the field, it can become almost impossible to send texts or images. If a message fails to send, there also seems to be a bug where the app continuously shows the message trying to send indefinitely, especially with photos attached. We’ve also run into frustrations with character limits causing longer client messages to split into multiple texts, which wasn’t an issue when using standard iPhone messaging. Phone calls through the app can also be difficult depending on jobsite location and service quality. There are additional features we wish Podium offered for contractors and field service businesses, especially considering how expensive the platform is. Overall, it has benefits, but there is definitely room for improvement, particularly for companies that work in the field all day rather than behind a desk.",https://itunes.apple.com/us/review?id=971412288&type=Purple%20Software,2026-05-11T06:11:20-07:00,small business crm,"{""app"": ""Podium - Small Business Tools"", ""app_id"": ""971412288"", ""eligibility_rule"": ""Apple rating<=3; 3-star requires pain marker; text>=50; native review ID"", ""native_id"": ""14052559561"", ""rating"": ""3"", ""record_sha256"": ""1a694dd38289e64af08dd67ea983438e18ac2d19702907d8e1834f85b4375528"", ""retrieved_at"": ""2026-07-19"", ""version"": ""2026.19.1""}"
57e457f9e8982cd7,Apple App Store,app_review,DIKIDI Appointments Scheduling: приложение перестало работать без интернета,"У нас в городе местами ограничения интернета, раньше все открывалось, последнюю неделю грузит только от вайфай",https://itunes.apple.com/us/review?id=997282718&type=Purple%20Software,2026-06-23T00:39:49-07:00,appointment scheduling business,"{""app"": ""DIKIDI Appointments Scheduling"", ""app_id"": ""997282718"", ""eligibility_rule"": ""Apple rating<=3; 3-star requires pain marker; text>=50; native review ID"", ""native_id"": ""14215811387"", ""rating"": ""2"", ""record_sha256"": ""fd627933f4008c71c1a6a66bfbf93f9e148cb172ead766046d5f08409c58ba66"", ""retrieved_at"": ""2026-07-19"", ""version"": ""4.3.3""}"
118d221b97d6f243,Apple App Store,app_review,Square Appointments: Scheduler: Never,Never using this app to collect payments again. They let customers dispute transactions easy with no proof and take the money from your bank account.,https://itunes.apple.com/us/review?id=1023050786&type=Purple%20Software,2026-04-06T03:07:14-07:00,appointment scheduling business,"{""app"": ""Square Appointments: Scheduler"", ""app_id"": ""1023050786"", ""eligibility_rule"": ""Apple rating<=3; 3-star requires pain marker; text>=50; native review ID"", ""native_id"": ""13928160683"", ""rating"": ""1"", ""record_sha256"": ""f3c9281274c21c2e8b54da0024a4329c225d2136f08631d5bb7f47a774614362"", ""retrieved_at"": ""2026-07-19"", ""version"": ""7.1""}"
d73be0e8ec944c01,Apple App Store,app_review,Goldie: Appointment Scheduling: Rule changes April 28th,Disappointed in recent rule changes. Will be charging clients for credit information. This is not how I want to run my business. I already pay monthly. Will be canceling.,https://itunes.apple.com/us/review?id=1068911190&type=Purple%20Software,2026-04-14T09:33:13-07:00,appointment scheduling business,"{""app"": ""Goldie: Appointment Scheduling"", ""app_id"": ""1068911190"", ""eligibility_rule"": ""Apple rating<=3; 3-star requires pain marker; text>=50; native review ID"", ""native_id"": ""13957581593"", ""rating"": ""1"", ""record_sha256"": ""cc49c2082dcf0200312a65d096fbad0334caafe3a22039f8d1ec88730068a644"", ""retrieved_at"": ""2026-07-19"", ""version"": ""54.1.1""}"
d6fb670aa1dea3b7,Apple App Store,app_review,Goldie: Appointment Scheduling: Critical Issue with Appointment Time Saving & Sync - خلل في حفظ بيانات المواعيد (الوقت والتحديث),"التطبيق رائع من حيث التصميم، وسهل الاستخدام، ويوفر تجربة سلسة للمستخدم بشكل عام. لكن توجد مشكلة جوهرية تؤثر بشكل مباشر على الاعتماد عليه في إدارة المواعيد، وهي عدم حفظ بيانات الوقت (الساعات والدقائق) بشكل دقيق. في كثير من الحالات، لا يتم حفظ التعديلات كما تم إدخالها، مما يسبب تضاربًا في المواعيد. كما أن التطبيق يتطلب أحيانًا إغلاقه وإعادة فتحه حتى يتم حفظ التغييرات، وهذا يعتبر خلل تقني كبير، خاصة لأصحاب الأعمال الذين يعتمدون على دقة المواعيد بشكل كامل. نأمل معالجة هذه المشكلة في أقرب تحديث، لأن التطبيق فعليًا ممتاز لكن هذه النقطة تؤثر بشكل كبير على موثوقيته. ————————————— The app is well-designed, user-friendly, and overall provides a smooth experience. However, there is a critical issue that significantly impacts its reliability for appointment management. The app does not consistently save time data (hours and minutes) accurately. In many cases, changes are not properly stored, leading to scheduling conflicts. Additionally, the app sometimes requires a full restart to apply and save updates, which is a major flaw especially for business users who rely on precise scheduling. We hope this issue will be addressed in upcoming updates, as the app has great potential but this problem greatly affects its usability and trustworthiness.",https://itunes.apple.com/us/review?id=1068911190&type=Purple%20Software,2026-03-26T12:44:19-07:00,appointment scheduling business,"{""app"": ""Goldie: Appointment Scheduling"", ""app_id"": ""1068911190"", ""eligibility_rule"": ""Apple rating<=3; 3-star requires pain marker; text>=50; native review ID"", ""native_id"": ""13890088178"", ""rating"": ""2"", ""record_sha256"": ""221e642f0a79220538be5b88b1c143aa35892c0d31e13d2290b5c6f2036e874c"", ""retrieved_at"": ""2026-07-19"", ""version"": ""53.3.0""}"
71d931eab8431b1d,Apple App Store,app_review,HoneyBook - Small Business CRM: In a toxic relationship with Honeybook,"At first, HoneyBook was everything I needed. I could send invoices, collect signatures, schedule payments, capture leads, communicate with clients, receive payments, and keep my books organized all in one place. It felt like the perfect solution for my business. But lately, our relationship has become toxic... Simple tasks have become frustratingly difficult. I can’t reliably open or publish invoices. Sending emails is a gamble because they can sit loading for hours, sometimes days. Emails also randomly generate strange script, dashes, and special characters that make my messages look unprofessional. The most frustrating part is that I know how good HoneyBook used to be. That’s what’s keeping me here. I keep hoping things will improve because when it worked, it worked really well. Right now, though, I’m seriously considering other options. Especially for how much I am being charged each month. I need software that helps me run my business, not software that creates more work and stress. If HoneyBook can fix these performance and reliability issues, I’d love to stay. But at the moment, it feels like I’m holding onto what the relationship used to be instead of what it is now.",https://itunes.apple.com/us/review?id=1104772757&type=Purple%20Software,2026-06-06T16:40:46-07:00,small business crm,"{""app"": ""HoneyBook - Small Business CRM"", ""app_id"": ""1104772757"", ""eligibility_rule"": ""Apple rating<=3; 3-star requires pain marker; text>=50; native review ID"", ""native_id"": ""14152510535"", ""rating"": ""1"", ""record_sha256"": ""fe0ecc630873cec98d5bcf340c33f64e355291879244a7137b955c046b42075e"", ""retrieved_at"": ""2026-07-19"", ""version"": ""1.65.1""}"
83ddfd75e82ef711,Apple App Store,app_review,HoneyBook - Small Business CRM: Love the Desktop Version but App Doesn’t Work,"I’ve been using HoneyBook to run my business for several years and love the desktop version. Hands down the best CRM platform I’ve found. Unfortunately the App is basically unusable since anytime I try to create or pull up a file for a project in the mobile version, I just get a blank page and the circle of death. This is true both on my iPhone and iPad. This means I have to bring my laptop everywhere if I want to access files, and if I need to send something on the run or while traveling without my laptop, I can’t. Very disappointing and inconvenient given the price point.",https://itunes.apple.com/us/review?id=1104772757&type=Purple%20Software,2026-04-28T15:19:54-07:00,small business crm,"{""app"": ""HoneyBook - Small Business CRM"", ""app_id"": ""1104772757"", ""eligibility_rule"": ""Apple rating<=3; 3-star requires pain marker; text>=50; native review ID"", ""native_id"": ""14007233991"", ""rating"": ""2"", ""record_sha256"": ""320a0b33858ae93396f29ade4c4b50a57067d53ed7fdd4f08a91a2525e2bc3f1"", ""retrieved_at"": ""2026-07-19"", ""version"": ""1.62.4""}"
85608fb36eff9daf,Apple App Store,app_review,HubSpot: Service ticket functionality is very limited,We moved to HubSpot from Zendesk to have full integration of CRM and HelpDesk. With Zendesk we had a mobile app that allowed us to handle service tickets with the same functionality as in our desktops or laptops. Not with this app. Service tickets functionality is very limited. We need to be able to handle customers service requests even when away from our office.,https://itunes.apple.com/us/review?id=1107711722&type=Purple%20Software,2026-06-05T10:56:36-07:00,small business crm,"{""app"": ""HubSpot"", ""app_id"": ""1107711722"", ""eligibility_rule"": ""Apple rating<=3; 3-star requires pain marker; text>=50; native review ID"", ""native_id"": ""14147674588"", ""rating"": ""1"", ""record_sha256"": ""c39b66cb2fc32415a29387ee8aef419518c6fd14499ef6fcc5ee7bc16a243fa0"", ""retrieved_at"": ""2026-07-19"", ""version"": ""4.91.0""}"
c64afc018ab9e4e7,Apple App Store,app_review,HubSpot: Loses me in account creation and calendar linking,I’ve been creating a new account and linking calendar for 15 minutes numerous logins going to website back to the app connecting back to the website back to the app back to email code. Still can’t get to a stable place where I can start doing work. I’m done with this app no matter how good it is.,https://itunes.apple.com/us/review?id=1107711722&type=Purple%20Software,2025-12-16T08:41:25-07:00,small business crm,"{""app"": ""HubSpot"", ""app_id"": ""1107711722"", ""eligibility_rule"": ""Apple rating<=3; 3-star requires pain marker; text>=50; native review ID"", ""native_id"": ""13520725956"", ""rating"": ""2"", ""record_sha256"": ""8f77e03ab63fa89f8e4278eb73c1e8adebfb0d330585bc61ab31052e4ecaebdc"", ""retrieved_at"": ""2026-07-19"", ""version"": ""4.78.0""}"
773b3cd0bd8f73ea,Apple App Store,app_review,HubSpot: Good and frustrating,The app has some nice features and can be easy to use for some things. It’s also very frustrating as someone who works remotely and on the road at times that I can’t build/edit quotes or view invoices from the app. Seems like a critical feature that is overlooked,https://itunes.apple.com/us/review?id=1107711722&type=Purple%20Software,2025-12-04T08:03:07-07:00,small business crm,"{""app"": ""HubSpot"", ""app_id"": ""1107711722"", ""eligibility_rule"": ""Apple rating<=3; 3-star requires pain marker; text>=50; native review ID"", ""native_id"": ""13474490590"", ""rating"": ""3"", ""record_sha256"": ""a18b680762947af00ca19716a51cc2f5b098bea0dae6b9c2663bfa76a477e56f"", ""retrieved_at"": ""2026-07-19"", ""version"": ""4.77.0""}"
27b8d8ec1e9c0d73,Apple App Store,app_review,Acuity: Appointment Scheduler: The worst,This company used to be absolutely amazing until they did their merge and now they’ve taken thousands of dollars from me from deposits from my company to my employees and they refuse to help me find out where the money has gone. They don’t have a phone number to call all they do is give you a runaround stay far away from this company.,https://itunes.apple.com/us/review?id=1179146771&type=Purple%20Software,2026-05-14T13:22:24-07:00,appointment scheduling business,"{""app"": ""Acuity: Appointment Scheduler"", ""app_id"": ""1179146771"", ""eligibility_rule"": ""Apple rating<=3; 3-star requires pain marker; text>=50; native review ID"", ""native_id"": ""14064749247"", ""rating"": ""1"", ""record_sha256"": ""5a1788b81e31ff7c9ddb2be60db2f02eda5ec688b93695f299a44585593e3878"", ""retrieved_at"": ""2026-07-19"", ""version"": ""82.0.0""}"
ac914d38f8d3b9b6,Apple App Store,app_review,Acuity: Appointment Scheduler: It used to be better,This app glitches . When you schedule an appointment it takes forever to update and see the appointment. I literally have to close the app and open it back a few times before seeing the updated appointment in the system . It’s even like that on the desktop. They need to update this software,https://itunes.apple.com/us/review?id=1179146771&type=Purple%20Software,2026-04-24T11:08:02-07:00,appointment scheduling business,"{""app"": ""Acuity: Appointment Scheduler"", ""app_id"": ""1179146771"", ""eligibility_rule"": ""Apple rating<=3; 3-star requires pain marker; text>=50; native review ID"", ""native_id"": ""13992731902"", ""rating"": ""2"", ""record_sha256"": ""096a6d362b97ffb418e08159ff3f520bc9d81c5c3a510f9a97a6c38b65427a28"", ""retrieved_at"": ""2026-07-19"", ""version"": ""80.0.0""}"
0a37e8a41ad8c840,Apple App Store,app_review,Riser: Small Business CRM: Useless leads and mediocre business practices,"I’ve been getting spammed with texts, notifications and emails consistently for low quality photography leads that have not been to any work, in fact one of them even had the wrong contact information. I wrote to their customer service and they said they wouldn’t stop sending me emails and then literally the next morning I get emails and texts from them. I am sick of this service and if I don’t get any paperwork from them soon I’m deleting my account.",https://itunes.apple.com/us/review?id=1484656561&type=Purple%20Software,2022-04-12T07:59:07-07:00,small business crm,"{""app"": ""Riser: Small Business CRM"", ""app_id"": ""1484656561"", ""eligibility_rule"": ""Apple rating<=3; 3-star requires pain marker; text>=50; native review ID"", ""native_id"": ""8559625478"", ""rating"": ""1"", ""record_sha256"": ""c3aa969a599f083710e56d84f76caacc99a95eaadf80ec4aa2e8f53b22c8c01b"", ""retrieved_at"": ""2026-07-19"", ""version"": ""1.175""}"
3a10f1fa8bb7f9e1,Apple App Store,app_review,Nutshell – Small Business CRM: Promoted well but doesn't live up to the hype,I've used quite a few different CRM's but this one is hard to navigate to pipeline funnel among other simple tasks. I also found that I am spending too much time hunting for things due to the layout. I am going to use Pipedrive instead.,https://itunes.apple.com/us/review?id=337938121&type=Purple%20Software,2026-03-04T01:46:04-07:00,small business crm,"{""app"": ""Nutshell – Small Business CRM"", ""app_id"": ""337938121"", ""eligibility_rule"": ""Apple rating<=3; 3-star requires pain marker; text>=50; native review ID"", ""native_id"": ""13812274718"", ""rating"": ""1"", ""record_sha256"": ""210e16e681751e046f18028d5a534cd584ea32cfe54e6183019389f3a7e4b9e6"", ""retrieved_at"": ""2026-07-19"", ""version"": ""3.4.3""}"
0f2151d0347c028a,Apple App Store,app_review,Nutshell – Small Business CRM: Not on par with desktop version,"The desktop version is intuitive and creating new or editing existing contacts is easy. The mobile app doesn’t have the same workflow. I often end up creating a duplicate company because that field is not on the primary contact setup screen. The mobile app is harder to maneuver in general. It also does not work well on an iPad, i.e., screen doesn’t rotate to landscape.",https://itunes.apple.com/us/review?id=337938121&type=Purple%20Software,2021-02-12T04:47:02-07:00,small business crm,"{""app"": ""Nutshell – Small Business CRM"", ""app_id"": ""337938121"", ""eligibility_rule"": ""Apple rating<=3; 3-star requires pain marker; text>=50; native review ID"", ""native_id"": ""6985142176"", ""rating"": ""2"", ""record_sha256"": ""feb01657aaa41f97a0170c6acbf42fe604d7407bc1686aaadbce1deb090f1b39"", ""retrieved_at"": ""2026-07-19"", ""version"": ""3.1.2""}"
13a8c59555022b0e,Apple App Store,app_review,Zoho CRM - Sales & Marketing: Complicated,Difficult to use. Doesn’t use my location to find current accounts.,https://itunes.apple.com/us/review?id=444908810&type=Purple%20Software,2026-06-03T17:40:26-07:00,small business crm,"{""app"": ""Zoho CRM - Sales & Marketing"", ""app_id"": ""444908810"", ""eligibility_rule"": ""Apple rating<=3; 3-star requires pain marker; text>=50; native review ID"", ""native_id"": ""14141075205"", ""rating"": ""1"", ""record_sha256"": ""1a581b793f5ab182e1b9bf45195340f4ad510813d169398b1fadfe2abb2a9fe3"", ""retrieved_at"": ""2026-07-19"", ""version"": ""3.19.0""}"
5057ff348d56f438,Apple App Store,app_review,Zoho CRM - Sales & Marketing: NOT COMPATIBLE…,With all the money and resources Zoho has. You would think they’d have a more satisfactory app for iPads and iPhones and Androids. This app is NOT compatible with iPad at all. Doesn’t function. Attn: support. When will you guys have an iPad compatible CRM app?,https://itunes.apple.com/us/review?id=444908810&type=Purple%20Software,2025-08-09T08:48:48-07:00,small business crm,"{""app"": ""Zoho CRM - Sales & Marketing"", ""app_id"": ""444908810"", ""eligibility_rule"": ""Apple rating<=3; 3-star requires pain marker; text>=50; native review ID"", ""native_id"": ""12995530454"", ""rating"": ""2"", ""record_sha256"": ""576eedc97452a346a1e060074f5e8691e3574c2ab2095240fb964eafd1acfa75"", ""retrieved_at"": ""2026-07-19"", ""version"": ""3.17.17""}"
047c42b272440f6f,Apple App Store,app_review,Mindbody Business: Business owners BEWARE,They will scam you into a year long contract without your knowledge then refuse to cancel you. Their customer service is terrible and you won’t be helped. use another platform.,https://itunes.apple.com/us/review?id=599125654&type=Purple%20Software,2026-06-16T16:55:36-07:00,appointment scheduling business,"{""app"": ""Mindbody Business"", ""app_id"": ""599125654"", ""eligibility_rule"": ""Apple rating<=3; 3-star requires pain marker; text>=50; native review ID"", ""native_id"": ""14191405354"", ""rating"": ""1"", ""record_sha256"": ""62ead00cdd6d5053d016cf26ec4808943b81c004089f61ed15eca68490bb8653"", ""retrieved_at"": ""2026-07-19"", ""version"": ""7.77.1""}"
71f183980738559e,Apple App Store,app_review,Setmore Appointment Scheduling: Don’t even Bother,"I never written a review about any application on the App Store however, just when I thought I found the solution to my problem I was fooled. I have tried multiple ways to login and create an account to use this scheduling app to no avail. It did not work on my MacBook with a traditional email account, a Google account, nor an Apple ID. DO NOT WASTE YOUR TIME. 🗑️🚮",https://itunes.apple.com/us/review?id=665859578&type=Purple%20Software,2025-11-12T22:53:59-07:00,appointment scheduling business,"{""app"": ""Setmore Appointment Scheduling"", ""app_id"": ""665859578"", ""eligibility_rule"": ""Apple rating<=3; 3-star requires pain marker; text>=50; native review ID"", ""native_id"": ""13391603778"", ""rating"": ""1"", ""record_sha256"": ""07e0cad20a445cc4c0197f38da8ed4d589afa6c162d3e03a29835544be2c25ab"", ""retrieved_at"": ""2026-07-19"", ""version"": ""6.66.0""}"
f43408124d001a0c,Apple App Store,app_review,Setmore Appointment Scheduling: Salon Owner,"I love the app but it needs more features like no call no show button, mass text option.",https://itunes.apple.com/us/review?id=665859578&type=Purple%20Software,2025-07-18T07:01:04-07:00,appointment scheduling business,"{""app"": ""Setmore Appointment Scheduling"", ""app_id"": ""665859578"", ""eligibility_rule"": ""Apple rating<=3; 3-star requires pain marker; text>=50; native review ID"", ""native_id"": ""12906772709"", ""rating"": ""3"", ""record_sha256"": ""12e484cfadad231b84836cc791f44553aa56cd4a8c29b8a8545e7ac5bdc2d862"", ""retrieved_at"": ""2026-07-19"", ""version"": ""6.53.1""}"
66ba9eb7c2df3e8d,Apple App Store,app_review,Booksy Biz: Booking & Payments: Long time user,"This app will overcharge you, they claim they get you clients but it is all very sketchy. A lot of people fake reviews to boost the algorithm and the app does nothing to combat it knowing it’s happening. Also the so called “boost” booksy offers will take money from you even if it is your personal client already and there is zero way to reverse it I just tried. I’d try another booking app.",https://itunes.apple.com/us/review?id=725335996&type=Purple%20Software,2026-07-01T10:18:46-07:00,appointment scheduling business,"{""app"": ""Booksy Biz: Booking & Payments"", ""app_id"": ""725335996"", ""eligibility_rule"": ""Apple rating<=3; 3-star requires pain marker; text>=50; native review ID"", ""native_id"": ""14250336740"", ""rating"": ""1"", ""record_sha256"": ""9139cf6d262f00c734cdef324421c4768b1450a1111dcfcac9647b460caa7cf0"", ""retrieved_at"": ""2026-07-19"", ""version"": ""26.06.3000""}"
18275425f40a9b3d,Apple App Store,app_review,Visibook Appointment Scheduler: Bad app,"I used it for 5 years and this year it got drastically worse! The app doesn't open, it doesn't load, it takes a long time to work!",https://itunes.apple.com/us/review?id=961171461&type=Purple%20Software,2023-12-05T10:56:08-07:00,appointment scheduling business,"{""app"": ""Visibook Appointment Scheduler"", ""app_id"": ""961171461"", ""eligibility_rule"": ""Apple rating<=3; 3-star requires pain marker; text>=50; native review ID"", ""native_id"": ""10660832683"", ""rating"": ""1"", ""record_sha256"": ""b98d886393f0626a390ea7eaecd7f6624645d4545b8fa284e4393c654e2f645c"", ""retrieved_at"": ""2026-07-19"", ""version"": ""1.0.0""}"
90967d1218cd95b9,Apple App Store,app_review,Visibook Appointment Scheduler: Bad for business,"This app goes down all the time, today the app was down the entire day, so I have no clue what appointments I have and I can’t book no appointments because I don’t know who has me booked for the week, terrible app for business. Don’t wasted your money for a subscription.",https://itunes.apple.com/us/review?id=961171461&type=Purple%20Software,2023-11-28T17:27:01-07:00,appointment scheduling business,"{""app"": ""Visibook Appointment Scheduler"", ""app_id"": ""961171461"", ""eligibility_rule"": ""Apple rating<=3; 3-star requires pain marker; text>=50; native review ID"", ""native_id"": ""10636597524"", ""rating"": ""2"", ""record_sha256"": ""52fb22ac6f108e2ff241c553e918beb277897a6adb228ae24487d4556aa9a751"", ""retrieved_at"": ""2026-07-19"", ""version"": ""1.0.0""}"
04fbe043205b4c61,Apple App Store,app_review,Podium - Small Business Tools: Issue-ridden,"Constant outages, never getting notified of when a text is actually coming in, and a whole bunch of other issues. Only reason I continue to use Podium important.",https://itunes.apple.com/us/review?id=971412288&type=Purple%20Software,2026-07-10T07:16:37-07:00,small business crm,"{""app"": ""Podium - Small Business Tools"", ""app_id"": ""971412288"", ""eligibility_rule"": ""Apple rating<=3; 3-star requires pain marker; text>=50; native review ID"", ""native_id"": ""14286287329"", ""rating"": ""1"", ""record_sha256"": ""50903fe6fdf0162d06cd05f6945a4c6759f414df6749a2ea50249e224171a948"", ""retrieved_at"": ""2026-07-19"", ""version"": ""2026.28.1""}"
2bb801112bd85f3a,Apple App Store,app_review,Square Appointments: Scheduler: Pathetic Malfunctioning GARBAGE,"How much has this recent malfunction cost us? I can tell you ask for reviews before people know what a horrible app this is. I make sure to send a screenshot to all of the customers trying to book that Square is having server issues AGAIN. Hopefully they won’t make the same mistake as we did in trusting Square. If you like the words “Something has gone wrong”, you’ll love square. Pathetic leaders. This app is so unreliable and buggy. Appointments will show up on the website but not the app. So be prepared to disappoint your customers if you’re using this garbage. I’ll be back to list EVERYTHING that is wrong with this pathetic app. It’s going to be quite the list. Now I can’t even run payroll. Every time you “fix” something, it just makes it worse. I wish I could go back to the Square of old where things actually WORKED. Every month there’s ANOTHER outage. How much has your incompetence cost us now? Of course you won’t take responsibility. There isn’t a day that goes by I don’t curse the name Square MULTIPLE times.",https://itunes.apple.com/us/review?id=1023050786&type=Purple%20Software,2026-04-08T08:18:35-07:00,appointment scheduling business,"{""app"": ""Square Appointments: Scheduler"", ""app_id"": ""1023050786"", ""eligibility_rule"": ""Apple rating<=3; 3-star requires pain marker; text>=50; native review ID"", ""native_id"": ""13936066304"", ""rating"": ""1"", ""record_sha256"": ""ca9baa39540af0e7e54cd3ac7603e0de52b729eb0a7d3716a9378b1d2113f39b"", ""retrieved_at"": ""2026-07-19"", ""version"": ""7.2""}"
95f996c4fe0aeb1f,Apple App Store,app_review,HoneyBook - Small Business CRM: Ai driven slop..,"OS is awful unless you are on an iPad/phone. Support staff very kind but not helpful at all, as they rely on AI to handle most problems and every person who was responded to my problems addresses a slightly different problem than the one I asked about. At least the AI attempted to answer my question correctly and not skimming it. Contracts are such a disaster I paid for adobe for 2 yrs as well just so I could avoid the impending doom of using Honeybooks. After just one… just one contract use….my 3 years of frustration has come to an end. Like an abusive relationship I have finally built up the courage to cut the cord. This service is worth $5 a month tops… and that may be a stretch. I wish good health and happiness but please save your mental health and use another app… heck even goggle docs is a better option than this.",https://itunes.apple.com/us/review?id=1104772757&type=Purple%20Software,2026-05-07T06:48:45-07:00,small business crm,"{""app"": ""HoneyBook - Small Business CRM"", ""app_id"": ""1104772757"", ""eligibility_rule"": ""Apple rating<=3; 3-star requires pain marker; text>=50; native review ID"", ""native_id"": ""14038088573"", ""rating"": ""1"", ""record_sha256"": ""cefc7be304301bb549d6adc5173ded9427434b477d8cfdae81ec41af54e15c28"", ""retrieved_at"": ""2026-07-19"", ""version"": ""1.63.1""}"
9ab4fc669651d110,Apple App Store,app_review,HoneyBook - Small Business CRM: Bugs,Fix the bugs yall. I’ve been using yall for 6 years and never had an issue this bad like shesh. I stopped paying 60 monthly because of it.,https://itunes.apple.com/us/review?id=1104772757&type=Purple%20Software,2026-06-08T16:46:43-07:00,small business crm,"{""app"": ""HoneyBook - Small Business CRM"", ""app_id"": ""1104772757"", ""eligibility_rule"": ""Apple rating<=3; 3-star requires pain marker; text>=50; native review ID"", ""native_id"": ""14160201814"", ""rating"": ""2"", ""record_sha256"": ""d271fbd1f454f4793d9a224315b7ab0a8710d2458a6c0812db0a2f066034475d"", ""retrieved_at"": ""2026-07-19"", ""version"": ""1.65.1""}"
87f16d0678f50f2c,Apple App Store,app_review,HubSpot: Confusing Pricing and Poor User Experience with HubSpot,"The application is extremely confusing, especially regarding how to use it and how the pricing system works. Inside the platform, they constantly push different packages and upgrades onto users who may not fully understand the system. Everything feels unnecessarily complicated and disorganized. I signed up for HubSpot because of the positive reviews, but honestly, my experience was completely different. At this point, I do not believe many of those reviews reflect real customer experiences. I definitely do not recommend HubSpot based on my experience.",https://itunes.apple.com/us/review?id=1107711722&type=Purple%20Software,2026-05-29T05:32:26-07:00,small business crm,"{""app"": ""HubSpot"", ""app_id"": ""1107711722"", ""eligibility_rule"": ""Apple rating<=3; 3-star requires pain marker; text>=50; native review ID"", ""native_id"": ""14119276335"", ""rating"": ""1"", ""record_sha256"": ""5c85a81cce679301c353a2b36929f021a7cc6b196ad3d2215078779af8264052"", ""retrieved_at"": ""2026-07-19"", ""version"": ""4.90.0""}"
78c6954d10391e00,Apple App Store,app_review,Acuity: Appointment Scheduler: OPT-IN/OUT of SMS,Acuity is now FORCING clients and therapists to opt-in for txt reminders FOR EVERY SINGLE APPT! I’ve had 2 no-shows bc they didn’t get their reminders that they have been getting for years. AND NO ONE WAS NOTIFIED OF THIS CHANGE. NOT THE THERAPISTS OR THE CLIENTS. Wasted a lot of time and money on this issue. DONT GET THIS SPP,https://itunes.apple.com/us/review?id=1179146771&type=Purple%20Software,2026-05-30T14:04:47-07:00,appointment scheduling business,"{""app"": ""Acuity: Appointment Scheduler"", ""app_id"": ""1179146771"", ""eligibility_rule"": ""Apple rating<=3; 3-star requires pain marker; text>=50; native review ID"", ""native_id"": ""14124825681"", ""rating"": ""1"", ""record_sha256"": ""161a7cc2ec80748f1ece31e06374ba4bd654f880ee554643c5b9f1acf9401eac"", ""retrieved_at"": ""2026-07-19"", ""version"": ""84.0.0""}"
d15abdb8b8235632,Apple App Store,app_review,Acuity: Appointment Scheduler: Unreliable verification system and inefficient scheduling tools,"Acuity’s sign-in process can be frustrating. When you’re logged out, it requires a verification code to get back in—but there have been multiple instances where the code takes days to arrive, which makes it unreliable for scheduling. Additionally, if you make a mistake in your timeline, there’s no simple fix—you have to manually adjust each entry, which is very time-consuming.",https://itunes.apple.com/us/review?id=1179146771&type=Purple%20Software,2026-04-27T17:30:27-07:00,appointment scheduling business,"{""app"": ""Acuity: Appointment Scheduler"", ""app_id"": ""1179146771"", ""eligibility_rule"": ""Apple rating<=3; 3-star requires pain marker; text>=50; native review ID"", ""native_id"": ""14004139622"", ""rating"": ""2"", ""record_sha256"": ""a28c0d060f0f8e18f254dc3d166c43759c2359f1b2b54bc478404097a05870a2"", ""retrieved_at"": ""2026-07-19"", ""version"": ""80.0.0""}"
3f3b203b9196e9a7,Apple App Store,app_review,Riser: Small Business CRM: SCAM AND FAKE REVIEWS,It’s a scam Read all the reviews are fake or paid for,https://itunes.apple.com/us/review?id=1484656561&type=Purple%20Software,2023-07-31T05:04:34-07:00,small business crm,"{""app"": ""Riser: Small Business CRM"", ""app_id"": ""1484656561"", ""eligibility_rule"": ""Apple rating<=3; 3-star requires pain marker; text>=50; native review ID"", ""native_id"": ""10203153099"", ""rating"": ""1"", ""record_sha256"": ""f588c10c8c312a3034bd884cf70d80414a67690607d886540e6c3b00a96554d5"", ""retrieved_at"": ""2026-07-19"", ""version"": ""1.185""}"
3e4bc6f9b0fab086,Apple App Store,app_review,Nutshell – Small Business CRM: Updates Needed,Needs serious updates all around. Basically useless except as a contacts list.,https://itunes.apple.com/us/review?id=337938121&type=Purple%20Software,2025-10-27T08:01:58-07:00,small business crm,"{""app"": ""Nutshell – Small Business CRM"", ""app_id"": ""337938121"", ""eligibility_rule"": ""Apple rating<=3; 3-star requires pain marker; text>=50; native review ID"", ""native_id"": ""13321284236"", ""rating"": ""1"", ""record_sha256"": ""14228a4164e7654a54af538215a1eee8c9263751191c033103b46d8eb4457524"", ""retrieved_at"": ""2026-07-19"", ""version"": ""3.3.0""}"
173502a11203889e,Apple App Store,app_review,Nutshell – Small Business CRM: Latest version of iOS completing a task causes app to crash. Need to fix!,It’s useless for the app on a iOS if I can’t complete a task and the app crashes….,https://itunes.apple.com/us/review?id=337938121&type=Purple%20Software,2024-01-16T05:52:37-07:00,small business crm,"{""app"": ""Nutshell – Small Business CRM"", ""app_id"": ""337938121"", ""eligibility_rule"": ""Apple rating<=3; 3-star requires pain marker; text>=50; native review ID"", ""native_id"": ""10828511171"", ""rating"": ""2"", ""record_sha256"": ""56b0d77132b2a9decd8fd762e168387f1e97203c4c2c5c7a4d8253dfac88852f"", ""retrieved_at"": ""2026-07-19"", ""version"": ""3.2.2""}"
3819ac0c17178e5b,Apple App Store,app_review,Zoho CRM - Sales & Marketing: Calendar doesn’t sync with Zoho!!!,When you link your Zoho calendar it doesn’t show your event in the CRM calendar!!! What’s the point if you have to use 2 different calendars? Zoho needs to fix this! It’s supposed to integrate according to the settings and it just doesn’t work!,https://itunes.apple.com/us/review?id=444908810&type=Purple%20Software,2025-08-25T23:10:53-07:00,small business crm,"{""app"": ""Zoho CRM - Sales & Marketing"", ""app_id"": ""444908810"", ""eligibility_rule"": ""Apple rating<=3; 3-star requires pain marker; text>=50; native review ID"", ""native_id"": ""13061599062"", ""rating"": ""1"", ""record_sha256"": ""b72edd1c2b3da27b862a45e5727faa4f959d9b62ae11273842db1d27fb009fd8"", ""retrieved_at"": ""2026-07-19"", ""version"": ""3.17.18""}"
e75958d486ae8c54,Apple App Store,app_review,Zoho CRM - Sales & Marketing: Update is terrible. Edit — AGAIN,"You just made every single thing that our company uses on your app more difficult to access. This update is terrible. Creating a task and leaving a note need to be the easiest things to access on someone’s contact/meeting page. Now they are all in a different place and inside other menus. I don’t need everything’s font to be bigger, I need what I use to be accessible without clicking through 3 menus first. May 2026 update — App is completely broken, cannot view meetings. Clicking on a meeting causes a frozen loading screen that you cannot click the back button in. Force closing app is only way to get out of it. Why’d you have to mess up something that worked perfectly fine before? This new UI is still terrible.",https://itunes.apple.com/us/review?id=444908810&type=Purple%20Software,2026-05-14T10:19:51-07:00,small business crm,"{""app"": ""Zoho CRM - Sales & Marketing"", ""app_id"": ""444908810"", ""eligibility_rule"": ""Apple rating<=3; 3-star requires pain marker; text>=50; native review ID"", ""native_id"": ""14064247750"", ""rating"": ""2"", ""record_sha256"": ""b1126f009b566c4f5b5d95f3d5a1f440a09c84c1e29a91f3774961f14ff8e459"", ""retrieved_at"": ""2026-07-19"", ""version"": ""3.18.7""}"
1db8e1e6067487be,Apple App Store,app_review,Mindbody Business: App is lagging with the clients,Unfortunately I’m paying for an app and not getting any benefits. We have to do the booking manually from the front desk as 80% of our clients get an error msg every time they try to book,https://itunes.apple.com/us/review?id=599125654&type=Purple%20Software,2026-04-04T11:15:19-07:00,appointment scheduling business,"{""app"": ""Mindbody Business"", ""app_id"": ""599125654"", ""eligibility_rule"": ""Apple rating<=3; 3-star requires pain marker; text>=50; native review ID"", ""native_id"": ""13922481646"", ""rating"": ""1"", ""record_sha256"": ""9596aca1e7500a4c0f22623bbb910ffc84e7f018514fafe8f7ddd707da34d7c4"", ""retrieved_at"": ""2026-07-19"", ""version"": ""7.69.0""}"
b6d40b1802a51d8e,Apple App Store,app_review,Setmore Appointment Scheduling: What’s App reminders,"The automated reminder message sent via what’s app to clients need to be reworded. Please be more precise and include the words ""Do Not Reply"" Too many cancellations because clients reply to those reminders. Fix this please.",https://itunes.apple.com/us/review?id=665859578&type=Purple%20Software,2026-05-16T18:37:51-07:00,appointment scheduling business,"{""app"": ""Setmore Appointment Scheduling"", ""app_id"": ""665859578"", ""eligibility_rule"": ""Apple rating<=3; 3-star requires pain marker; text>=50; native review ID"", ""native_id"": ""14073038956"", ""rating"": ""1"", ""record_sha256"": ""8bcb484b0cae6e29990771efd420a57700aa1e1f0f63eddcbbd7ca67e07b1934"", ""retrieved_at"": ""2026-07-19"", ""version"": ""6.84.0""}"
b8cd5fc75f2a0862,Apple App Store,app_review,"Booksy Biz: Booking & Payments: Ratchet, sketchy, and sloppy","Out of all my bad experiences with apps, this one is the worse, not only for how bad this app is, but because it only gets worse over time. You will think that some services will improve over time but not this one, they keep pushing you to get more money out of you as if you work for them while negotiating the customer service and limiting services unless you pay them. UUUGGHH!! Stinks!!!",https://itunes.apple.com/us/review?id=725335996&type=Purple%20Software,2026-07-08T18:27:41-07:00,appointment scheduling business,"{""app"": ""Booksy Biz: Booking & Payments"", ""app_id"": ""725335996"", ""eligibility_rule"": ""Apple rating<=3; 3-star requires pain marker; text>=50; native review ID"", ""native_id"": ""14280153590"", ""rating"": ""1"", ""record_sha256"": ""28af73831ef30815aa3397e735c294946f38e682dda191707db50cd0744cf50f"", ""retrieved_at"": ""2026-07-19"", ""version"": ""26.07.0700""}"
2b879ab7cb3f9852,Apple App Store,app_review,Visibook Appointment Scheduler: Essentially no customer service,"If you have a problem with the app then, good luck. The only assistance is via chat. It says someone typically responds within minutes but I’ve waited days before!!",https://itunes.apple.com/us/review?id=961171461&type=Purple%20Software,2025-03-15T11:09:27-07:00,appointment scheduling business,"{""app"": ""Visibook Appointment Scheduler"", ""app_id"": ""961171461"", ""eligibility_rule"": ""Apple rating<=3; 3-star requires pain marker; text>=50; native review ID"", ""native_id"": ""12424340489"", ""rating"": ""1"", ""record_sha256"": ""c3c83baec987687140fe2e7a5345a42f21fa912cad9f680d8b441ed977d05f94"", ""retrieved_at"": ""2026-07-19"", ""version"": ""1.2.0""}"
c99fbc43c84d922a,Apple App Store,app_review,Visibook Appointment Scheduler: App keeps crashing,I Ben using this app for about 2 years now but the app always crashes and it never loads anymore when I try to open it up. It’s making me consider finding a new app for my business.,https://itunes.apple.com/us/review?id=961171461&type=Purple%20Software,2023-12-05T12:17:01-07:00,appointment scheduling business,"{""app"": ""Visibook Appointment Scheduler"", ""app_id"": ""961171461"", ""eligibility_rule"": ""Apple rating<=3; 3-star requires pain marker; text>=50; native review ID"", ""native_id"": ""10661028984"", ""rating"": ""2"", ""record_sha256"": ""fda4b66d5739c7d7f08bc4a32bdc7902003586b231caa779675a0f2e7059b8f2"", ""retrieved_at"": ""2026-07-19"", ""version"": ""1.0.0""}"
1ae304a86ddfb939,Apple App Store,app_review,Podium - Small Business Tools: Avoid podium like the plague,Been using the platform for a few years. The ai is trash. Their only suggestion is purchase their own crm. So they want me to pay more to maybe let the ai work? The company is only focused on going public they don’t care at all about their customers or employees for that matter. Highly suggest going elsewhere for any business. Just waiting for my contract to end to leave.,https://itunes.apple.com/us/review?id=971412288&type=Purple%20Software,2026-04-15T13:31:05-07:00,small business crm,"{""app"": ""Podium - Small Business Tools"", ""app_id"": ""971412288"", ""eligibility_rule"": ""Apple rating<=3; 3-star requires pain marker; text>=50; native review ID"", ""native_id"": ""13961661438"", ""rating"": ""1"", ""record_sha256"": ""e7fc28d8130442edab50b30b40e6bda96b9ceb8987a2098a4824b6ca50ff062c"", ""retrieved_at"": ""2026-07-19"", ""version"": ""2026.15.1""}"
c52d6e506c3b6044,Apple App Store,app_review,Podium - Small Business Tools: READ YOUR CONTRACT CAREFULLY!The Podium contract,"The Podium contract has a “Gotcha clause,” you cannot cancel unless you do so at least 30 days before but not more than 90 days before your contract renewal. I’ve paid Podium for 5 years and tried to cancel. I missed the window and now have to pay $480 a month for ten more months. The way the contract is written I thought it was just the first year.",https://itunes.apple.com/us/review?id=971412288&type=Purple%20Software,2026-04-04T22:27:41-07:00,small business crm,"{""app"": ""Podium - Small Business Tools"", ""app_id"": ""971412288"", ""eligibility_rule"": ""Apple rating<=3; 3-star requires pain marker; text>=50; native review ID"", ""native_id"": ""13924062595"", ""rating"": ""2"", ""record_sha256"": ""744c7c98247945dbb2c94c007707cf170577c5fbb379f2353d93565d31207eb5"", ""retrieved_at"": ""2026-07-19"", ""version"": ""2026.14.1""}"
3718f6e57f9ff001,Apple App Store,app_review,Square Appointments: Scheduler: Mobile version is TERRIBLE,"if you make any schedule changes, it will not load for DAYS. Very inconvenient when it’s my days off work and I need to check something. glitches and crashes OFTEN. If you have multiple locations and try to switch from one to the other, good luck!! notes I take on client files often don’t save when doing it with the mobile app, desktop version seems to work SLIGHTLY better ALSO the new update for the desktop application is horrific. Makes it so much harder to locate and edit notes in appointments and the text is SOOOO small, with so much empty space on the screen. Worst update so far",https://itunes.apple.com/us/review?id=1023050786&type=Purple%20Software,2026-06-15T09:33:44-07:00,appointment scheduling business,"{""app"": ""Square Appointments: Scheduler"", ""app_id"": ""1023050786"", ""eligibility_rule"": ""Apple rating<=3; 3-star requires pain marker; text>=50; native review ID"", ""native_id"": ""14186251652"", ""rating"": ""1"", ""record_sha256"": ""c73da86e17e8568115e054eab07ff983f705a70f0fc33d20303b441ecaf3343e"", ""retrieved_at"": ""2026-07-19"", ""version"": ""7.11.1""}"
ac904a90a18d28b4,Apple App Store,app_review,HoneyBook - Small Business CRM: Lots of bugs lately,"Over the past couple months the app has been so glitchy. Anytime I try to add a smart file to a project the app freezes up and I’m forced to quit it. I’ve contacted the HoneyBook support team multiple times about this with no solution. I’m forced to only use the desktop version of HoneyBook which is extremely frustrating. For the price, this shouldn’t be an issue I have to deal with.",https://itunes.apple.com/us/review?id=1104772757&type=Purple%20Software,2026-04-17T19:13:08-07:00,small business crm,"{""app"": ""HoneyBook - Small Business CRM"", ""app_id"": ""1104772757"", ""eligibility_rule"": ""Apple rating<=3; 3-star requires pain marker; text>=50; native review ID"", ""native_id"": ""13969437781"", ""rating"": ""2"", ""record_sha256"": ""be436d1e68602fc6605db17396876861ee331a7b72342aadd2949ff8dcb6e52b"", ""retrieved_at"": ""2026-07-19"", ""version"": ""1.62.4""}"
ab872fc6ea74d7a2,Apple App Store,app_review,HubSpot: Waste More Time Than Saved,"This app is so glitchy! I waste so much time getting AI to help me form emails and then losing them because of a glitch on the Phone app. I don’t have time to pull out my laptop and do everything on my computer every time. This app is forced on me by my company, is highly non-intuitive, and redundant (have to input contact, company, and lead completely separately with no autonomous entry, not even the ability to pull company information from a website, which is the first required entry!)—I really can’t be more displeased",https://itunes.apple.com/us/review?id=1107711722&type=Purple%20Software,2026-05-07T09:06:18-07:00,small business crm,"{""app"": ""HubSpot"", ""app_id"": ""1107711722"", ""eligibility_rule"": ""Apple rating<=3; 3-star requires pain marker; text>=50; native review ID"", ""native_id"": ""14038514476"", ""rating"": ""1"", ""record_sha256"": ""ca16de41b4b4ef2f4c90bf4b57decb5b0e65b7dff3c42aad756aa5480d005d07"", ""retrieved_at"": ""2026-07-19"", ""version"": ""4.87.0""}"
998ea457f591aac8,Apple App Store,app_review,Acuity: Appointment Scheduler: Does not live up to the hype,"I’ve used Acuity for over two years, and unfortunately it’s been more frustrating than helpful. The biggest issue is reliability. Sessions aren’t always counted accurately, which forces me to track them manually despite paying for the software to do that for me. I’ve also had recurring problems with classes not actually being removed after I delete them. I think they’re gone, only to get notified later that someone booked into the class, leaving me to apologize and cancel the booking. That’s unprofessional and has cost me business. The app is also glitchy, doesn’t always capture payment information reliably, and my schedule doesn’t consistently sync with my iPhone calendar. Managing appointment types can be confusing, and the overall layout isn’t very intuitive. After two years, I haven’t seen meaningful improvements that make running my business easier. I hope the developers focus on fixing reliability, improving the user experience, and making the app more dependable for small business owners.",https://itunes.apple.com/us/review?id=1179146771&type=Purple%20Software,2026-06-29T12:54:25-07:00,appointment scheduling business,"{""app"": ""Acuity: Appointment Scheduler"", ""app_id"": ""1179146771"", ""eligibility_rule"": ""Apple rating<=3; 3-star requires pain marker; text>=50; native review ID"", ""native_id"": ""14242252262"", ""rating"": ""1"", ""record_sha256"": ""8a3051bd240b9d87743b9bc42e5f8def97330880ae68c98916a906057ed6711d"", ""retrieved_at"": ""2026-07-19"", ""version"": ""87.0.0""}"
69129dbc74a0940e,Apple App Store,app_review,Riser: Small Business CRM: Only fake leads,Unfortunately I have had a horrible experience with this app. All the leads are fake. Got to the point that one lead happened to be a coworker that had not requested any service. I tried to get my money back with no response from customer service,https://itunes.apple.com/us/review?id=1484656561&type=Purple%20Software,2022-11-10T12:59:54-07:00,small business crm,"{""app"": ""Riser: Small Business CRM"", ""app_id"": ""1484656561"", ""eligibility_rule"": ""Apple rating<=3; 3-star requires pain marker; text>=50; native review ID"", ""native_id"": ""9275826908"", ""rating"": ""1"", ""record_sha256"": ""c7c1c96db284e8e14dfd78efaeef5e006b572911add210b7cab47c2d48766847"", ""retrieved_at"": ""2026-07-19"", ""version"": ""1.180""}"
5a97d493bb49b99c,Apple App Store,app_review,Nutshell – Small Business CRM: Come on Nutshell,Really good desktop but doesn’t travel well for CRM.,https://itunes.apple.com/us/review?id=337938121&type=Purple%20Software,2025-09-23T05:37:15-07:00,small business crm,"{""app"": ""Nutshell – Small Business CRM"", ""app_id"": ""337938121"", ""eligibility_rule"": ""Apple rating<=3; 3-star requires pain marker; text>=50; native review ID"", ""native_id"": ""13174165057"", ""rating"": ""1"", ""record_sha256"": ""8d0ec50ed6e8b78676869cfefc965f258b363e1155e34475b963de8c93724888"", ""retrieved_at"": ""2026-07-19"", ""version"": ""3.3.0""}"
20cf03c950c6634c,Apple App Store,app_review,Nutshell – Small Business CRM: Don’t waste your time with the app,Big fan of the desktop version but the app is just a piece of junk. Don’t waste your time downloading it or trying to work through it.,https://itunes.apple.com/us/review?id=337938121&type=Purple%20Software,2024-12-28T06:49:27-07:00,small business crm,"{""app"": ""Nutshell – Small Business CRM"", ""app_id"": ""337938121"", ""eligibility_rule"": ""Apple rating<=3; 3-star requires pain marker; text>=50; native review ID"", ""native_id"": ""12115950139"", ""rating"": ""2"", ""record_sha256"": ""c5d4d879eaf5a9ec3fe34219f66a0f4fdc0678d42a255aeda1174fa0645177fb"", ""retrieved_at"": ""2026-07-19"", ""version"": ""3.2.2""}"
3aa4e7054f0e93cf,Apple App Store,app_review,Zoho CRM - Sales & Marketing: Invalid phone number getting real enoying,Can’t enter a phone number. Keep getting invalid phone number. Doesn’t matter how I enter it.,https://itunes.apple.com/us/review?id=444908810&type=Purple%20Software,2026-06-24T10:20:06-07:00,small business crm,"{""app"": ""Zoho CRM - Sales & Marketing"", ""app_id"": ""444908810"", ""eligibility_rule"": ""Apple rating<=3; 3-star requires pain marker; text>=50; native review ID"", ""native_id"": ""14221409200"", ""rating"": ""1"", ""record_sha256"": ""43ee79730177b0aa022cb0f653b2c83b36d2e18c20070679deef01fd68136c5e"", ""retrieved_at"": ""2026-07-19"", ""version"": ""3.19.4""}"
3db5202472f8a65f,Apple App Store,app_review,Mindbody Business: Need to delete and redownload every time,Every time a new instructor is on the schedule it will not show their name unless you delete the app and redownload.,https://itunes.apple.com/us/review?id=599125654&type=Purple%20Software,2026-04-07T11:33:07-07:00,appointment scheduling business,"{""app"": ""Mindbody Business"", ""app_id"": ""599125654"", ""eligibility_rule"": ""Apple rating<=3; 3-star requires pain marker; text>=50; native review ID"", ""native_id"": ""13933103195"", ""rating"": ""1"", ""record_sha256"": ""e99a305dfca8681f72cccd98e7a87f6a137b28e990ed03a449bd7db11810c7e3"", ""retrieved_at"": ""2026-07-19"", ""version"": ""7.69.0""}"
b78bcfc0a0a4c60b,Apple App Store,app_review,Setmore Appointment Scheduling: Locked behind premium,"I’ve been using this app since I started my business and it’s been wonderful. Especially the two way calendar sync. I decided to give premium a chance and after the trial ended, decided not to move forward. Little did I know they added the two way calendar sync to premium (used to be free) after the downgrade, it took that away. It’s really frustrating when a company lets you have a feature for free then locks it behind a paywall. This has caused a lot of headache for no reason.",https://itunes.apple.com/us/review?id=665859578&type=Purple%20Software,2025-12-09T05:20:15-07:00,appointment scheduling business,"{""app"": ""Setmore Appointment Scheduling"", ""app_id"": ""665859578"", ""eligibility_rule"": ""Apple rating<=3; 3-star requires pain marker; text>=50; native review ID"", ""native_id"": ""13493565885"", ""rating"": ""1"", ""record_sha256"": ""ac8fec183d7a06b7f64c31a7f916e8cc15bcd06da41fba1ae97b0b2635ee5b92"", ""retrieved_at"": ""2026-07-19"", ""version"": ""6.68.1""}"
ef0ddea7513c6cc4,Apple App Store,app_review,Booksy Biz: Booking & Payments: No client received,Ive been paying and any clients in over 2 months I’m unhappy that I must pay to not receive clients.,https://itunes.apple.com/us/review?id=725335996&type=Purple%20Software,2026-07-15T19:22:06-07:00,appointment scheduling business,"{""app"": ""Booksy Biz: Booking & Payments"", ""app_id"": ""725335996"", ""eligibility_rule"": ""Apple rating<=3; 3-star requires pain marker; text>=50; native review ID"", ""native_id"": ""14308476907"", ""rating"": ""1"", ""record_sha256"": ""cf00a029f08084bcd29d27b33ab42ff05a77eff7484c5c757345f75347d3e053"", ""retrieved_at"": ""2026-07-19"", ""version"": ""26.07.1000""}"
4523c3414e25b5ac,Apple App Store,app_review,Visibook Appointment Scheduler: Not working,"After the latest iOS update, Visibook opens but the calendar is completely blank. I’ve reinstalled and checked permissions.”",https://itunes.apple.com/us/review?id=961171461&type=Purple%20Software,2026-01-28T06:54:07-07:00,appointment scheduling business,"{""app"": ""Visibook Appointment Scheduler"", ""app_id"": ""961171461"", ""eligibility_rule"": ""Apple rating<=3; 3-star requires pain marker; text>=50; native review ID"", ""native_id"": ""13685519796"", ""rating"": ""1"", ""record_sha256"": ""94d1c8276b2a8c22ee449b8693da59dcf1b5d3f49227f82ebf90f9b4fd12db85"", ""retrieved_at"": ""2026-07-19"", ""version"": ""1.2.0""}"
23492f757b8c7913,Apple App Store,app_review,Podium - Small Business Tools: Very Frustrating,"We have been with Podium for 15 months now. Some things are great, and come as advertised. Reviews, follow-ups, and bulk messaging, and credit card processing have all been great benefits to add. However, the AI portion of this company is far from what we were promised. For over a year, we have asked the 7 different customer service managers that we have been assigned to resolve these issues. The AI will change its name, change the script, tell customers we offer things that we don’t, turn away customers for services we do offer, change the name of our company, etc etc. The list goes on and on. And no matter how many times we have complained and been promised that this would be resolved, the issues just continue to get worse. We are very disappointed in this, and are actively seeking to get away from the AI and back to an answering service. We are very tired and disappointed in the service and the support we have received on this aspect. We placed a lot of our eggs in this basket, and it is going to be a long, disappointing process to re-implement the old procedures to make up for what we were promised with Podium. I encourage anyone looking into an AI CSM to seek something else.",https://itunes.apple.com/us/review?id=971412288&type=Purple%20Software,2026-07-13T05:18:35-07:00,small business crm,"{""app"": ""Podium - Small Business Tools"", ""app_id"": ""971412288"", ""eligibility_rule"": ""Apple rating<=3; 3-star requires pain marker; text>=50; native review ID"", ""native_id"": ""14297856804"", ""rating"": ""1"", ""record_sha256"": ""9c2e916366097a61bbe9a5a9bfc1db0cfcfe1b5eb3be0477c77947b2caefa3f1"", ""retrieved_at"": ""2026-07-19"", ""version"": ""2026.28.1""}"
fb9a88f29042f8e9,Apple App Store,app_review,Podium - Small Business Tools: Not built for car dealers,Spend more of my time trying to help them work out kinks and train their robot than I do on the job I'm paid to do.,https://itunes.apple.com/us/review?id=971412288&type=Purple%20Software,2025-11-18T09:26:19-07:00,small business crm,"{""app"": ""Podium - Small Business Tools"", ""app_id"": ""971412288"", ""eligibility_rule"": ""Apple rating<=3; 3-star requires pain marker; text>=50; native review ID"", ""native_id"": ""13413557616"", ""rating"": ""2"", ""record_sha256"": ""53f31b8c7936af3bc2bdd367ee30b06f50dce07e5d9758692bfa1c61d6015417"", ""retrieved_at"": ""2026-07-19"", ""version"": ""2025.44.1""}"
ddff4aff303a0b27,Apple App Store,app_review,HoneyBook - Small Business CRM: Not intuitive and not good for iPad users,I have the hardest time doing the simplest things. Their mobile version is inadequate and I use my iPad for everything.,https://itunes.apple.com/us/review?id=1104772757&type=Purple%20Software,2026-04-18T16:26:30-07:00,small business crm,"{""app"": ""HoneyBook - Small Business CRM"", ""app_id"": ""1104772757"", ""eligibility_rule"": ""Apple rating<=3; 3-star requires pain marker; text>=50; native review ID"", ""native_id"": ""13972735198"", ""rating"": ""2"", ""record_sha256"": ""0446a678db68361e15496ee6bfc957c4928e018b24299e69d29f4cbfac6d95cc"", ""retrieved_at"": ""2026-07-19"", ""version"": ""1.62.4""}"
d9f54c1a4ea9bd39,Apple App Store,app_review,HubSpot: Garbage,Keeps locking my account when I’m logged into my work computer vs. my phone.,https://itunes.apple.com/us/review?id=1107711722&type=Purple%20Software,2025-12-19T12:40:03-07:00,small business crm,"{""app"": ""HubSpot"", ""app_id"": ""1107711722"", ""eligibility_rule"": ""Apple rating<=3; 3-star requires pain marker; text>=50; native review ID"", ""native_id"": ""13532330926"", ""rating"": ""1"", ""record_sha256"": ""acf4fd2b34925afa2b508a725b104e5e74f7621d6a7dd211b7aded86da731760"", ""retrieved_at"": ""2026-07-19"", ""version"": ""4.78.0""}"
b343f397f691b26c,Apple App Store,app_review,Acuity: Appointment Scheduler: Horrible,"DO NOT USE THIS APP!!!! DO NOT DOWNLOAD!!! I’ve had one of the most frustrating experiences with Acuity Scheduling. If I could give zero stars, I would. The customer service has been extremely disappointing. Every time I contact support, I either get generic copy-and-paste responses or I’m transferred to someone who simply repeats the same information without actually solving the problem. It often feels like the representatives don’t fully understand the product they’re supporting. I’ve been trying for over three months to get help setting up my state sales tax correctly, and the issue is still unresolved. Despite multiple conversations with support, no one has been able to provide a clear solution or walk me through the process. For a scheduling platform that’s designed for businesses, something this basic shouldn’t be so difficult. I’m now stuck using Acuity because my business is already integrated with Squarespace, otherwise I would have switched to another booking platform long ago. The software itself has potential, but the lack of knowledgeable customer support completely overshadows it. When you’re running a business, you need timely and accurate assistance—not endless back-and-forth conversations that lead nowhere. I sincerely hope Acuity invests in better training for its support team and improves the overall customer service experience. Right now, I cannot recommend this platform to other business owners.",https://itunes.apple.com/us/review?id=1179146771&type=Purple%20Software,2026-07-04T19:26:20-07:00,appointment scheduling business,"{""app"": ""Acuity: Appointment Scheduler"", ""app_id"": ""1179146771"", ""eligibility_rule"": ""Apple rating<=3; 3-star requires pain marker; text>=50; native review ID"", ""native_id"": ""14264293614"", ""rating"": ""1"", ""record_sha256"": ""49b707234ea1604cb024a5ff69ac3c279fc4b7a41c5e971d6800061f66cae0fb"", ""retrieved_at"": ""2026-07-19"", ""version"": ""87.0.0""}"
dab5e6b460df6d3c,Apple App Store,app_review,Riser: Small Business CRM: Leads are not vetted.,The leads are not vetted. Just tried out their service and the lead had no idea how her contact info was given out. She has no need for a wedding photographer as her venue has provided one. As a wedding photographer this came across poorly on my part for contacting someone who never asked to be contacted.,https://itunes.apple.com/us/review?id=1484656561&type=Purple%20Software,2022-10-01T11:24:50-07:00,small business crm,"{""app"": ""Riser: Small Business CRM"", ""app_id"": ""1484656561"", ""eligibility_rule"": ""Apple rating<=3; 3-star requires pain marker; text>=50; native review ID"", ""native_id"": ""9140939088"", ""rating"": ""1"", ""record_sha256"": ""030cad6214a2886a627115b95d292d7941126a5b4686af0c362b612d4ba9f1f1"", ""retrieved_at"": ""2026-07-19"", ""version"": ""1.180""}"
639104beacf69621,Apple App Store,app_review,Nutshell – Small Business CRM: E-mail can’t sync 2 at a time,You can connect two email addresses but can’t sync them at the same time. So you can only receive email from one. How does that even make sense? Why allow us to set up two when you can only use one. It seems suspicious like they want to read both,https://itunes.apple.com/us/review?id=337938121&type=Purple%20Software,2024-07-24T16:30:07-07:00,small business crm,"{""app"": ""Nutshell – Small Business CRM"", ""app_id"": ""337938121"", ""eligibility_rule"": ""Apple rating<=3; 3-star requires pain marker; text>=50; native review ID"", ""native_id"": ""11531182323"", ""rating"": ""1"", ""record_sha256"": ""3a5c6e0caa70dd72c59a5649ffc9057d0a9e5de7bf8be2d2020e14a67be4d6b4"", ""retrieved_at"": ""2026-07-19"", ""version"": ""3.2.2""}"
283f1a0be0cedb4f,Apple App Store,app_review,Nutshell – Small Business CRM: Promises much but low delivery,"Would really like to be able to use the app on the go. Other than adding a new contact, the rest of the functionality is buggy and doesn’t work most of the time. App crashes when you try to upload a document or when you try to record an activity. It would be really nice if you guys put some attention into updates.",https://itunes.apple.com/us/review?id=337938121&type=Purple%20Software,2024-08-15T16:24:42-07:00,small business crm,"{""app"": ""Nutshell – Small Business CRM"", ""app_id"": ""337938121"", ""eligibility_rule"": ""Apple rating<=3; 3-star requires pain marker; text>=50; native review ID"", ""native_id"": ""11614683139"", ""rating"": ""2"", ""record_sha256"": ""a14d566ce81635bf1e874c10aecade59dd6b6dee603864b9c8de346ecbe1615a"", ""retrieved_at"": ""2026-07-19"", ""version"": ""3.2.2""}"
3b153ba2006a7436,Apple App Store,app_review,Zoho CRM - Sales & Marketing: Crashed and is extremely slow,"This app used to my go to for the CRM. I don’t what they did on some recent updates, but it’s terrible. It crashes all day long and is slow to load. It’s become unusable now.",https://itunes.apple.com/us/review?id=444908810&type=Purple%20Software,2026-07-06T10:21:20-07:00,small business crm,"{""app"": ""Zoho CRM - Sales & Marketing"", ""app_id"": ""444908810"", ""eligibility_rule"": ""Apple rating<=3; 3-star requires pain marker; text>=50; native review ID"", ""native_id"": ""14270788418"", ""rating"": ""1"", ""record_sha256"": ""308f3afb875727421f64d2c55cfb1efd1fc4c2f5afce8adc9913ba0293a6acf4"", ""retrieved_at"": ""2026-07-19"", ""version"": ""3.19.5""}"
4664aefc3aa6fd5d,Apple App Store,app_review,Mindbody Business: Logo,"Please change edit appointment function to allow to change date AND time before having to hit done. As it stands, I end up having to cancel and rebook because it books in earliest open time slot regardless of whether the appointment fits in the time slot or not and disregarding later times that would accommodate the whole appointment.",https://itunes.apple.com/us/review?id=599125654&type=Purple%20Software,2026-06-30T09:38:32-07:00,appointment scheduling business,"{""app"": ""Mindbody Business"", ""app_id"": ""599125654"", ""eligibility_rule"": ""Apple rating<=3; 3-star requires pain marker; text>=50; native review ID"", ""native_id"": ""14245857725"", ""rating"": ""1"", ""record_sha256"": ""775769d687fa99231e966deab899d46c7e2c394dbe85c59374adbc44c66d98c4"", ""retrieved_at"": ""2026-07-19"", ""version"": ""7.79.0""}"
f974223d148d72e5,Apple App Store,app_review,Setmore Appointment Scheduling: App not responding,This app was always so handy! But the last couple of weeks have really sucked. The app doesn’t even open. It’s stays frozen on the logo and “loading” but never loads open,https://itunes.apple.com/us/review?id=665859578&type=Purple%20Software,2025-09-30T13:29:33-07:00,appointment scheduling business,"{""app"": ""Setmore Appointment Scheduling"", ""app_id"": ""665859578"", ""eligibility_rule"": ""Apple rating<=3; 3-star requires pain marker; text>=50; native review ID"", ""native_id"": ""13206226389"", ""rating"": ""1"", ""record_sha256"": ""f8787776cbbee60f5d17db0538a5263942000aa41668deca38b89553d6a5c76b"", ""retrieved_at"": ""2026-07-19"", ""version"": ""6.60.1""}"
9799076ea49957ba,Apple App Store,app_review,Visibook Appointment Scheduler: issues,I have to turn my phone off and back on often to access my app,https://itunes.apple.com/us/review?id=961171461&type=Purple%20Software,2023-12-05T11:40:53-07:00,appointment scheduling business,"{""app"": ""Visibook Appointment Scheduler"", ""app_id"": ""961171461"", ""eligibility_rule"": ""Apple rating<=3; 3-star requires pain marker; text>=50; native review ID"", ""native_id"": ""10660943288"", ""rating"": ""1"", ""record_sha256"": ""8dad579924c1efa855f7b0e0bbafa4c49c9318ae113c8c32e4cb2d5c107b27b7"", ""retrieved_at"": ""2026-07-19"", ""version"": ""1.0.0""}"
2d33e7f4a9ceafea,Apple App Store,app_review,Podium - Small Business Tools: HORRIBLE Service After The Sale,"Originally happy with it but the tool has gone totally off the rails and I can’t get our sales rep to return a call or email. Have tried his manager, no reply. Our product rep has sent messages to them internally, no reply. Until Stephen Nord or his manager return our call, this review will stand. I wouldn’t encourage anyone sign up for this as they’ll abandon you once you need help. Totally disgusting customer service!",https://itunes.apple.com/us/review?id=971412288&type=Purple%20Software,2026-02-02T08:22:39-07:00,small business crm,"{""app"": ""Podium - Small Business Tools"", ""app_id"": ""971412288"", ""eligibility_rule"": ""Apple rating<=3; 3-star requires pain marker; text>=50; native review ID"", ""native_id"": ""13705169428"", ""rating"": ""1"", ""record_sha256"": ""bf4abd54c2fbbd317a6d32a8b3edbca338c9223ee0715f2bd0eb1b2bffe0a386"", ""retrieved_at"": ""2026-07-19"", ""version"": ""2026.3.0""}"
f3b6e196a0f87b29,Apple App Store,app_review,HubSpot: Awful,I have used this CRM for 10 years and it feels like a prison sentence. It is expensive and tedious and is the polar opposite of being user friendly. I cannot wait until our contract ends.,https://itunes.apple.com/us/review?id=1107711722&type=Purple%20Software,2026-06-03T11:14:07-07:00,small business crm,"{""app"": ""HubSpot"", ""app_id"": ""1107711722"", ""eligibility_rule"": ""Apple rating<=3; 3-star requires pain marker; text>=50; native review ID"", ""native_id"": ""14140041485"", ""rating"": ""1"", ""record_sha256"": ""151e964692ff848eab62ddd26d2a44e29fb31eecfe58e347429febbf6402346f"", ""retrieved_at"": ""2026-07-19"", ""version"": ""4.91.0""}"
cc47ed81c496b14c,Apple App Store,app_review,Acuity: Appointment Scheduler: Not reliable,"I’ve been using acuity for over 8 years now. This app is not consistent it always crashes & cherry on top now it’s now allowing me to renew my monthly subscription. I’ve tried selecting the upgrade option thru multiple devices and it always shows an error message. Resulting in clients booking without having them submit a deposit which is REQUIRED before booking is complete. Now I have to send individual invoices because this app is so trash. It’s day 2 of me trying to pay and it’s still now allowing me to. It also doesn’t keep you signed in on the app or doesn’t show appointments on your books sometimes unless you reload it. So inconvenient, makes me want to switch to a more reliable system. Because this app is trash now.",https://itunes.apple.com/us/review?id=1179146771&type=Purple%20Software,2026-06-24T03:33:41-07:00,appointment scheduling business,"{""app"": ""Acuity: Appointment Scheduler"", ""app_id"": ""1179146771"", ""eligibility_rule"": ""Apple rating<=3; 3-star requires pain marker; text>=50; native review ID"", ""native_id"": ""14220085292"", ""rating"": ""1"", ""record_sha256"": ""2ce0ccf7b00fc80698342950712670dcceed4b432bb13c6a90d4a544b24e656c"", ""retrieved_at"": ""2026-07-19"", ""version"": ""87.0.0""}"
f65bb917f8bd2483,Apple App Store,app_review,Riser: Small Business CRM: Scam,Do not use this app. They will just change your account preference to marketing for no reason and then not respond when you never authorized a change.,https://itunes.apple.com/us/review?id=1484656561&type=Purple%20Software,2023-09-20T10:13:10-07:00,small business crm,"{""app"": ""Riser: Small Business CRM"", ""app_id"": ""1484656561"", ""eligibility_rule"": ""Apple rating<=3; 3-star requires pain marker; text>=50; native review ID"", ""native_id"": ""10388762957"", ""rating"": ""1"", ""record_sha256"": ""ab767bc3afb07d1124cae3642ae8a7bde46588d41e37bfd8c135f95d7e6a1775"", ""retrieved_at"": ""2026-07-19"", ""version"": ""1.186""}"
8048779daeeecbb3,Apple App Store,app_review,Nutshell – Small Business CRM: Time for a major improvement,"Last update a year ago. Many bugs and crashes. The app is not user friendly. It’s high time for a major update. As much as we like the web version, the app is simply not it! Help!",https://itunes.apple.com/us/review?id=337938121&type=Purple%20Software,2024-12-30T20:24:37-07:00,small business crm,"{""app"": ""Nutshell – Small Business CRM"", ""app_id"": ""337938121"", ""eligibility_rule"": ""Apple rating<=3; 3-star requires pain marker; text>=50; native review ID"", ""native_id"": ""12126100125"", ""rating"": ""1"", ""record_sha256"": ""1221aed0c4df36323ef831f77dd91e096e5862b31046e35b5663184e05dc7160"", ""retrieved_at"": ""2026-07-19"", ""version"": ""3.2.2""}"
b9a9c7a45f21437c,Apple App Store,app_review,Nutshell – Small Business CRM: I like nutshell but the iOS app is rough,"Aside from missing functionality, there are screens you can’t actually use (like logging activity). It’s simply missing a ton and surprisingly poorly made. It also crashes a lot.",https://itunes.apple.com/us/review?id=337938121&type=Purple%20Software,2021-08-18T01:40:21-07:00,small business crm,"{""app"": ""Nutshell – Small Business CRM"", ""app_id"": ""337938121"", ""eligibility_rule"": ""Apple rating<=3; 3-star requires pain marker; text>=50; native review ID"", ""native_id"": ""7706214121"", ""rating"": ""2"", ""record_sha256"": ""05893046aa8285a56cd4654506d00e8fddede75360fb969cc02ef0c95c6591a2"", ""retrieved_at"": ""2026-07-19"", ""version"": ""3.1.2""}"
4e0a6c22852b1b87,Apple App Store,app_review,Zoho CRM - Sales & Marketing: Service went down hill quick,"I use the serum for work and it worked pretty easily, but then they updated the user interface and now it’s completely confusing. They rolled it out with no support or training.",https://itunes.apple.com/us/review?id=444908810&type=Purple%20Software,2026-03-27T09:10:34-07:00,small business crm,"{""app"": ""Zoho CRM - Sales & Marketing"", ""app_id"": ""444908810"", ""eligibility_rule"": ""Apple rating<=3; 3-star requires pain marker; text>=50; native review ID"", ""native_id"": ""13893068412"", ""rating"": ""1"", ""record_sha256"": ""ec2f387ab177463ff9528f188c2bf6bb3cf209c9ee186fb86b0e5f5d3d9ec589"", ""retrieved_at"": ""2026-07-19"", ""version"": ""3.18.4""}"
50ad3b33a3a72967,Apple App Store,app_review,Mindbody Business: Stay away,I have used this for years. In the beginning it worked well for what we needed. Our monthly price has consistently increased. MB has switched merchant account services and I have been severely overcharged example a $400 charge they took $94 and with no explanation. They charged me a $30 new client discovery fee?? Never have I been charged that before. All new ways to rip our small business off. I have switched to gym desk! Way cheaper with way more services.,https://itunes.apple.com/us/review?id=599125654&type=Purple%20Software,2026-03-23T09:38:17-07:00,appointment scheduling business,"{""app"": ""Mindbody Business"", ""app_id"": ""599125654"", ""eligibility_rule"": ""Apple rating<=3; 3-star requires pain marker; text>=50; native review ID"", ""native_id"": ""13879072904"", ""rating"": ""1"", ""record_sha256"": ""a15ec13e49145bdf7837584ad6b1b9cfb0098d5244f8a7faeb1dc2618b748d0f"", ""retrieved_at"": ""2026-07-19"", ""version"": ""7.67.0""}"
9a2562ae727636af,Apple App Store,app_review,Visibook Appointment Scheduler: Constant struggle with this app,"At the beginning was great but now is a constant struggle to book, the app will freeze and have to do it all again. Every random day the app wont work and you will be blind from ur schedule. Two days now with app down and theres no way to contact a support team. Steer away from this one.",https://itunes.apple.com/us/review?id=961171461&type=Purple%20Software,2026-01-28T07:04:08-07:00,appointment scheduling business,"{""app"": ""Visibook Appointment Scheduler"", ""app_id"": ""961171461"", ""eligibility_rule"": ""Apple rating<=3; 3-star requires pain marker; text>=50; native review ID"", ""native_id"": ""13685553814"", ""rating"": ""1"", ""record_sha256"": ""cad6683430783c486ff8bc53e6137af7a58d7c570947f66fe6b8f07843777981"", ""retrieved_at"": ""2026-07-19"", ""version"": ""1.2.0""}"
67823fae0e70cfd3,Apple App Store,app_review,Podium - Small Business Tools: Deceptive business practices,"This company has been sending repeated threats and collection notices to our business that are for a completely unrelated business. I've explained to them on countless occasions that we are not affiliated, other than sharing a similar name, and that the company they are going after is out of business. My company has never used their software or signed any agreements with Podium. In fact, all of their invoices show another company's name and another company's address. Despite that, they continue to harass and threaten the reputation of our business. I recommend others be cautious and these are shady and deceptive business practices. This is a business that is willing to proceed with a false representation of debt under the FDCPA, and blatantly and knowingly violate the law to try and collect money from unrelated parties. Imagine what it will look like if you actually signed up for their services and tried to cancel in the future.",https://itunes.apple.com/us/review?id=971412288&type=Purple%20Software,2026-04-13T08:41:24-07:00,small business crm,"{""app"": ""Podium - Small Business Tools"", ""app_id"": ""971412288"", ""eligibility_rule"": ""Apple rating<=3; 3-star requires pain marker; text>=50; native review ID"", ""native_id"": ""13954000413"", ""rating"": ""1"", ""record_sha256"": ""f9db5a4270b5a5cb3aca750860c25630d59a9cac9553092b264de8a585b75ba2"", ""retrieved_at"": ""2026-07-19"", ""version"": ""2026.15.1""}"
fce4eaf8e67f52d8,Apple App Store,app_review,HubSpot: Can’t login,"I can’t rate the app because no matter what method I try, I cannot login to my account. Given the ratings, I wish I could access it.",https://itunes.apple.com/us/review?id=1107711722&type=Purple%20Software,2026-05-14T22:17:09-07:00,small business crm,"{""app"": ""HubSpot"", ""app_id"": ""1107711722"", ""eligibility_rule"": ""Apple rating<=3; 3-star requires pain marker; text>=50; native review ID"", ""native_id"": ""14065981473"", ""rating"": ""1"", ""record_sha256"": ""bfebd6396a8840097b607de35afd2813d78cdbc2f16505481dd405e23e358634"", ""retrieved_at"": ""2026-07-19"", ""version"": ""4.89.0""}"
aadc128ae5eb291b,Apple App Store,app_review,Nutshell – Small Business CRM: Very buggy.,Crashes often. Wouldn’t load my data. Bad interface.,https://itunes.apple.com/us/review?id=337938121&type=Purple%20Software,2023-05-11T09:09:02-07:00,small business crm,"{""app"": ""Nutshell – Small Business CRM"", ""app_id"": ""337938121"", ""eligibility_rule"": ""Apple rating<=3; 3-star requires pain marker; text>=50; native review ID"", ""native_id"": ""9916165716"", ""rating"": ""1"", ""record_sha256"": ""52450299052e51bb30431b2c18b9f8326ebe86c8bdcdf9d247b270ad0b059614"", ""retrieved_at"": ""2026-07-19"", ""version"": ""3.2.1""}"
6e2410507cf1e00e,Apple App Store,app_review,Zoho CRM - Sales & Marketing: Zoho is the Temu version of Salesforce,"I want to love Zoho and they do a lot of things that are directionally correct, but they don’t actually listen to customers and routinely drop the ball on core functionality. It’s as if they have great development, but poor management and execution…",https://itunes.apple.com/us/review?id=444908810&type=Purple%20Software,2026-02-05T18:14:30-07:00,small business crm,"{""app"": ""Zoho CRM - Sales & Marketing"", ""app_id"": ""444908810"", ""eligibility_rule"": ""Apple rating<=3; 3-star requires pain marker; text>=50; native review ID"", ""native_id"": ""13717705581"", ""rating"": ""1"", ""record_sha256"": ""19b8ef7373c3823fb3ec0177504b38887d5ca50ad051536fda3df8f6d1ebfd00"", ""retrieved_at"": ""2026-07-19"", ""version"": ""3.17.33""}"
833c762a1c2059c1,Apple App Store,app_review,Mindbody Business: Features not working,Unable to login from one studio to another we have an account rep Wendy but she has not been able to help us in The past 2 months. This problem is very frustrating. I wish you guys could figure it out. I’ve also called in and no resolution.,https://itunes.apple.com/us/review?id=599125654&type=Purple%20Software,2026-07-02T03:11:23-07:00,appointment scheduling business,"{""app"": ""Mindbody Business"", ""app_id"": ""599125654"", ""eligibility_rule"": ""Apple rating<=3; 3-star requires pain marker; text>=50; native review ID"", ""native_id"": ""14253101865"", ""rating"": ""1"", ""record_sha256"": ""09a7bee16ca2112a0dd8b0faec0fa45be36fdf1a5bd43727161dd3979a9e429c"", ""retrieved_at"": ""2026-07-19"", ""version"": ""7.79.0""}"
a0877f3aa43a92eb,Apple App Store,app_review,Visibook Appointment Scheduler: Horrible performance issues,"Visibooks used to be good a few years ago but now we constantly have issues with the calendar freezing up, not loading and just generally sluggish. Sometimes it is down for hours and we are not able to serve our clients. If the owners of Visibooks would actually spend some time on fixing their calendar it would be good but for now stay away.",https://itunes.apple.com/us/review?id=961171461&type=Purple%20Software,2024-02-28T05:58:56-07:00,appointment scheduling business,"{""app"": ""Visibook Appointment Scheduler"", ""app_id"": ""961171461"", ""eligibility_rule"": ""Apple rating<=3; 3-star requires pain marker; text>=50; native review ID"", ""native_id"": ""10988822906"", ""rating"": ""1"", ""record_sha256"": ""f217903e4fa1345a3fe885cdce915d107f70885163431c6b8213d92301046f1b"", ""retrieved_at"": ""2026-07-19"", ""version"": ""1.1.0""}"
c644f45b352c5b9b,Apple App Store,app_review,Podium - Small Business Tools: Review ability issues,"App works intermittently, not reliable for clients to give reviews 100% of time",https://itunes.apple.com/us/review?id=971412288&type=Purple%20Software,2026-05-02T07:57:32-07:00,small business crm,"{""app"": ""Podium - Small Business Tools"", ""app_id"": ""971412288"", ""eligibility_rule"": ""Apple rating<=3; 3-star requires pain marker; text>=50; native review ID"", ""native_id"": ""14020378675"", ""rating"": ""1"", ""record_sha256"": ""4358511b250727221b910b061621f331386c5f7a8dc05bfd75b2413fc414e672"", ""retrieved_at"": ""2026-07-19"", ""version"": ""2026.18.1""}"
bac5cf0592ac4b9e,Apple App Store,app_review,Nutshell – Small Business CRM: Do not get,"This app was ok, but very difficult to cancel. They only want your money",https://itunes.apple.com/us/review?id=337938121&type=Purple%20Software,2025-10-28T18:15:47-07:00,small business crm,"{""app"": ""Nutshell – Small Business CRM"", ""app_id"": ""337938121"", ""eligibility_rule"": ""Apple rating<=3; 3-star requires pain marker; text>=50; native review ID"", ""native_id"": ""13327409946"", ""rating"": ""1"", ""record_sha256"": ""a9168806a35594b2aca22182ed16264e89220c29884ff0718be1091fc9a703df"", ""retrieved_at"": ""2026-07-19"", ""version"": ""3.3.0""}"
73b5232c6dc5c21f,Apple App Store,app_review,Zoho CRM - Sales & Marketing: Update,Not a fan of the new update. It makes it difficult to find account and related account. I hope this gets updated soon.,https://itunes.apple.com/us/review?id=444908810&type=Purple%20Software,2026-05-14T15:19:09-07:00,small business crm,"{""app"": ""Zoho CRM - Sales & Marketing"", ""app_id"": ""444908810"", ""eligibility_rule"": ""Apple rating<=3; 3-star requires pain marker; text>=50; native review ID"", ""native_id"": ""14065040491"", ""rating"": ""1"", ""record_sha256"": ""2653fa04190ac38b24dedd0f5ecdc9af638c95139f9666f7dd1386f7f2aca562"", ""retrieved_at"": ""2026-07-19"", ""version"": ""3.18.7""}"
8e7c9905161e71a3,Apple App Store,app_review,Mindbody Business: FRAUD BEWARE!!,DO NOT sign with them. I cancelled my yearly subscription with them 36 days prior to a renewal as they require a 30 day notice. I have been emailing back and forth with Phil from client engagement. Mindbody responded March 9 saying I cannot cancel my plan because it is passed the 30 day notice. They were completely unfair and gave me no realistic time frame to respond to security questions to cancel my subscription plan for 2026 and am now being told that I will have to pay $80/month for the next year although I will not be using their services. Phil is clearly not understanding that MINDBODY is in the wrong for this. BEWARE. This company is fraudulent.,https://itunes.apple.com/us/review?id=599125654&type=Purple%20Software,2026-04-22T13:56:06-07:00,appointment scheduling business,"{""app"": ""Mindbody Business"", ""app_id"": ""599125654"", ""eligibility_rule"": ""Apple rating<=3; 3-star requires pain marker; text>=50; native review ID"", ""native_id"": ""13986400879"", ""rating"": ""1"", ""record_sha256"": ""c6147f167918356733b3989e14ea64b216bcacf7dc15efd9f42230c1e0bac809"", ""retrieved_at"": ""2026-07-19"", ""version"": ""7.70.0""}"
b0f30b7c905b2130,Apple App Store,app_review,Visibook Appointment Scheduler: Just stops working,Every month or so it just Stops Working for days. I close it nothing. I check for updates nothing. Try to open without WiFi nothing. Have to DELETE and Reinstall. After years subpar mechanics I really gotta find another scheduler.,https://itunes.apple.com/us/review?id=961171461&type=Purple%20Software,2024-03-08T06:37:50-07:00,appointment scheduling business,"{""app"": ""Visibook Appointment Scheduler"", ""app_id"": ""961171461"", ""eligibility_rule"": ""Apple rating<=3; 3-star requires pain marker; text>=50; native review ID"", ""native_id"": ""11021836010"", ""rating"": ""1"", ""record_sha256"": ""2ed5e4734224330008e865fd17a67b46275bb21e292a1adb24d0db9018d6b7b5"", ""retrieved_at"": ""2026-07-19"", ""version"": ""1.1.0""}"
792d0d60591bc364,Apple App Store,app_review,Zoho CRM - Sales & Marketing: Full of regrets,Zoho has been my biggest regret EVER!!! I am constantly overcharged. For 6 months my emails were not being sent out and I was almost bankrupt before finding out Zoho had inadvertently changed my email settings. Now I’m getting charged for more users than I have. Zoho is the absolute WORST BUSINESS TO EVER DEAL WITH!,https://itunes.apple.com/us/review?id=444908810&type=Purple%20Software,2025-09-04T05:16:13-07:00,small business crm,"{""app"": ""Zoho CRM - Sales & Marketing"", ""app_id"": ""444908810"", ""eligibility_rule"": ""Apple rating<=3; 3-star requires pain marker; text>=50; native review ID"", ""native_id"": ""13097565452"", ""rating"": ""1"", ""record_sha256"": ""80e80518cb4b4f3314dcc0debf30333d0ee63288e9a29cb83ff8263b8eab65d4"", ""retrieved_at"": ""2026-07-19"", ""version"": ""3.17.18""}"
8f7a93a44682baed,Apple App Store,app_review,Mindbody Business: Do Not Use This Company For Your Business,"I recently purchased a second studio that uses Mindbody, and honestly, it’s been a nightmare. The platform is incredibly unintuitive, clunky, and far from user-friendly for both clients and business owners. My clients are frustrated, and I’m spending an absurd amount of time troubleshooting instead of actually running my business. It’s wild how much extra work this system creates. What should be simple tasks turn into time-consuming problems, and the overall experience feels outdated and unnecessarily complicated. I’m actively exploring other booking platforms and as soon as I find a better solution, I’m making the switch. This has been beyond disappointing and a huge waste of time and money! BEWARE!!!",https://itunes.apple.com/us/review?id=599125654&type=Purple%20Software,2026-04-06T17:22:56-07:00,appointment scheduling business,"{""app"": ""Mindbody Business"", ""app_id"": ""599125654"", ""eligibility_rule"": ""Apple rating<=3; 3-star requires pain marker; text>=50; native review ID"", ""native_id"": ""13930472928"", ""rating"": ""1"", ""record_sha256"": ""3405d1009fbae1055d7ae5909f5418104fb3cbf3c8957473c731e8d07d878998"", ""retrieved_at"": ""2026-07-19"", ""version"": ""7.69.0""}"
ee708b2b5184df6e,Apple App Store,app_review,Visibook Appointment Scheduler: New Update giving me problems,"So disappointed in their latest update, I am no longer getting SMS notifications and have reached out to them about this 9 days ago and have not heard back. I choose visi book because it has always been wonderful for me for the many years I’ve used it. Unfortunately. I am no longer getting the text notifications that I rely on . This is urgent and I need to know how to get it restored !",https://itunes.apple.com/us/review?id=961171461&type=Purple%20Software,2024-06-07T20:08:21-07:00,appointment scheduling business,"{""app"": ""Visibook Appointment Scheduler"", ""app_id"": ""961171461"", ""eligibility_rule"": ""Apple rating<=3; 3-star requires pain marker; text>=50; native review ID"", ""native_id"": ""11356021915"", ""rating"": ""1"", ""record_sha256"": ""5233f78c6dbaa29ba1f30aac82f9e41736d4605dca68f92f72ddd12b08fb3c66"", ""retrieved_at"": ""2026-07-19"", ""version"": ""1.1.0""}"
980af12358c34886,Apple App Store,app_review,Zoho CRM - Sales & Marketing: Does not work with IPhone 17,The app has not updated yet to meet the needs of the new iPhone.,https://itunes.apple.com/us/review?id=444908810&type=Purple%20Software,2025-10-10T11:21:51-07:00,small business crm,"{""app"": ""Zoho CRM - Sales & Marketing"", ""app_id"": ""444908810"", ""eligibility_rule"": ""Apple rating<=3; 3-star requires pain marker; text>=50; native review ID"", ""native_id"": ""13249408308"", ""rating"": ""1"", ""record_sha256"": ""a4b51455c63fe86ed36c7d59e0d3256b5a5139098a74808b5e70d4bdf93d91dc"", ""retrieved_at"": ""2026-07-19"", ""version"": ""3.17.21""}"
947a7cf1b701397f,Apple App Store,app_review,Mindbody Business: THE WORST,I have been giving them my business for 5 years. They are THE WORST and once you sign a contract they will never answer your calls or help you. HIGHLYYYYY RECOMMEND using another platform,https://itunes.apple.com/us/review?id=599125654&type=Purple%20Software,2026-04-27T10:55:25-07:00,appointment scheduling business,"{""app"": ""Mindbody Business"", ""app_id"": ""599125654"", ""eligibility_rule"": ""Apple rating<=3; 3-star requires pain marker; text>=50; native review ID"", ""native_id"": ""14003187944"", ""rating"": ""1"", ""record_sha256"": ""10174de4c44d716ecda71d56421c03d539e6e5e7c4d3e05d9884d09b638ee6af"", ""retrieved_at"": ""2026-07-19"", ""version"": ""7.71.0""}"
fd5e8060c2045d4e,Apple App Store,app_review,Visibook Appointment Scheduler: Hit or miss,The app works good at times and then it will stop operating! This happens at any time and usually deleting it and reinstalling fixes the problem. For the past 2 or 3 days it’s not working at all! This is terrible for my business!!!!,https://itunes.apple.com/us/review?id=961171461&type=Purple%20Software,2026-01-29T01:13:28-07:00,appointment scheduling business,"{""app"": ""Visibook Appointment Scheduler"", ""app_id"": ""961171461"", ""eligibility_rule"": ""Apple rating<=3; 3-star requires pain marker; text>=50; native review ID"", ""native_id"": ""13688391667"", ""rating"": ""1"", ""record_sha256"": ""9164b17a70ef5bd07fe9f0cef1f128ff06c1301621240f12cf1cab337168ba79"", ""retrieved_at"": ""2026-07-19"", ""version"": ""1.2.0""}"
988e0e3696a67be4,Apple App Store,app_review,Zoho CRM - Sales & Marketing: Does not work,I’ve had this app for years and it’s never worked. Cannot access contacts and can’t even see leads. Some say it’s still loading,https://itunes.apple.com/us/review?id=444908810&type=Purple%20Software,2025-08-05T05:06:17-07:00,small business crm,"{""app"": ""Zoho CRM - Sales & Marketing"", ""app_id"": ""444908810"", ""eligibility_rule"": ""Apple rating<=3; 3-star requires pain marker; text>=50; native review ID"", ""native_id"": ""12978679754"", ""rating"": ""1"", ""record_sha256"": ""2a0fdc49b8657501d304d7ebeeea97e47b69b5b0439327c612fcd47b6e813633"", ""retrieved_at"": ""2026-07-19"", ""version"": ""3.17.16""}"
a993754f6a21a905,Apple App Store,app_review,Mindbody Business: Locked in a Subscription I did not want. Lied !!!Fraud,I’m so upset with these people it’s ridiculous. I just want out of this so-called fraud contract that they got me stuck in and lied to me and said it was a three month trial. Now I’m locked in for another six months and didn’t even sign up for it I just want out. I’m so sick of dealing with this all the emails going back-and-forth. I wish I had never ever ever even came in contact with these people. It’s a fraud game has to be because why would you lock someone in something? They had no intentions or aware they were being locked in. Then telling them that they can’t get out.,https://itunes.apple.com/us/review?id=599125654&type=Purple%20Software,2026-03-17T14:17:21-07:00,appointment scheduling business,"{""app"": ""Mindbody Business"", ""app_id"": ""599125654"", ""eligibility_rule"": ""Apple rating<=3; 3-star requires pain marker; text>=50; native review ID"", ""native_id"": ""13858954865"", ""rating"": ""1"", ""record_sha256"": ""e0a364ef7fae114c7fc456a1fc44ae07c46d508f56c53c2eb44b2254aacd0c9a"", ""retrieved_at"": ""2026-07-19"", ""version"": ""7.67.0""}"
ba4ad65beff89e11,Apple App Store,app_review,Zoho CRM - Sales & Marketing: Horrible sync,"The zoho app seems to have been an afterthought. No reports or analytics whatsoever, maps are awful, layout horrific. Zero customization options that are beneficial. If you need a CRM with an app look elsewhere",https://itunes.apple.com/us/review?id=444908810&type=Purple%20Software,2026-05-13T08:34:14-07:00,small business crm,"{""app"": ""Zoho CRM - Sales & Marketing"", ""app_id"": ""444908810"", ""eligibility_rule"": ""Apple rating<=3; 3-star requires pain marker; text>=50; native review ID"", ""native_id"": ""14060276460"", ""rating"": ""1"", ""record_sha256"": ""57b010155b7382ff1ceef02de120c489764b7c42f07f159b3d84b54a9015e2bd"", ""retrieved_at"": ""2026-07-19"", ""version"": ""3.18.7""}"
b9131e35b574f990,Apple App Store,app_review,Mindbody Business: Always a bug,"Currently I have not been able to click on clients and look at their information in over a week. I am unable to check on their wavers, etc. very frustrating",https://itunes.apple.com/us/review?id=599125654&type=Purple%20Software,2026-05-27T19:25:11-07:00,appointment scheduling business,"{""app"": ""Mindbody Business"", ""app_id"": ""599125654"", ""eligibility_rule"": ""Apple rating<=3; 3-star requires pain marker; text>=50; native review ID"", ""native_id"": ""14114029955"", ""rating"": ""1"", ""record_sha256"": ""ad25abe67079753962540dee4d54c371874af3bd900225612fe935653a2f0136"", ""retrieved_at"": ""2026-07-19"", ""version"": ""7.73.0""}"
d9abc6da663e3dd1,Apple App Store,app_review,Zoho CRM - Sales & Marketing: No support,Total you are on your own experience. I think AI bots run this thing. Tried canceling. Next to impossible.,https://itunes.apple.com/us/review?id=444908810&type=Purple%20Software,2026-05-11T15:44:03-07:00,small business crm,"{""app"": ""Zoho CRM - Sales & Marketing"", ""app_id"": ""444908810"", ""eligibility_rule"": ""Apple rating<=3; 3-star requires pain marker; text>=50; native review ID"", ""native_id"": ""14054204664"", ""rating"": ""1"", ""record_sha256"": ""067707f7cc6b52cfd5cfa354c3716e8541a4f2698a010e9a00899f9569d6ede8"", ""retrieved_at"": ""2026-07-19"", ""version"": ""3.18.6""}"
c8f75c54cde1b92e,Apple App Store,app_review,Mindbody Business: Terrible Training Provided,I’ve been using this platform for 2 months and all I’ve been trained on is how to schedule appointments. I’m literally spending $300 a month for a calendar. Even the 2 training sessions I’ve received for terrible. I do not recommend this platform.,https://itunes.apple.com/us/review?id=599125654&type=Purple%20Software,2026-06-10T12:46:07-07:00,appointment scheduling business,"{""app"": ""Mindbody Business"", ""app_id"": ""599125654"", ""eligibility_rule"": ""Apple rating<=3; 3-star requires pain marker; text>=50; native review ID"", ""native_id"": ""14167278835"", ""rating"": ""1"", ""record_sha256"": ""db77289dd09f8f29635e3ba07aacd89c6cd212a8b366f428eb4e91e7503297f9"", ""retrieved_at"": ""2026-07-19"", ""version"": ""7.76.0""}"
f68a9b5c71f87da8,Apple App Store,app_review,Zoho CRM - Sales & Marketing: Push notifications,It doesn’t give real time push notification when a new lead is added.,https://itunes.apple.com/us/review?id=444908810&type=Purple%20Software,2025-08-22T10:16:24-07:00,small business crm,"{""app"": ""Zoho CRM - Sales & Marketing"", ""app_id"": ""444908810"", ""eligibility_rule"": ""Apple rating<=3; 3-star requires pain marker; text>=50; native review ID"", ""native_id"": ""13047905379"", ""rating"": ""1"", ""record_sha256"": ""dab3c68c41d521ee0f77b87368825c5ce05c346b7e8399442c1679fd428c8b96"", ""retrieved_at"": ""2026-07-19"", ""version"": ""3.17.17""}"
df723acf90178cd9,Apple App Store,app_review,Mindbody Business: Annoying,My Job uses this for clients and it’s a nightmare. Every update things are changing making it harder to see clients pasts visits. Glitching like crazy. Thankfully I don’t have to worry about scams and subscriptions but if I ever started my own business mind body would not be an option. 0/10 for me,https://itunes.apple.com/us/review?id=599125654&type=Purple%20Software,2026-05-07T07:51:42-07:00,appointment scheduling business,"{""app"": ""Mindbody Business"", ""app_id"": ""599125654"", ""eligibility_rule"": ""Apple rating<=3; 3-star requires pain marker; text>=50; native review ID"", ""native_id"": ""14038286602"", ""rating"": ""1"", ""record_sha256"": ""11a5c1f78d1c5f390309890bd3e5cc6fa050df5e4db7eddf57bd99048eb30adc"", ""retrieved_at"": ""2026-07-19"", ""version"": ""7.72.0""}"
09ccd0a5d90dddb7,Trusted OSS Issues,issue,Append agent name to the message on WhatsApp channel,"### Is your feature or enhancement related to a problem? Please describe. Similar to #5855. Many CW forks have an option to send the agent's name with the message they've sent. `clairton/chatwoot` for example, has an option that puts the agent name on top of the message, e.g.: ``` **My name**: hey there! ``` This feature is very useful when clients expect to be answered by a certain collaborator. Also, this type of stuff makes the CS process seem much more personal and tailored to the user, which is very important for every company. ### Describe the solution you'd like There should be an inbox option that appends the agent's name to the top of the message, or maybe a way to use templates, just like how canned responses work. So something like: ``` *{{agent.name}}*: {{message}} ``` ### Describe alternatives you've considered Right now, there are 2 alternatives: 1. using personal signatures: doesn't make sense on the WhatsApp channel, it's something you'd expect on an e-mail; 2. using canned responses: that would require typing / and selecting the response for every message they send, which is very counterintuitive. ### Additional context _No response_",https://github.com/chatwoot/chatwoot/issues/10827,2025-02-03T14:30:10Z,repo:chatwoot/chatwoot is:issue (task OR pipeline OR customer OR quote OR order OR payment),"{""comments"": 34, ""eligibility_rule"": ""Issue from predeclared mature OSS product repo; text>=100; domain term in title/body; native issue ID"", ""native_id"": 2827685597, ""node_id"": ""I_kwDODA66k86oiw7d"", ""record_sha256"": ""840d94d1cb5a0e1cf7f5a2f1fe13636872ccfc66d4f24bad887c39afd2f2017a"", ""repository"": ""chatwoot/chatwoot"", ""retrieved_at"": ""2026-07-19"", ""state"": ""open""}"
0068ace3acfa11a5,Trusted OSS Issues,issue,Email: Reply working not properly if email is sent not from a primary user address,"# Email Reply-To and Reply-To-All Issues **Please see how gmail works when you click reply or reply to all for a sent email and received email and the behaviour should be same in espocrm also** ## Our Settings We have group email accounts but no personal emails. Our emails have following purpose i.e. sales and support. Support email creates case. Sales emails either attaches email to lead or creates a lead and attaches email to it. Let's say my sales email, is sales@abc.com and support emails is support@abc.com. ## Problems ### Problem-1 - I received an email to sales@abc.com. - If i clicked reply to all, the cc is added as sales@abc.com, the ""From"" is ""sales@abc.com"". #### Expected Reply-to-all should avoid automatically adding the From address into cc. Also, Reply-to-all should avoid automatically adding group emails to cc. ## Problem-2 - I sent an email to a client say yuri@gmail.com from sales@abc.com - I didn't receive a response from yuri for a week. Now, I would want to follow up with yuri. So, I click on reply to the same email because I am following up. - On reply, the To box is filled with sales@abc.com - On reply-to-all, The To box is filled with sales@abc.com, the cc box is filled with sales@abc.com and yuri@gmail.com #### Expected - On reply, To box should be yuri@gmail.com - On reply-to-all, To box should be yuri@gmail.com, cc should still be empty.",https://github.com/espocrm/espocrm/issues/1388,2019-08-09T09:33:11Z,"repo:espocrm/espocrm is:issue (""follow up"" OR reminder OR inbox OR lead OR appointment OR invoice)","{""comments"": 8, ""eligibility_rule"": ""Issue from predeclared mature OSS product repo; text>=100; domain term in title/body; native issue ID"", ""native_id"": 478893042, ""node_id"": ""MDU6SXNzdWU0Nzg4OTMwNDI="", ""record_sha256"": ""c361fd05c28cd34adf7ae0aef2f92ea45f869b5b9648391dbe7e155723ad08eb"", ""repository"": ""espocrm/espocrm"", ""retrieved_at"": ""2026-07-19"", ""state"": ""closed""}"
08a155bf7ccc6038,Trusted OSS Issues,issue,PDC Management Suggestion - Full Feature [Bounty],"[![Bountysource](https://api.bountysource.com/badge/issue?issue_id=39242671)](https://www.bountysource.com/issues/39242671-pdc-management-suggestion-full-feature?utm_source=39242671&utm_medium=shield&utm_campaign=ISSUE_BADGE) Dear ALL, with reference to https://github.com/frappe/erpnext/issues/6859 , I think full feature required for managing PDCs are as follows:  FIELD TO BE ADDED IN JOURNAL/PAYMENT ENTRY • RECEIPT/VOUCHER DATE • DATE DEPOSITED (FOR PDCs RECEIVED)  In BANK RECONCILIATION, when bank account is not selected and the user clicked on “Get Payment Entries”, the Outstanding Cheques and Deposit in Transits for ALL Bank Accounts should be displayed based on the period covered selected. From there, user can update to which bank the cheque has been deposited (column for Deposited to - Bank Account Option). It should also automatically update entry to reclass the previously selected bank account during the initial entry when the cheque has been received. This is important to note since the company with different bank accounts have the discretion to which bank they want to deposit the cheque when it is due for deposit. This is also useful for companies receiving too many cheques in a day or a week in monitoring which cheques are still on hand awaiting for deposit. Update button should be added. In cases of Returned/Redeposited Cheques, there should also be a column in the Bank Reconciliation with label “Returned/Redeposited”. In the same way in entering when cheque was deposited, it should also automatically update reversal of initial entry on the journal (debiting back the receivable and crediting cash in bank for returned cheques / debiting back the cash in bank and crediting receivable for cheques redeposited)  FROM JOURNAL/PAYMENT ENTRY, A REPORT SAME AS THE BANK RECONCILIATION STATEMENT SHOULD BE GENERATED WITH THE FOLLOWING COLUMNS: • RECEIPT/VOUCHER DATE • POSTING DATE (SAME AS THE CHEQUE DATE) • PAYMENT ENTRY (Receipt/Voucher created ex. PDCR-00001, PDCI-00001, etc.) • AGAINST ACCOUNT (CUSTOMER/SUPPLIER, ETC.) • DEBIT AMOUNT • CREDIT AMOUNT • TOTAL FOR BOTH DEBIT AND CREDIT SIDE • CHEQUE/REFERENCE NO. • CHEQUE/REFERENCE DATE • DATE DEPOSITED / RETURNED • DEPOSITED TO (BANK ACCOUNT OPTION) NOTE: IN THIS REPORT, THERE SHOULD BE AN OPTION TO SELECT PERIOD COVERED FOR THE PERIOD WE WANT TO GENERATE  In connection to the above details, In CUSTOMER/SUPPLIER dashboard, below should be added aside from annual billing and total UNPAID (refers to invoices/returns only) Portion. PDCs RECEIVED BUT NOT YET CLEARED – this is to show how much PDCs were exactly received from the customer including uncleared cheques and paid to supplier including cheques date which have passed but not yet cleared in the bank. TOTAL OUTSTANDING - this portion does not only reflect invoices/returns made by customer/supplier but should also include journal entries made to book receivables/payables. This amount should not deduct uncleared cheques received/issued. NOTE: For most companies, not all users have the access to view GL to check how much PDC has been received/paid by customer or paid to supplier dashboard, in this case, we suggest to have this feature in viewing customer/supplier in ERPNext. Below is a sample for your reference: ![cus-](https://cloud.githubusercontent.com/assets/16744099/20304154/408e39e4-ab48-11e6-84a9-394f72d6fbe3.png) ![sup](https://cloud.githubusercontent.com/assets/16744099/20304162/48559550-ab48-11e6-90d6-a6592f300ca1.png)",https://github.com/frappe/erpnext/issues/6946,2016-11-15T11:33:05Z,repo:frappe/erpnext is:issue (task OR pipeline OR customer OR quote OR order OR payment),"{""comments"": 22, ""eligibility_rule"": ""Issue from predeclared mature OSS product repo; text>=100; domain term in title/body; native issue ID"", ""native_id"": 189367986, ""node_id"": ""MDU6SXNzdWUxODkzNjc5ODY="", ""record_sha256"": ""cc49ed7721cb0f34551d3cd2c4ef307bcfbda545af43fdc8fa7b383f7005dc9f"", ""repository"": ""frappe/erpnext"", ""retrieved_at"": ""2026-07-19"", ""state"": ""closed""}"
07e357f7d27dcdc9,Trusted OSS Issues,issue,Performance issues that causing users abandon mautic.,"What type of report is this: | Q | A | ---| --- | Bug report? | No | Feature request? | No | Enhancement? | Yes ## Description: The Problem: Slow processing for large lists. [link](https://www.mautic.org/community/index.php/5480-mautic-sending-speed) Problem Definition: 1. Getting 100% CPU usage on one core, Due to Single threaded PHP and using a single instance of `mautic:campaign:trigger`. How to solve: We need to implement multithreading, for this script, or split the lists of leads and send them to forks. I personally prefer the second option because it doesnt require users to recompile php. 2. Emails/Campaigns need priority Imagine the first problem is solved, and mautic is configured to use queue mode. having 3 campaigns to send 250k emails each, Users need Priority for a forth campaign that sending transnational emails. like sign up notifications an stuff. Priorities: Issue number one is high priority at the moment in my opinion. My configuration: - Self Hosted - 4vCPUs, Doesnt matter unfortunately :( - 8GB RAM - 230K Subscribers - Using Queue - 8Hours Send time - Using Postfix MTA with 128 Public Ips, Benchmarked for being able to send about 800,000 Emails/Hour",https://github.com/mautic/mautic/issues/3358,2017-02-07T10:25:17Z,repo:mautic/mautic is:issue (task OR pipeline OR customer OR quote OR order OR payment),"{""comments"": 31, ""eligibility_rule"": ""Issue from predeclared mature OSS product repo; text>=100; domain term in title/body; native issue ID"", ""native_id"": 205845303, ""node_id"": ""MDU6SXNzdWUyMDU4NDUzMDM="", ""record_sha256"": ""fbc9dad96d0e20bd0c92a56f4b464362dab015155c1a45f5437038dbf87eb461"", ""repository"": ""mautic/mautic"", ""retrieved_at"": ""2026-07-19"", ""state"": ""closed""}"
0e86c45f0ab6c871,Trusted OSS Issues,issue,Can't give you my money,"Trying to upgrade my account leads to a page that says ""Whoops, looks like something went wrong."" Take my money, dammit! Side note: I'm more than happy to give 10 bucks a month to help, as this project is something I'm REALLY looking forward to taking advantage of. That said, 10 bucks a month seems a little steep to me, at least at this stage of development. Just my 2 cents 😄. Any reasoning behind that price in particular?",https://github.com/monicahq/monica/issues/368,2017-06-22T02:01:25Z,repo:monicahq/monica is:issue (task OR pipeline OR customer OR quote OR order OR payment),"{""comments"": 14, ""eligibility_rule"": ""Issue from predeclared mature OSS product repo; text>=100; domain term in title/body; native issue ID"", ""native_id"": 237711898, ""node_id"": ""MDU6SXNzdWUyMzc3MTE4OTg="", ""record_sha256"": ""22a22d5523ae0a62079d6a8f8ecfef0042592397398ef791a3743baa0386acea"", ""repository"": ""monicahq/monica"", ""retrieved_at"": ""2026-07-19"", ""state"": ""closed""}"
19d17eed024879cd,Trusted OSS Issues,issue,Microsoft sync keeps failing,## Bug Description When attempting to sync my Microsoft account the process keeps failing. When I select reconnect it shows the importing icon but once I change panels it shows as failed. I have previously been able to connect and sync my account without issue but since 1.5 it seems to be less reliable. After reconnect the health dashboard shows this: These are some of the errors I am seeing when I run the sync process: I have confirmed that all the permissions are granted: ## Expected behavior The sync should connect with my Outlook account and be able to pull all data. ## Technical inputs - Hardware: Synology DS716+ - Platform: Docker - Docker Image: twentycrm/twenty:latest - Browsers: - Edge 140.0.3485.81 (64-bit) - Firefox 143.0.1 (64-bit) - Twenty CRM Version: 1.7.6,https://github.com/twentyhq/twenty/issues/14927,2025-10-07T04:52:53Z,repo:twentyhq/twenty is:issue (task OR pipeline OR customer OR quote OR order OR payment),"{""comments"": 33, ""eligibility_rule"": ""Issue from predeclared mature OSS product repo; text>=100; domain term in title/body; native issue ID"", ""native_id"": 3489940115, ""node_id"": ""I_kwDOIicM-87QBEKT"", ""record_sha256"": ""132aecbc09e470a5d20602ce94fe0fc7f7423780a58061189ceed03a6b5d0d39"", ""repository"": ""twentyhq/twenty"", ""retrieved_at"": ""2026-07-19"", ""state"": ""closed""}"
17389491bcd7353b,Trusted OSS Issues,issue,Office 365 Mailbox - Not Created,"### Describe the bug Same error as another [here](https://github.com/chatwoot/chatwoot/issues/7727), but their case is closed, re-opening. Whenever I try to add an Office 365 mailbox after logging in and authorizing the account, I'm redirected to the dashboard. No inbox is created. Checking the log, I can see the following message: `undefined method 'downcase' for nil:NilClass` I followed all instructions here: [https://www.chatwoot.com/docs/self-hosted/configuration/features/email-channel/azure-app-setup](https://www.chatwoot.com/docs/self-hosted/configuration/features/email-channel/azure-app-setup) ### To Reproduce 1. Access the new inbox screen 2. Select Email > Microsoft 3. Add mailbox address (the email address of the inbox I set up - [customerservices.chatwoot@mydomain.co.uk](mailto:customerservices.chatwoot@mydomain.co.uk)) 4. I get the office login screen, I use the email/password above. I get an unverified message, but I then have my admin login which is who created the App in Azure ([admin-email@mydomain.onmicrosoft.com](mailto:admin-email@mydomain.onmicrosoft.com)). Signed in 5. Authenticate / approve ### Expected behavior Proceed to Add Agent step ### Environment Linux VM ### Cloud Provider Azure ### Platform Browser ### Operating system Ubuntu 20.04 ### Browser and version Firefox 122.0 ### Docker (if applicable) *No response* ### Additional context Note: I replaced my actual domain with [**mydomain.co.uk**](http://mydomain.co.uk) ``` Feb 06 17:15:57 chatwoot chatwoot-web.1[230693]: OAuth2::AccessToken.from_hash: `hash` contained more than one 'token' key ([""access_token"", ""id_token""]); using ""access_token"". Feb 06 17:15:57 chatwoot chatwoot-web.1[230693]: E, [2024-02-06T17:15:57.922556 #230693] ERROR -- : [18faae79-e994-41d7-b921-81af1c7c62c3] undefined method `downcase' for nil:NilClass\ Feb 06 17:15:57 chatwoot chatwoot-web.1[230693]: I, [2024-02-06T17:15:57.923180 #230693] INFO -- : [18faae79-e994-41d7-b921-81af1c7c62c3] Redirected to https://chatwoot.mydomain.co.uk/ Feb 06 17:15:57 chatwoot chatwoot-web.1[230693]: I, [2024-02-06T17:15:57.923496 #230693] INFO -- : [18faae79-e994-41d7-b921-81af1c7c62c3] Completed 302 Found in 182ms (ActiveRecord: 0.0ms | Allocations: 4091) ``` **Supported account types** Accounts in any organizational directory (Any Microsoft Entra ID tenant - Multitenant) ![image](https://uploads.linear.app/2847f7b9-2caa-474c-b261-1c9bdc2a5da6/679cfcb5-b2f1-4724-884a-c8db4eb61377/e217ec4b-c0d0-46b7-aa97-fad28abe5b8f?signature=eyJhbGciOiJIUzI1NiIsInR5cCI6IkpXVCJ9.eyJwYXRoIjoiLzI4NDdmN2I5LTJjYWEtNDc0Yy1iMjYxLTFjOWJkYzJhNWRhNi82NzljZmNiNS1iMmYxLTQ3MjQtODg0YS1jOGRiNGViNjEzNzcvZTIxN2VjNGItYzBkMC00NmI3LWFhOTctZmFkMjhhYmU1YjhmIiwiaWF0IjoxNzA3MjQ0MzQzLCJleHAiOjMzMjc3ODA0MzQzfQ.xa1ob23vd9eX-BYj2SutlftNMXoP56dl0s4C64SOW6A) ![image](https://uploads.linear.app/2847f7b9-2caa-474c-b261-1c9bdc2a5da6/5858b8b7-33f8-45b2-9dbd-7826c40f5de0/33af8887-a5ee-4812-a100-3fcb9560f0d6?signature=eyJhbGciOiJIUzI1NiIsInR5cCI6IkpXVCJ9.eyJwYXRoIjoiLzI4NDdmN2I5LTJjYWEtNDc0Yy1iMjYxLTFjOWJkYzJhNWRhNi81ODU4YjhiNy0zM2Y4LTQ1YjItOWRiZC03ODI2YzQwZjVkZTAvMzNhZjg4ODctYTVlZS00ODEyLWExMDAtM2ZjYjk1NjBmMGQ2IiwiaWF0IjoxNzA3MjQ0MzQzLCJleHAiOjMzMjc3ODA0MzQzfQ.I8H7JaN7PoxKrwjlzp67KQ3F4SaLm2PfYJB_naHS_6U)",https://github.com/chatwoot/chatwoot/issues/8869,2024-02-06T17:29:43Z,repo:chatwoot/chatwoot is:issue (task OR pipeline OR customer OR quote OR order OR payment),"{""comments"": 46, ""eligibility_rule"": ""Issue from predeclared mature OSS product repo; text>=100; domain term in title/body; native issue ID"", ""native_id"": 2121337362, ""node_id"": ""I_kwDODA66k85-cQoS"", ""record_sha256"": ""bd408ad42dbb4e932530ca11c0f45f1c082125d5f30f061d6b3a2befc72f3375"", ""repository"": ""chatwoot/chatwoot"", ""retrieved_at"": ""2026-07-19"", ""state"": ""open""}"
0167b3c07cb21ea2,Trusted OSS Issues,issue,Failed SQL when running cleanup with PostgreSQL,"**Describe the bug** When running the cleanup job, failed sql is logged **To Reproduce (MANDATORY, DO NOT REMOVE)** Explicit steps to reproduce the behavior: 1. watch logs (ideally with logFailed = true in config) 2. php command.php run-job cleanup 3. something like [2025-05-14 08:25:29] ERROR: SQL failed: DELETE ""subscription"" FROM ""stream_subscription"" AS ""subscription"" WHERE ""subscription"".""id"" IN (SELECT ""stream_subscription"".""id"" AS ""id"" FROM ""stream_subscription"" JOIN ""meeting"" AS ""entity"" ON ""entity"".""id"" = ""stream_subscription"".""entity_id"" WHERE ((""stream_subscription"".""entity_type"" = 'Meeting') AND (""entity"".""date_start"" < '2025-03-14 08:25:29') AND (""entity"".""status"" IN ('Held','Not Held'))) AND ""stream_subscription"".""deleted"" = false) will be logged ... **Expected behavior** The sql should be valid and not fail. **Screenshots** If applicable, add screenshots to help explain your problem. **EspoCRM version** 9.1.1 **Additional context** Only tested this with postgres. The logic in the Subscriber cleanup seems ok, I think the issue is here: https://github.com/espocrm/espocrm/blob/650cc032b1c6fe8368452d669974099fb77fd3d0/application/Espo/ORM/QueryComposer/BaseQueryComposer.php#L3511-L3513",https://github.com/espocrm/espocrm/issues/3366,2025-05-14T08:34:17Z,repo:espocrm/espocrm is:issue (task OR pipeline OR customer OR quote OR order OR payment),"{""comments"": 10, ""eligibility_rule"": ""Issue from predeclared mature OSS product repo; text>=100; domain term in title/body; native issue ID"", ""native_id"": 3062296251, ""node_id"": ""I_kwDOAXU4sc62hu67"", ""record_sha256"": ""bdcca9073d558319b03dd656266dcd772a6ae1204d288af6463a001a83c79998"", ""repository"": ""espocrm/espocrm"", ""retrieved_at"": ""2026-07-19"", ""state"": ""closed""}"
0afdd2bfdbdb5a10,Trusted OSS Issues,issue,Unnecessary 0s (zeros) are put after value in Purchase Invoice section,"Hello, When I try to create a new purchase invoice and try to add quantity in creating a new item, it always puts extra 000 at the end and does not make the calculation for me right (see screenshot). Comment: I have the most recent ERPNext installed and all other function works well. Could you please check it why it is happening? Thank you very much. The error message that I get is this: [Log] Traceback (innermost last): (frappe.min.js, line 339) File ""/home/ortiv/public_html/erp/frappe/frappe-bench/apps/frappe/frappe/app.py"", line 46, in application response = frappe.handler.handle() File ""/home/ortiv/public_html/erp/frappe/frappe-bench/apps/frappe/frappe/handler.py"", line 66, in handle execute_cmd(cmd) File ""/home/ortiv/public_html/erp/frappe/frappe-bench/apps/frappe/frappe/handler.py"", line 84, in execute_cmd ret = frappe.call(method, *_frappe.form_dict) File ""/home/ortiv/public_html/erp/frappe/frappe-bench/apps/frappe/frappe/**init**.py"", line 521, in call return fn(_args, **newargs) File ""/home/ortiv/public_html/erp/frappe/frappe-bench/apps/erpnext/erpnext/accounts/doctype/pricing_rule/pricing_rule.py"", line 112, in apply_pricing_rule out.append(get_pricing_rule_for_item(args_copy)) File ""/home/ortiv/public_html/erp/frappe/frappe-bench/apps/erpnext/erpnext/accounts/doctype/pricing_rule/pricing_rule.py"", line 137, in get_pricing_rule_for_item pricing_rules = get_pricing_rules(args) File ""/home/ortiv/public_html/erp/frappe/frappe-bench/apps/erpnext/erpnext/accounts/doctype/pricing_rule/pricing_rule.py"", line 193, in get_pricing_rules transaction_type=args.transaction_type, conditions=conditions), args, as_dict=1) File ""/home/ortiv/public_html/erp/frappe/frappe-bench/apps/frappe/frappe/database.py"", line 107, in sql self._cursor.execute(query, values) File ""/home/ortiv/public_html/erp/frappe/frappe-bench/env/lib/python2.7/site-packages/MySQLdb/cursors.py"", line 185, in execute for key, item in args.iteritems()) File ""/home/ortiv/public_html/erp/frappe/frappe-bench/env/lib/python2.7/site-packages/MySQLdb/cursors.py"", line 185, in for key, item in args.iteritems()) File ""/home/ortiv/public_html/erp/frappe/frappe-bench/env/lib/python2.7/site-packages/MySQLdb/connections.py"", line 278, in literal return self.escape(o, self.encoders) File ""/home/ortiv/public_html/erp/frappe/frappe-bench/env/lib/python2.7/site-packages/MySQLdb/converters.py"", line 133, in quote_tuple return ""(%s)"" % (','.join(escape_sequence(t, d))) TypeError: sequence item 0: expected string, dict found ![screen shot 2014-07-01 at 15 52 33](https://cloud.githubusercontent.com/assets/8044035/3452184/d4c876b2-01ac-11e4-86cc-f5934c506a07.png) ![screen shot 2014-07-01 at 15 55 51](https://cloud.githubusercontent.com/assets/8044035/3452185/d4dbab10-01ac-11e4-9407-7bccc3e8119e.png)",https://github.com/frappe/erpnext/issues/1877,2014-07-02T05:51:47Z,repo:frappe/erpnext is:issue (task OR pipeline OR customer OR quote OR order OR payment),"{""comments"": 22, ""eligibility_rule"": ""Issue from predeclared mature OSS product repo; text>=100; domain term in title/body; native issue ID"", ""native_id"": 36953941, ""node_id"": ""MDU6SXNzdWUzNjk1Mzk0MQ=="", ""record_sha256"": ""927158f0685af189c0389fe72c53f566b3c8d0a98f179c6e820924ea8a973ceb"", ""repository"": ""frappe/erpnext"", ""retrieved_at"": ""2026-07-19"", ""state"": ""closed""}"
1206a385efa8492d,Trusted OSS Issues,issue,"500 Internal Server Error while removing the ""Do not contact"" tag from a contact's preferences.","[//]: # ( Invisible comment: IIIIIIIIIIIIIIIIIIIIIIIIIIIIIIIIIIIIIIIIIIIIIIIIII Before you create the issue: IIIIIIIIIIIIIIIIIIIIIIIIIIIIIIIIIIIIIIIIIIIIIIIIII Search for similar report among other reported issues. Learn how to troubleshoot at https://www.mautic.org/docs/en/tips/troubleshooting.html Use drag&drop to attach images or other files ) ## Bug Description When trying to remove the ""Do not contact"" tag from a contact a 500 Internal Server Error is thrown. | Q | A | --- | --- | Mautic version | 3.0.1 | PHP version | 7.2.24-0 | Browser | Mozilla/5.0 (Macintosh; Intel Mac OS X 10_14_6) AppleWebKit/537.36 (KHTML, like Gecko) Chrome/83.0.4103.116 Safari/537.36 ### Steps to reproduce 1. Remove the ""Do not contact"" tag from a contact by updating its preferences. ### Log errors [2020-07-17 21:45:26] mautic.CRITICAL: Uncaught PHP Exception Symfony\Component\Debug\Exception\UndefinedMethodException: ""Attempted to call an undefined method named ""removeDncForLead"" of class ""Mautic\LeadBundle\Model\LeadModel""."" at /var/www/html/app/bundles/LeadBundle/Controller/FrequencyRuleTrait.php line 180 {""exception"":""[object] (Symfony\\Component\\Debug\\Exception\\UndefinedMethodException(code: 0): Attempted to call an undefined method named \""removeDncForLead\"" of class \""Mautic\\LeadBundle\\Model\\LeadModel\"". at /var/www/html/app/bundles/LeadBundle/Controller/FrequencyRuleTrait.php:180)""} [] [2020-07-17 23:57:41] mautic.CRITICAL: Uncaught PHP Exception InvalidArgumentException: ""mautic.lead.model.dnc is not a valid model key."" at /var/www/html/app/bundles/CoreBundle/Factory/ModelFactory.php line 41 {""exception"":""[object] (InvalidArgumentException(code: 0): mautic.lead.model.dnc is not a valid model key. at /var/www/html/app/bundles/CoreBundle/Factory/ModelFactory.php:41)""} [] [//]: # ( Invisible comment: Please check for related errors in the latest log file in [mautic root]/app/log/ and/or the web server's logs and post them here. Be sure to remove sensitive information if applicable. )",https://github.com/mautic/mautic/issues/9017,2020-07-17T11:02:34Z,repo:mautic/mautic is:issue (task OR pipeline OR customer OR quote OR order OR payment),"{""comments"": 30, ""eligibility_rule"": ""Issue from predeclared mature OSS product repo; text>=100; domain term in title/body; native issue ID"", ""native_id"": 659151938, ""node_id"": ""MDU6SXNzdWU2NTkxNTE5Mzg="", ""record_sha256"": ""3c9264abafbf78890c58eb46df5d8714b0402a2a2f0101f37d4d1257ae0bcb49"", ""repository"": ""mautic/mautic"", ""retrieved_at"": ""2026-07-19"", ""state"": ""closed""}"
143763121c516130,Trusted OSS Issues,issue,SQLSTATE[42S02]: Base table or view not found: 1146 Table 'monica_prod.'monica'instances' doesn't exist (SQL: select * from `'monica'instances` limit 1) when trying to start Docker,I am unable to launch monicahq because of a SQL error (in title). I've also attached a screenshot (below): ![artisan](https://user-images.githubusercontent.com/4621203/34901668-60274fd0-f7db-11e7-81a9-dcd71440005b.png) Here's the output when I tried to repopulate the database using laravel. Is there an easy fix for this or should I just give up on MonicaHQ? /var/www/monica # php artisan migrate:status +------+-------------------------------------------------------------------+ | Ran? | Migration | +------+-------------------------------------------------------------------+ | Y | 2014_10_12_000000_create_users_table | | Y | 2014_10_12_100000_create_password_resets_table | | Y | 2016_06_01_000001_create_oauth_auth_codes_table | | Y | 2016_06_01_000002_create_oauth_access_tokens_table | | Y | 2016_06_01_000003_create_oauth_refresh_tokens_table | | Y | 2016_06_01_000004_create_oauth_clients_table | | Y | 2016_06_01_000005_create_oauth_personal_access_clients_table | | Y | 2016_06_07_234741_create_account_table | | Y | 2016_06_08_003006_add_account_info_table | | Y | 2016_06_08_005413_create_contacts_table | | Y | 2016_06_25_224219_create_reminder_type_table | | Y | 2016_06_28_191025_create_tasks_table | | Y | 2016_06_30_185050_create_notes_table | | Y | 2016_07_25_133835_add_width_field | | Y | 2016_08_28_122938_create_kids_table | | Y | 2016_08_28_215159_create_relations_table | | Y | 2016_09_03_202027_add_reminder_id_to_contacts | | Y | 2016_09_05_134937_add_last_talked_to_field | | Y | 2016_09_05_135927_add_people_id_to_contacts | | Y | 2016_09_05_145111_add_name_info_to_peoples | | Y | 2016_09_06_213550_create_activity_type_table | | Y | 2016_09_10_164406_create_jobs_table | | Y | 2016_09_10_170122_create_notifications_table | | Y | 2016_09_12_014120_create_failed_jobs_table | | Y | 2016_09_30_014720_add_kid_to_reminder | | Y | 2016_10_15_024156_add_deleted_at_to_users | | Y | 2016_10_19_155139_create_cache_table | | Y | 2016_10_19_155800_create_sessions_table | | Y | 2016_10_21_022941_add_statistics_table | | Y | 2016_10_24_013543_add_journal_setting_to_users | | Y | 2016_10_24_014257_create_journal_tables | | Y | 2016_10_28_002518_add_metric_to_settings | | Y | 2016_11_01_014353_create_activities_table | | Y | 2016_11_01_015957_add_icon_column | | Y | 2016_11_03_150307_add_activity_location_to_activities | | Y | 2016_11_09_013049_add_events_table | | Y | 2016_12_08_011555_remove_type_from_notes | | Y | 2016_12_13_133945_add_gifts_table | | N | 2016_12_28_150831_change_title_column | | N | 2017_01_14_200815_add_facebook_columns_to_users_table | | N | 2017_01_15_045025_add_colors_to_users | | N | 2017_01_22_142645_add_fields_to_contacts | | N | 2017_01_23_043831_change_people_to_contact_for_kids | | N | 2017_01_26_013524_change_people_to_significantother | | N | 2017_01_26_022852_change_notes_to_contact | | N | 2017_01_26_034553_add_notes_count_to_contact | | N | 2017_01_27_024356_change_people_in_events | | N | 2017_01_28_180156_remove_deleted_at_from_significant_others | | N | 2017_01_28_184901_remove_deleted_at_from_kids | | N | 2017_01_28_193913_remove_deleted_at_from_notes | | N | 2017_01_28_222114_remove_viewed_at_from_contacts | | N | 2017_01_29_175146_remove_delete_at_from_activities | | N | 2017_01_29_175629_add_number_activities_to_contacts | | N | 2017_01_31_025849_add_activity_statistics_table | | N | 2017_02_04_225618_change_reminders_table | | N | 2017_02_05_035925_add_gifts_metrics_to_contacts | | N | 2017_02_05_041740_change_gifts_table | | N | 2017_02_05_042122_change_people_to_contact_for_gifts | | N | 2017_02_07_041607_change_tasks_table | | N | 2017_02_07_051355_add_number_tasks_to_contact | | N | 2017_02_08_002251_change_number_tasks_contact | | N | 2017_02_08_025358_add_sort_preferences_to_users | | N | 2017_02_10_195613_remove_notifications_table | | N | 2017_02_10_214714_remove_people_table | | N | 2017_02_10_215405_remove_entities_table | | N | 2017_02_10_215705_remove_deleted_at_from_contact | | N | 2017_02_10_224355_calculate_statistics | | N | 2017_02_11_154900_add_avatars_to_contacts | | N | 2017_02_12_134220_create_entries_table | | N | 2017_05_03_155254_move_significant_other_data | | N | 2017_05_04_164723_remove_contact_encryption | | N | 2017_05_04_185921_add_title_to_activities | | N | 2017_05_04_193252_alter_activity_nullable | | N | 2017_05_08_164514_remove_encryption_tasks | | N | 2017_05_30_002239_remove_predefined_reminders | | N | 2017_05_30_023116_create_money_table | | N | 2017_06_07_173437_add_multiple_genders_choices | | N | 2017_06_10_152945_add_social_networks_to_contacts | | N | 2017_06_10_155349_create_currencies_data | | N | 2017_06_11_025227_remove_encryption_journal | | N | 2017_06_11_110735_change_unique_constraint_for_contacts | | N | 2017_06_13_035059_remove_gifts_encryption | | N | 2017_06_13_195740_add_company_to_contacts | | N | 2017_06_14_131803_remove_bern_timezone | | N | 2017_06_14_132911_add_zar_currency_to_currencies_table | | N | 2017_06_16_215256_add_about_who_to_reminders | | N | 2017_06_17_010900_fix_contacts_table | | N | 2017_06_17_153814_refactor_user_table | | N | 2017_06_19_105842_add_stripe_fields_to_users | | N | 2017_06_20_121345_add_invitations_statistics | | N | 2017_06_22_210813_add_name_order_to_users | | N | 2017_06_27_134704_create_import_table | | N | 2017_06_29_211725_add_import_job_to_statistics | | N | 2017_06_29_230523_add_gravatar_url_to_users | | N | 2017_07_02_155736_create_tags_table | | N | 2017_07_04_132743_add_tags_to_statistics | | N | 2017_07_09_164312_update_bad_translation_key | | N | 2017_07_12_014244_create_calls_table | | N | 2017_07_17_005012_drop_reminders_count_from_contacts | | N | 2017_07_18_215312_add_danish_kroner_to_currencies_table | | N | 2017_07_18_215758_add_indian_rupee_to_currencies_table | | N | 2017_07_19_094503_add_brazilian_real_to_currencies | | N | 2017_07_22_153209_create_instance_table | | N | 2017_07_26_220021_change_contacts_table | | N | 2017_08_02_124102_add_world_currencies | | N | 2017_08_02_152838_change_string_to_boolean_for_reminders | | N | 2017_08_06_085629_change_events_data | | N | 2017_08_06_153253_move_kids_to_contacts | | N | 2017_08_16_041431_add_contact_avatar_location | | N | 2017_08_21_224835_remove_paid_limitations_for_current_users | | N | 2017_09_10_125918_remove_unusued_counters | | N | 2017_09_13_095923_add_tracking_table | | N | 2017_09_13_191714_add_partial_notion | | N | 2017_10_14_083556_change_gift_column_structure | | N | 2017_10_17_170803_change_gift_structure | | N | 2017_10_19_134816_create_activity_contact_table | | N | 2017_10_19_135215_move_activities_to_pivot_table | | N | 2017_10_25_102923_remove_contact_id_activities_table | | N | 2017_11_01_122541_add_met_through_to_contacts | | N | 2017_11_02_202601_add_is_dead_to_contacts | | N | 2017_11_10_174654_create_contact_fields_table | | N | 2017_11_10_181043_migrate_contacts_information | | N | 2017_11_10_202620_move_addresses_from_contact_to_addresses | | N | 2017_11_10_204035_delete_contact_fields_from_contacts | | N | 2017_11_20_115635_change-amount-to-double-on-debts | | N | 2017_11_27_083043_add_more_statistics | | N | 2017_11_27_134403_add_new_avatar_to_contacts | | N | 2017_11_27_202857_change_tasks_table_structure | | N | 2017_12_01_113748_update_notes | | N | 2017_12_04_164831_create_ages_table | | N | 2017_12_04_165421_move_ages_data | | N | 2017_12_10_181535_remove_important_dates_table | | N | 2017_12_10_205328_add_account_id_to_activities | | N | 2017_12_10_214545_add_last_consulted_at_to_contacts | | N | 2017_12_13_115857_create_day_table | | N | 2017_12_21_163616_update_journal_entries_with_existing_activities | | N | 2017_12_21_170327_add_google2fa_secret_to_users | | N | 2017_12_24_115641_create_pets_table | | N | 2017_12_31_114224_add_dashboard_tab_to_users | +------+-------------------------------------------------------------------+,https://github.com/monicahq/monica/issues/795,2018-01-13T02:00:21Z,repo:monicahq/monica is:issue (task OR pipeline OR customer OR quote OR order OR payment),"{""comments"": 9, ""eligibility_rule"": ""Issue from predeclared mature OSS product repo; text>=100; domain term in title/body; native issue ID"", ""native_id"": 288293700, ""node_id"": ""MDU6SXNzdWUyODgyOTM3MDA="", ""record_sha256"": ""e4ac0e52fb0f062ae683a841b2a49852ff477e809b053cdebcd9748e5dd8cde1"", ""repository"": ""monicahq/monica"", ""retrieved_at"": ""2026-07-19"", ""state"": ""closed""}"
1c683d44f9f193d0,Trusted OSS Issues,issue,Feature: Create MCP Server for Twenty CRM API Integration,"## Summary Create a Model Context Protocol (MCP) server that exposes Twenty CRM's GraphQL and REST APIs as MCP tools, enabling AI assistants like Claude to directly interact with CRM data. ## Goals - Enable direct CRM management through Claude Code interface - Production-ready MVP following Anthropic MCP standards - Docker deployment with DXT packaging - Full CRM access (CRUD, workflows, AI features) - Token-efficient API design ## Technical Approach - Use official MCP TypeScript SDK (@modelcontextprotocol/sdk) - Hybrid GraphQL + REST API integration - Containerized deployment - Multi-tenant workspace support ## Implementation Tasks Based on and : 1. **Project Setup** - MCP server foundation with TypeScript 2. **Authentication** - API key integration with Twenty's auth system 3. **API Integration** - GraphQL and REST clients with connection pooling 4. **MCP Tools** - CRUD, search, workflow, and AI agent tools 5. **Deployment** - Docker container with DXT packaging ## Acceptance Criteria - [ ] MCP server responds to basic tool calls - [ ] Authentication with Twenty CRM works - [ ] CRUD operations functional for all record types - [ ] Workflow execution through MCP tools - [ ] AI agent integration accessible - [ ] Docker deployment successful - [ ] DXT packaging compliant with Anthropic standards ## Related Documents - PRD: - Tasks: - Development: directory created This implementation leverages Twenty's existing robust API infrastructure to provide seamless AI integration without UI complexity.",https://github.com/twentyhq/twenty/issues/12953,2025-06-29T21:00:47Z,repo:twentyhq/twenty is:issue (task OR pipeline OR customer OR quote OR order OR payment),"{""comments"": 29, ""eligibility_rule"": ""Issue from predeclared mature OSS product repo; text>=100; domain term in title/body; native issue ID"", ""native_id"": 3186568776, ""node_id"": ""I_kwDOIicM-8697y5I"", ""record_sha256"": ""2cd06bbe0ad3ea5a47557d0b72a51b441fa876787b41c78a7097f9825f28c893"", ""repository"": ""twentyhq/twenty"", ""retrieved_at"": ""2026-07-19"", ""state"": ""closed""}"
1e45c3f50e4ef437,Trusted OSS Issues,issue,Disappearing Inboxes (after v3.0 upgrade),"### Describe the bug After upgrading to v3 and logging in, my inboxes have disappeard: The URL after logging in reads `chatwoot.domain.tld/app/accounts/1/dashboard`. Now, when I clear the path out of the URL, so it reads `chatwoot.domain.tld`, and I press enter, everything appears to be in perfect working order: At this stage everything seems to be working fine – until after reloading the app manually, when the inboxes will be gone again. ### To Reproduce I really do not know. I upgraded to v3, ran into issues due to node 18, installed 16, recompiled – and this is where I ended up. ### Expected behavior _No response_ ### Environment Linux VM ### Cloud Provider Other [please specify in the description] ### Platform Browser ### Operating system MacOS ### Browser and version Current Chrome ### Docker (if applicable) _No response_ ### Additional context Hosted on Hetzner",https://github.com/chatwoot/chatwoot/issues/7744,2023-08-16T23:25:54Z,repo:chatwoot/chatwoot is:issue (task OR pipeline OR customer OR quote OR order OR payment),"{""comments"": 23, ""eligibility_rule"": ""Issue from predeclared mature OSS product repo; text>=100; domain term in title/body; native issue ID"", ""native_id"": 1854023961, ""node_id"": ""I_kwDODA66k85ugikZ"", ""record_sha256"": ""b0837951201420e20c8f1b1592c7363a2a70078aa6d80c7b1dd3c87d25b7d140"", ""repository"": ""chatwoot/chatwoot"", ""retrieved_at"": ""2026-07-19"", ""state"": ""closed""}"
02ed046be83ffb48,Trusted OSS Issues,issue,CRM bypass duplicate check on account creation,"**Describe the bug** The system doesn't apply duplicate check when creating new account (or duplicating an existing account) **To Reproduce** Steps to reproduce the behavior: 1. create an account (provide a name and email) 2. create second OR (try to duplicate previous created account) ... **Expected behavior** Expected behavior is to show duplicated account message, it should not create an account with existing name/email. **Screenshots** If applicable, add screenshots to help explain your problem. **EspoCRM version** both version 7.0.8 and version 7.0.9 **Additional context** Not sure if this applies to other entities like Lead etc.",https://github.com/espocrm/espocrm/issues/2255,2022-03-24T18:24:20Z,"repo:espocrm/espocrm is:issue (""follow up"" OR reminder OR inbox OR lead OR appointment OR invoice)","{""comments"": 9, ""eligibility_rule"": ""Issue from predeclared mature OSS product repo; text>=100; domain term in title/body; native issue ID"", ""native_id"": 1179881517, ""node_id"": ""I_kwDOAXU4sc5GU5At"", ""record_sha256"": ""12a88711113fd7f9050eb7cc7336a393e537b204ac2d4b7da3da7d5f7d021a27"", ""repository"": ""espocrm/espocrm"", ""retrieved_at"": ""2026-07-19"", ""state"": ""closed""}"
197e5b410f2f476b,Trusted OSS Issues,issue,Improving upon Item Price,"We are buying and selling a lot of items of which the price varies based on quantity and customer or supplier that we buy from or sell to. Currently the only way this can be done is by pricing rules which we think are more to discount prices per customer or supplier group, time period (sales) etc. So in our mind using pricing rule to achieve quantity based pricing is a hack and not an ideal solution. We propose to improve upon Item Price by adding the fields: - Supplier (Link:Supplier) [if:buying] - Customer (Link:Customer) [if:selling] - Minimum Qty (Float) - UOM (Link: UOM) - Packing Unit (Int, quantity that must be bought or sold per UOM) - Rate per UOM (rename Rate to that to be specific) - Lead Time in days (Int) - Valid From (Date) - Valid Upto (Date) - Note (Text) - Disable (Checkbox) If this is possible then based on that also pricing rules can apply to further apply discounts etc. So for us we would put in 1-10 price breaks based on quantity for an item that we buy from up to 15 suppliers. Edit 2: removed suppler part no",https://github.com/frappe/erpnext/issues/8456,2017-04-14T10:58:24Z,"repo:frappe/erpnext is:issue (""follow up"" OR reminder OR inbox OR lead OR appointment OR invoice)","{""comments"": 20, ""eligibility_rule"": ""Issue from predeclared mature OSS product repo; text>=100; domain term in title/body; native issue ID"", ""native_id"": 221788892, ""node_id"": ""MDU6SXNzdWUyMjE3ODg4OTI="", ""record_sha256"": ""3b223dc521ed6e00bd9ccbac07ba0f8220941b47118d4fae0a575246cd16ad98"", ""repository"": ""frappe/erpnext"", ""retrieved_at"": ""2026-07-19"", ""state"": ""closed""}"
1dfd6ceee6558733,Trusted OSS Issues,issue,Schema Error Upgrade from 4.2 to 4.3.1 - canno´t drop index,"### Mautic Version 4.2.x series ### PHP version php 7.3 ### What browsers are you seeing the problem on? _No response_ ### What happened? Whet we try upgrade from 4.2 to 4.3.1 we recive error on schema update. The Mautic cannot remove this index from database. DROP INDEX IDX_1AE3441319EB6921 ON oauth2_user_client_xref; DROP INDEX IDX_6480052EF639F774 ON campaign_leadlist_xref; DROP INDEX IDX_3048A8B2F639F774 ON campaign_form_xref; DROP INDEX IDX_5995213DF639F774 ON campaign_leads; DROP INDEX IDX_2E24F01CA832C1C9 ON email_list_xref; DROP INDEX IDX_CA315778A832C1C9 ON email_assets_xref; DROP INDEX IDX_9EED7E6655458D ON lead_ips_xref; DROP INDEX IDX_F2E51EB655458D ON lead_tags_xref; DROP INDEX IDX_F5F47C7CB9FC8874 ON lead_lists_leads; DROP INDEX IDX_F4190AB6979B1AD6 ON companies_leads; DROP INDEX IDX_473919EFEF1A9D84 ON push_notification_list_xref; DROP INDEX IDX_2F81A41DB42D874D ON channel_url_trackables; DROP INDEX IDX_C2A3BDBA71F7E88B ON point_lead_event_log; DROP INDEX IDX_6DF94A56C028CEA2 ON point_lead_action_log; DROP INDEX IDX_B032FC2EBD5C7E60 ON sms_message_list_xref; DROP INDEX IDX_A506AFBE2298D193 ON stage_lead_action_log; DROP INDEX IDX_45207A4A4CE1C902 ON monitoring_leads; ### How can we reproduce this issue? Install mautic 4.2. and update te database. UPgrade to 4.3.1 and try to run the command to update the schema. `php bin/console doctrine:schema:update --force` Mautic will return erros like this: An exception occurred while executing 'DROP INDEX IDX_1AE3441319EB6921 ON oauth2_user_client_xref': SQLSTATE[42000]: Syntax error or access violation: 1091 Can't DROP 'IDX_1AE3441319EB6921'; check that column/key exists ![chrome_dQmmrn5os7](https://user-images.githubusercontent.com/20361821/171291373-7d05c003-2560-4d9e-af2e-78e202f6bb3a.png) ### Relevant log output ```shell If I remove this drop index instruction, the another one wokrs fine. ``` ### Code of Conduct - [X] I confirm that I have read and agree to follow this project's Code of Conduct",https://github.com/mautic/mautic/issues/11204,2022-05-31T22:01:52Z,repo:mautic/mautic is:issue (task OR pipeline OR customer OR quote OR order OR payment),"{""comments"": 25, ""eligibility_rule"": ""Issue from predeclared mature OSS product repo; text>=100; domain term in title/body; native issue ID"", ""native_id"": 1254460465, ""node_id"": ""I_kwDOALo4c85KxYwx"", ""record_sha256"": ""eb79518fd2dc95c9477be364be0e93c2fbbc87cf045cc73a1b669e244ec81acc"", ""repository"": ""mautic/mautic"", ""retrieved_at"": ""2026-07-19"", ""state"": ""closed""}"
1a62cb21ea6aeadb,Trusted OSS Issues,issue,How do I configure & test email for reminders,"I am trying to configure my install of Monica to send me reminders. I have obtained credentials for AWS SES and I believe I have my .env file configured correctly. However, there are a couple of things I am uncertain about. Is there any specific expectation for MAIL_PORT? What are the expected options for MAIL_ENCRYPTION? I have just changed it to yes. My biggest issue is how to test my configuration. It seems I have to wait 24 hours for a reminder, it doesn't look like a new reminder set for today will immediate fire an email reminder. I tried inviting a user, which would seem would immediately generate an email, gut when I click Invite a user by email, I get a ""Whoops , looks like something went wrong"" message, and the URL http://mycontacts.review/settings/users/save is in my address bar. I don't know of the outbound email settings I have configured are wrong OR I am hitting a bug in monica.",https://github.com/monicahq/monica/issues/860,2018-01-27T17:02:48Z,"repo:monicahq/monica is:issue (""follow up"" OR reminder OR inbox OR lead OR appointment OR invoice)","{""comments"": 9, ""eligibility_rule"": ""Issue from predeclared mature OSS product repo; text>=100; domain term in title/body; native issue ID"", ""native_id"": 292135418, ""node_id"": ""MDU6SXNzdWUyOTIxMzU0MTg="", ""record_sha256"": ""8f0a860e572fc6251faa64685d4d846d1efefaaee159323de6862b8cd9533617"", ""repository"": ""monicahq/monica"", ""retrieved_at"": ""2026-07-19"", ""state"": ""closed""}"
4a25c9a1955cacfa,Trusted OSS Issues,issue,Cannot see all objects in navigation bar.,"## Bug Description Most objects are missing from the object navigation bar on the left. **Steps to reproduce:** 1. Create 10 custom objects. 2. Create a role and give full access (see/edit/delete/destroy) to the 10 custom objects and nothing else 3. Assign the role to a user and log in with that user 4. Notice you only see a few objects on the left: Notice that if you access an object through the URL directly, it works, and shows up under ""Opened"": **Expected behavior:** All objects for which the user has view (""see"") permissions should be displayed on the left. **Additional details:** I am using the latest version and reproduced the problem outside my environment, in a local sandbox. In my actual scenario, I have about 60 custom objects and 20 roles. Each role should see about 3 custom objects and a few standard (built-in) objects, let's say 7 objects in total, but they only see 3 objects. I am using a large number of custom objects as a workaround for the missing feature where there is no row-level access control in TwentyCRM - for example, some users should see some companies, not all. So I ended up creating a custom ""company"" object for each user.",https://github.com/twentyhq/twenty/issues/15612,2025-11-04T16:49:32Z,repo:twentyhq/twenty is:issue (task OR pipeline OR customer OR quote OR order OR payment),"{""comments"": 18, ""eligibility_rule"": ""Issue from predeclared mature OSS product repo; text>=100; domain term in title/body; native issue ID"", ""native_id"": 3587410239, ""node_id"": ""I_kwDOIicM-87V04k_"", ""record_sha256"": ""813a4bc91773195269caccf5f5a08fbf811c1baa2641700b6977646af7b6dacd"", ""repository"": ""twentyhq/twenty"", ""retrieved_at"": ""2026-07-19"", ""state"": ""closed""}"
24a4d72d5d5e3a06,Trusted OSS Issues,issue,bug: Incoming WhatsApp Cloud messages lost or delayed by hours (Self-hosted v4.10.1),"### Describe the bug Incoming messages from WhatsApp Cloud API are either being lost or delivered with a massive delay (2 to 5 hours later). Outgoing messages work perfectly. This behavior started approximately a week ago without any changes to our infrastructure. Testing with a sequence of 20 numbered messages (1, 2, 3...), usually 2-3 messages never appear in the Chatwoot UI, and some arrive out of order hours later. Other channels like Telegram are working normally. ### To Reproduce 1. Setup a WhatsApp Cloud Inbox (tested on API v21.0, v22.0, v23.0 and v24.0). 2. Send a rapid sequence of 20 text messages (e.g., numbers 1 to 20) from a customer phone to the WhatsApp business number. 3. Observe the Chatwoot dashboard: 4. Some messages will skip (e.g., 1, 2, 4... missing 3). 5. Some messages appear hours later in the dashboard. 6. Check Sidekiq logs: Webhooks::WhatsappEventsJob shows the payload was received by Rails, but the job is often queued in low priority or processed out of order. ### Expected behavior All incoming webhooks from Meta should be processed in near real-time and displayed in the UI in the order they were sent, similar to how the Telegram channel performs. ### Environment Docker ### Cloud Provider Other [please specify in the description] ### Platform Browser ### Operating system Ubuntu 22.04 ### Browser and version Chrome ### Docker (if applicable) _No response_ ### Additional context Analysis of Logs: Rails logs show 200 OK for all Meta webhooks, meaning the server receives them. Meta API Changes: We suspect this is related to the recent implementation of Business-Scoped User IDs (BSUID) or Meta Portfolio Pacing (introduced/enforced in early 2026). Redundancy: Even after a fresh ""from scratch"" installation, the problem persists. Sidekiq Jobs: Logs show a high frequency of Notification::RemoveDuplicateNotificationJob, suggesting Chatwoot might be struggling with Meta's retry mechanism when a webhook is delayed. Community feedback: Several users in community groups are reporting the same ""delayed or ghost messages"" specifically for WhatsApp Cloud API starting Feb 2026.",https://github.com/chatwoot/chatwoot/issues/13556,2026-02-17T00:28:55Z,repo:chatwoot/chatwoot is:issue (task OR pipeline OR customer OR quote OR order OR payment),"{""comments"": 18, ""eligibility_rule"": ""Issue from predeclared mature OSS product repo; text>=100; domain term in title/body; native issue ID"", ""native_id"": 3950141590, ""node_id"": ""I_kwDODA66k87rcmCW"", ""record_sha256"": ""2c537b4dc9286cfff149edcb7245b4ca301d37ab9ae63c5f78d85e2b8c36e471"", ""repository"": ""chatwoot/chatwoot"", ""retrieved_at"": ""2026-07-19"", ""state"": ""closed""}"
094bb0db5f3ba15b,Trusted OSS Issues,issue,API response issue: Can we please make API Responses consistent?,"Please, prefer using one of the rest standards as it very difficult to integrate with espocrm if responses are inconsistent. Now the handler, in the crm api callers' end expects success and a json response and suddenly because of bad request it finds no response or finds html response because the some variable is incorrectly set in API (invalid id for example). Otherwise, for each and every HTTP Response code separate code has to be written. I am trying to call `curl -i -X GET http://crmurl/api/v1/Lead/123456789 -H 'X-Api-User: somekey' ` ## HTTP Error Code: 200 I get json response. ``` HTTP/1.1 200 OK Server: nginx/1.15.8 Date: Wed, 13 Feb 2019 07:01:26 GMT Content-Type: application/json Transfer-Encoding: chunked Connection: keep-alive X-Powered-By: PHP/7.2.13 Access-Control-Allow-Origin: * Expires: 0 Last-Modified: Wed, 13 Feb 2019 07:01:26 GMT Cache-Control: no-store, no-cache, must-revalidate, post-check=0, pre-check=0 Pragma: no-cache {""id"":""5c62bfafb43e93ab2"",""name"":""ABC""} ``` Content-Type: application/json ## HTTP Error Code: 404 ``` HTTP/1.1 404 Not Found Server: nginx/1.15.8 Date: Wed, 13 Feb 2019 06:55:39 GMT Content-Type: text/html Content-Length: 153 Connection: keep-alive 404 Not Found 404 Not Found nginx/1.15.8 ``` ## HTTP Error Code: 401 I don't get any output. ``` HTTP/1.1 401 Unauthorized Server: nginx/1.15.8 Date: Wed, 13 Feb 2019 06:57:04 GMT Content-Type: text/html;charset=UTF-8 Transfer-Encoding: chunked Connection: keep-alive X-Powered-By: PHP/7.2.13 Access-Control-Allow-Origin: * ``` ## HTTP Error Code: 400 I don't get any output. ``` HTTP/1.1 400 Bad Request Server: nginx/1.15.8 Date: Wed, 13 Feb 2019 07:03:35 GMT Content-Type: text/html;charset=UTF-8 Transfer-Encoding: chunked Connection: keep-alive X-Powered-By: PHP/7.2.13 Access-Control-Allow-Origin: * X-Status-Reason: ```",https://github.com/espocrm/espocrm/issues/1235,2019-02-13T07:14:05Z,"repo:espocrm/espocrm is:issue (""follow up"" OR reminder OR inbox OR lead OR appointment OR invoice)","{""comments"": 7, ""eligibility_rule"": ""Issue from predeclared mature OSS product repo; text>=100; domain term in title/body; native issue ID"", ""native_id"": 409659650, ""node_id"": ""MDU6SXNzdWU0MDk2NTk2NTA="", ""record_sha256"": ""3fbd791ef9bf825a748102da9527edd1073cf62d4594e9077b6e45582c10f2d8"", ""repository"": ""espocrm/espocrm"", ""retrieved_at"": ""2026-07-19"", ""state"": ""closed""}"
263c875a8d284c03,Trusted OSS Issues,issue,POS Enhancement,"Hello In regards to the payment mode in a POS transaction, currently we can only select any one payment mode to settle the transaction. Also in the POS Profile settings there is option for just one Cash/Bank Account to be selected for payments. Instead, a new Mode of Payments section should be added in the POS settings page, which should have a Child Table form having the following fields. 1. Name of Payment Mode 2. Cash/Bank Account And on the POS payment screen the user should be able to select multiple payment modes in list mode, like it how a journal entry can have multiple accounts with various accounts of different accounts. Also a numeric keypad should be added to input the amount for faster POS experience. You may refer to the images below from tally and odoo POS transactions. 1. Tally Input Screen ![print-preview-of-pos-invoice-multi-1024x493](https://cloud.githubusercontent.com/assets/14146238/12196691/c3a503ac-b626-11e5-842f-7ce628c3df15.jpg) 2. Tally POS print preview (Standard Print Template) ![print-preview-of-pos-invoice-multi1](https://cloud.githubusercontent.com/assets/14146238/12196693/cafeeac8-b626-11e5-97b2-d70a90be1741.jpg) 3. Tally POS print preview (POSPrint Template) ![image016](https://cloud.githubusercontent.com/assets/14146238/12196707/e79c1624-b626-11e5-9cd8-cebddabbfa3b.gif) 4. Odoo Input Screen This Multi mode feature is very basic and is a must to be included. Hope to see it in the next update. Regards KG",https://github.com/frappe/erpnext/issues/4596,2016-01-08T11:19:21Z,repo:frappe/erpnext is:issue (task OR pipeline OR customer OR quote OR order OR payment),"{""comments"": 24, ""eligibility_rule"": ""Issue from predeclared mature OSS product repo; text>=100; domain term in title/body; native issue ID"", ""native_id"": 125591794, ""node_id"": ""MDU6SXNzdWUxMjU1OTE3OTQ="", ""record_sha256"": ""58f07bcc21b7cca3ac4c599f8a3acbc2cb09910a6c02bbd30f5541536fe44590"", ""repository"": ""frappe/erpnext"", ""retrieved_at"": ""2026-07-19"", ""state"": ""closed""}"
1e40280d3697b2ea,Trusted OSS Issues,issue,Multiple value on List-Unsubscribe header,"What type of report is this: | Q | A | ---| --- | Bug report? | Y | Feature request? | N | Enhancement? | N ## Description: I found multiple value on List-Unsubscribe header in every email sent via Mautic if using the Monitored Inbox feature. This happens to all emails sent directly, campaigns, broadcasts, or actions on the form. ![](https://user-images.githubusercontent.com/40631294/43300962-709daab2-918c-11e8-976f-5c4300c42d53.png) ## If a bug: | Q | A | --- | --- | Mautic version | 2.14.0 | PHP version | 5.6.36 ## Steps to reproduce: 1. Complete all fields in Monitored Inbox Settings. 2. Perform the procedure to send emails to contacts in any way. 3. Check the header of email that the contact received. ## Log errors: Nothing.",https://github.com/mautic/mautic/issues/6339,2018-07-21T05:38:46Z,"repo:mautic/mautic is:issue (""follow up"" OR reminder OR inbox OR lead OR appointment OR invoice)","{""comments"": 62, ""eligibility_rule"": ""Issue from predeclared mature OSS product repo; text>=100; domain term in title/body; native issue ID"", ""native_id"": 343299972, ""node_id"": ""MDU6SXNzdWUzNDMyOTk5NzI="", ""record_sha256"": ""2e8264072811390c38f3ee48693d1ac49291ff9ed2136f616912fa5f5d099b3e"", ""repository"": ""mautic/mautic"", ""retrieved_at"": ""2026-07-19"", ""state"": ""closed""}"
1e3bec631704a1c4,Trusted OSS Issues,issue,artisan migrate problem / 'is_birthday' in 'reminders',` PDOException: SQLSTATE[42S22]: Column not found: 1054 Unknown column 'is_birthday' in 'reminders' in /home/crm/public_html/vendor/doctrine/dbal/lib/Doctrine/DBAL/Driver/PDOStatement.php:105` Looks like you have an error on the migrations... Last one running correctly: 2017_08_02_124102_add_world_currencies,https://github.com/monicahq/monica/issues/535,2017-08-14T21:24:16Z,"repo:monicahq/monica is:issue (""follow up"" OR reminder OR inbox OR lead OR appointment OR invoice)","{""comments"": 23, ""eligibility_rule"": ""Issue from predeclared mature OSS product repo; text>=100; domain term in title/body; native issue ID"", ""native_id"": 250158703, ""node_id"": ""MDU6SXNzdWUyNTAxNTg3MDM="", ""record_sha256"": ""0a8eff9d10004001e1174325482ce7c0aebb3de66fe961b31d68c15504a32b3e"", ""repository"": ""monicahq/monica"", ""retrieved_at"": ""2026-07-19"", ""state"": ""closed""}"
24fe47b099265c6e,Trusted OSS Issues,issue,Facebook / Twitter,"We are repeatedly seeing both Facebook and Twitter just stop working. There is no feedback when this happens and our configuration (keys etc) has not changed. Again we've had to re-connect Facebook and we then lose all historic messages received since the link was broken (i.e they show in Facebook only). There must be a better way to check and notify of this instead of a link at the bottom of Faacebook Inbox settings that is always there now regardless of linking status. This means we have no idea if it is linked or not! Furthermore, the Twitter implementation gives no feedback whatsoever. Our tweets were coming through, stopped some time ago and now, no matter which guide step we use (1 or 2), we see no attempts from Twitter in to the server and none out from the server and zero ways to debug it! This really needs to be given more focus when it is a core feature of the product which, based on other reports i've seen, just is not reliable enough.",https://github.com/chatwoot/chatwoot/issues/4415,2022-04-07T17:34:48Z,repo:chatwoot/chatwoot is:issue (task OR pipeline OR customer OR quote OR order OR payment),"{""comments"": 34, ""eligibility_rule"": ""Issue from predeclared mature OSS product repo; text>=100; domain term in title/body; native issue ID"", ""native_id"": 1196361139, ""node_id"": ""I_kwDODA66k85HTwWz"", ""record_sha256"": ""bd2d5cd2194431afaffb2acd83643d9530d9d2a5b1d78a700543258ec75384e0"", ""repository"": ""chatwoot/chatwoot"", ""retrieved_at"": ""2026-07-19"", ""state"": ""closed""}"
0dc49fcb5fa23a95,Trusted OSS Issues,issue,Optimistic concurrency control not working with inline edit,"**Describe the bug** Optimistic concurrency control is a great enhancement, but for a full deployment it needs to be working also with the inline edit conflicts. **To Reproduce** Steps to reproduce the behavior: 0. Enable Optimistic concurrency control (e.g. for Tasks) 1. User A: Open inline edit of Description + change something 2. User B: Open inline edit of Description + change something & save 3. User A: Save **Expected behavior** Conflict dialog should pop-up in Step 3 **EspoCRM version** 7.1.3",https://github.com/espocrm/espocrm/issues/2331,2022-05-31T12:54:52Z,repo:espocrm/espocrm is:issue (task OR pipeline OR customer OR quote OR order OR payment),"{""comments"": 12, ""eligibility_rule"": ""Issue from predeclared mature OSS product repo; text>=100; domain term in title/body; native issue ID"", ""native_id"": 1253827461, ""node_id"": ""I_kwDOAXU4sc5Ku-OF"", ""record_sha256"": ""b98d692e97de45598522d0ac12e1271c21f394e0187925a3e38e47aca337cefd"", ""repository"": ""espocrm/espocrm"", ""retrieved_at"": ""2026-07-19"", ""state"": ""closed""}"
27299e1ab30ddbdd,Trusted OSS Issues,issue,Barcodes are not being fetched on sales invoice anymore,"Hello, After the update on barcodes from data to table barcodes stopped being fetched on sales invoice, fields are blank now on old sales invoices, and on new sales invoices the information is not fetched on items add. ERPNext: v9.x.x-develop (44658d4) (develop) Frappe Framework: v9.x.x-develop (5d9d644) (develop)",https://github.com/frappe/erpnext/issues/12954,2018-02-15T13:41:27Z,repo:frappe/erpnext is:issue (task OR pipeline OR customer OR quote OR order OR payment),"{""comments"": 23, ""eligibility_rule"": ""Issue from predeclared mature OSS product repo; text>=100; domain term in title/body; native issue ID"", ""native_id"": 297449472, ""node_id"": ""MDU6SXNzdWUyOTc0NDk0NzI="", ""record_sha256"": ""cd97eb374cc5936feb7636203c99750395e89d8f72e1c81ca05e02b44e2d38a9"", ""repository"": ""frappe/erpnext"", ""retrieved_at"": ""2026-07-19"", ""state"": ""closed""}"
2674e8b3408ea654,Trusted OSS Issues,issue,Categorize/group lead points,"In addition to the global lead points, having the ability to have multiple lead point fields would be helpful for companies that have different types of product or service offerings. That way if leads land on specific pages of a certain product for example, you could increase the points for that product line. Then, when a lead hits MQL, the sales rep can easily see what the lead's product interest score is and plan accordingly.",https://github.com/mautic/mautic/issues/581,2015-06-26T07:48:06Z,repo:mautic/mautic is:issue (task OR pipeline OR customer OR quote OR order OR payment),"{""comments"": 30, ""eligibility_rule"": ""Issue from predeclared mature OSS product repo; text>=100; domain term in title/body; native issue ID"", ""native_id"": 91182566, ""node_id"": ""MDU6SXNzdWU5MTE4MjU2Ng=="", ""record_sha256"": ""3e96a7cf96ba023e6c8c23798762ab719faec80156626a92cf0de1fd30e9686d"", ""repository"": ""mautic/mautic"", ""retrieved_at"": ""2026-07-19"", ""state"": ""closed""}"
222aff4ad26b901e,Trusted OSS Issues,issue,Doesn't work with MacOS Contacts app,"I'm creating a new issue, because there was no response on the [old, already closed one](https://github.com/monicahq/monica/issues/3551). **Describe the bug** I cannot make it work with MacOS Contacts (It works fine for iOS Contacts app). **Which version are you using:** - Docker version, 2.18.0 **Additional context** I tried to follow all combinations of settings from the [previous thread](https://github.com/monicahq/monica/issues/3551), but no luck. I enter details as follows: login: user@email.tld password: ` ` server URL: https://crm.domain.tld/dav/addressbooks/user@email.tld/contacts I also tried a number of different paths, like: - / - /dav/ - /dav/principals/ - /dav/principals/user@email.tld etc. But nothing works...",https://github.com/monicahq/monica/issues/4240,2020-07-16T09:41:24Z,repo:monicahq/monica is:issue (task OR pipeline OR customer OR quote OR order OR payment),"{""comments"": 45, ""eligibility_rule"": ""Issue from predeclared mature OSS product repo; text>=100; domain term in title/body; native issue ID"", ""native_id"": 658032644, ""node_id"": ""MDU6SXNzdWU2NTgwMzI2NDQ="", ""record_sha256"": ""3bedb1951793ede2c19f6dd927acdf6ad5879c5c8b97db56a9955426bbac546b"", ""repository"": ""monicahq/monica"", ""retrieved_at"": ""2026-07-19"", ""state"": ""open""}"
c4408a61e85be4be,Trusted OSS Issues,issue,Fresh setup of PostgreSQL database Docker container fails,"As I transitioned from old Postgres bitnami container to new Postgres spilo container as it's mentioned in [docs](https://twenty.com/developers/local-setup#step-3:-set-up-a-postgresql-database), I stumped upon error when running `npx nx database:reset twenty-server`. It turns out that script responsible for resetting database and configuring it, has problem with creating new user. Here's my workaround: - `docker exec -it twenty_pg bash` to access directly container's console - `psql postgres -c ""CREATE DATABASE default;"" -c ""CREATE DATABASE test;"" -c ""CREATE USER twenty PASSWORD 'twenty';"" -c ""ALTER ROLE twenty superuser;""` taken from docs (if it doesn't work, run `psql -U postgres` and type each command separately) After that, when running `npx nx database:reset twenty-server` worked fine like before **Logs:** ``` > npx nx database:reset twenty-server ✔ 1/1 dependent project tasks succeeded [1 read from cache] Hint: you can run the command with --verbose to see the full dependent project outputs —————————————————————————————————————————————————————————————————————————————————————————————————————————————————————————————————————————————————————————— > nx run twenty-server:build [local cache] > rimraf dist > nest build --path ./tsconfig.build.json - TSC Initializing type checker... ✔ TSC Initializing type checker... > TSC Found 0 issues. > SWC Running... Successfully compiled: 1653 files with swc (707.62ms) > nx run twenty-server:""database:reset"" > nx ts-node-no-deps -- ./scripts/truncate-db.ts > nx run twenty-server:ts-node-no-deps ./scripts/truncate-db.ts > ts-node ./scripts/truncate-db.ts Error during schema dropping: error: password authentication failed for user ""twenty"" at Parser.parseErrorMessage (/home/user/Desktop/projects/twenty/node_modules/pg/node_modules/pg-protocol/src/parser.ts:369:69) at Parser.handlePacket (/home/user/Desktop/projects/twenty/node_modules/pg/node_modules/pg-protocol/src/parser.ts:188:21) at Parser.parse (/home/user/Desktop/projects/twenty/node_modules/pg/node_modules/pg-protocol/src/parser.ts:103:30) at Socket. (/home/user/Desktop/projects/twenty/node_modules/pg/node_modules/pg-protocol/src/index.ts:7:48) at Socket.emit (node:events:514:28) at Socket.emit (node:domain:489:12) at addChunk (node:internal/streams/readable:324:12) at readableAddChunk (node:internal/streams/readable:297:9) at Socket.Readable.push (node:internal/streams/readable:234:10) at TCP.onStreamRead (node:internal/stream_base_commons:190:23) { length: 102, severity: 'FATAL', code: '28P01', detail: undefined, hint: undefined, position: undefined, internalPosition: undefined, internalQuery: undefined, where: undefined, schema: undefined, table: undefined, column: undefined, dataType: undefined, constraint: undefined, file: 'auth.c', line: '326', routine: 'auth_failed' } —————————————————————————————————————————————————————————————————————————————————————————————————————————————————————————————————————————————————————————— NX Successfully ran target ts-node-no-deps for project twenty-server (7s) With additional flags: ./scripts/truncate-db.ts > nx ts-node-no-deps -- ./scripts/setup-db.ts > nx run twenty-server:ts-node-no-deps ./scripts/setup-db.ts > ts-node ./scripts/setup-db.ts Error during Data Source initialization: error: password authentication failed for user ""twenty"" at Parser.parseErrorMessage (/home/user/Desktop/projects/twenty/node_modules/pg/node_modules/pg-protocol/src/parser.ts:369:69) at Parser.handlePacket (/home/user/Desktop/projects/twenty/node_modules/pg/node_modules/pg-protocol/src/parser.ts:188:21) at Parser.parse (/home/user/Desktop/projects/twenty/node_modules/pg/node_modules/pg-protocol/src/parser.ts:103:30) at Socket. (/home/user/Desktop/projects/twenty/node_modules/pg/node_modules/pg-protocol/src/index.ts:7:48) at Socket.emit (node:events:514:28) at Socket.emit (node:domain:489:12) at addChunk (node:internal/streams/readable:324:12) at readableAddChunk (node:internal/streams/readable:297:9) at Socket.Readable.push (node:internal/streams/readable:234:10) at TCP.onStreamRead (node:internal/stream_base_commons:190:23) { length: 102, severity: 'FATAL', code: '28P01', detail: undefined, hint: undefined, position: undefined, internalPosition: undefined, internalQuery: undefined, where: undefined, schema: undefined, table: undefined, column: undefined, dataType: undefined, constraint: undefined, file: 'auth.c', line: '326', routine: 'auth_failed' } —————————————————————————————————————————————————————————————————————————————————————————————————————————————————————————————————————————————————————————— NX Successfully ran target ts-node-no-deps for project twenty-server (6s) With additional flags: ./scripts/setup-db.ts > nx database:migrate ✔ 1/1 dependent project tasks succeeded [1 read from cache] Hint: you can run the command with --verbose to see the full dependent project outputs —————————————————————————————————————————————————————————————————————————————————————————————————————————————————————————————————————————————————————————— > nx run twenty-server:build [existing outputs match the cache, left as is] > rimraf dist > nest build --path ./tsconfig.build.json - TSC Initializing type checker... ✔ TSC Initializing type checker... > TSC Found 0 issues. > SWC Running... Successfully compiled: 1653 files with swc (707.62ms) > nx run twenty-server:""database:migrate"" > nx typeorm -- migration:run -d src/database/typeorm/metadata/metadata.datasource > nx run twenty-server:typeorm migration:run -d src/database/typeorm/metadata/metadata.datasource > ts-node ../../node_modules/typeorm/cli.js migration:run -d src/database/typeorm/metadata/metadata.datasource Error during migration run: error: password authentication failed for user ""twenty"" at Parser.parseErrorMessage (/home/user/Desktop/projects/twenty/node_modules/pg/node_modules/pg-protocol/src/parser.ts:369:69) at Parser.handlePacket (/home/user/Desktop/projects/twenty/node_modules/pg/node_modules/pg-protocol/src/parser.ts:188:21) at Parser.parse (/home/user/Desktop/projects/twenty/node_modules/pg/node_modules/pg-protocol/src/parser.ts:103:30) at Socket. (/home/user/Desktop/projects/twenty/node_modules/pg/node_modules/pg-protocol/src/index.ts:7:48) at Socket.emit (node:events:514:28) at Socket.emit (node:domain:489:12) at addChunk (node:internal/streams/readable:324:12) at readableAddChunk (node:internal/streams/readable:297:9) at Socket.Readable.push (node:internal/streams/readable:234:10) at TCP.onStreamRead (node:internal/stream_base_commons:190:23) { length: 102, severity: 'FATAL', code: '28P01', detail: undefined, hint: undefined, position: undefined, internalPosition: undefined, internalQuery: undefined, where: undefined, schema: undefined, table: undefined, column: undefined, dataType: undefined, constraint: undefined, file: 'auth.c', line: '326', routine: 'auth_failed' } Warning: command ""ts-node ../../node_modules/typeorm/cli.js migration:run -d src/database/typeorm/metadata/metadata.datasource"" exited with non-zero status code —————————————————————————————————————————————————————————————————————————————————————————————————————————————————————————————————————————————————————————— NX Ran target typeorm for project twenty-server (829ms) With additional flags: migration:run --d=src/database/typeorm/metadata/metadata.datasource ✖ 1/1 failed ✔ 0/1 succeeded [0 read from cache] Warning: command ""nx typeorm -- migration:run -d src/database/typeorm/metadata/metadata.datasource"" exited with non-zero status code —————————————————————————————————————————————————————————————————————————————————————————————————————————————————————————————————————————————————————————— NX Ran target database:migrate for project twenty-server and 2 task(s) they depend on (1s) ✖ 1/3 failed ✔ 2/3 succeeded [2 read from cache] Warning: command ""nx database:migrate"" exited with non-zero status code —————————————————————————————————————————————————————————————————————————————————————————————————————————————————————————————————————————————————————————— NX Ran target database:reset for project twenty-server and 2 task(s) they depend on (14s) ✖ 1/3 failed ✔ 2/3 succeeded [2 read from cache] ➜ twenty git:(6638_authorization_token_env) ✗ npx nx database:reset twenty-server ✔ 1/1 dependent project tasks succeeded [1 read from cache] Hint: you can run the command with --verbose to see the full dependent project outputs —————————————————————————————————————————————————————————————————————————————————————————————————————————————————————————————————————————————————————————— > nx run twenty-server:build [existing outputs match the cache, left as is] > rimraf dist > nest build --path ./tsconfig.build.json - TSC Initializing type checker... ✔ TSC Initializing type checker... > TSC Found 0 issues. > SWC Running... Successfully compiled: 1653 files with swc (707.62ms) > nx run twenty-server:""database:reset"" > nx ts-node-no-deps -- ./scripts/truncate-db.ts > nx run twenty-server:ts-node-no-deps ./scripts/truncate-db.ts > ts-node ./scripts/truncate-db.ts Error during schema dropping: error: password authentication failed for user ""twenty"" at Parser.parseErrorMessage (/home/user/Desktop/projects/twenty/node_modules/pg/node_modules/pg-protocol/src/parser.ts:369:69) at Parser.handlePacket (/home/user/Desktop/projects/twenty/node_modules/pg/node_modules/pg-protocol/src/parser.ts:188:21) at Parser.parse (/home/user/Desktop/projects/twenty/node_modules/pg/node_modules/pg-protocol/src/parser.ts:103:30) at Socket. (/home/user/Desktop/projects/twenty/node_modules/pg/node_modules/pg-protocol/src/index.ts:7:48) at Socket.emit (node:events:514:28) at Socket.emit (node:domain:489:12) at addChunk (node:internal/streams/readable:324:12) at readableAddChunk (node:internal/streams/readable:297:9) at Socket.Readable.push (node:internal/streams/readable:234:10) at TCP.onStreamRead (node:internal/stream_base_commons:190:23) { length: 102, severity: 'FATAL', code: '28P01', detail: undefined, hint: undefined, position: undefined, internalPosition: undefined, internalQuery: undefined, where: undefined, schema: undefined, table: undefined, column: undefined, dataType: undefined, constraint: undefined, file: 'auth.c', line: '326', routine: 'auth_failed' } —————————————————————————————————————————————————————————————————————————————————————————————————————————————————————————————————————————————————————————— NX Successfully ran target ts-node-no-deps for project twenty-server (6s) With additional flags: ./scripts/truncate-db.ts > nx ts-node-no-deps -- ./scripts/setup-db.ts > nx run twenty-server:ts-node-no-deps ./scripts/setup-db.ts > ts-node ./scripts/setup-db.ts Error during Data Source initialization: error: password authentication failed for user ""twenty"" at Parser.parseErrorMessage (/home/user/Desktop/projects/twenty/node_modules/pg/node_modules/pg-protocol/src/parser.ts:369:69) at Parser.handlePacket (/home/user/Desktop/projects/twenty/node_modules/pg/node_modules/pg-protocol/src/parser.ts:188:21) at Parser.parse (/home/user/Desktop/projects/twenty/node_modules/pg/node_modules/pg-protocol/src/parser.ts:103:30) at Socket. (/home/user/Desktop/projects/twenty/node_modules/pg/node_modules/pg-protocol/src/index.ts:7:48) at Socket.emit (node:events:514:28) at Socket.emit (node:domain:489:12) at addChunk (node:internal/streams/readable:324:12) at readableAddChunk (node:internal/streams/readable:297:9) at Socket.Readable.push (node:internal/streams/readable:234:10) at TCP.onStreamRead (node:internal/stream_base_commons:190:23) { length: 102, severity: 'FATAL', code: '28P01', detail: undefined, hint: undefined, position: undefined, internalPosition: undefined, internalQuery: undefined, where: undefined, schema: undefined, table: undefined, column: undefined, dataType: undefined, constraint: undefined, file: 'auth.c', line: '326', routine: 'auth_failed' } —————————————————————————————————————————————————————————————————————————————————————————————————————————————————————————————————————————————————————————— NX Successfully ran target ts-node-no-deps for project twenty-server (6s) With additional flags: ./scripts/setup-db.ts > nx database:migrate ✔ 1/1 dependent project tasks succeeded [1 read from cache] Hint: you can run the command with --verbose to see the full dependent project outputs —————————————————————————————————————————————————————————————————————————————————————————————————————————————————————————————————————————————————————————— > nx run twenty-server:build [existing outputs match the cache, left as is] > rimraf dist > nest build --path ./tsconfig.build.json - TSC Initializing type checker... ✔ TSC Initializing type checker... > TSC Found 0 issues. > SWC Running... Successfully compiled: 1653 files with swc (707.62ms) > nx run twenty-server:""database:migrate"" > nx typeorm -- migration:run -d src/database/typeorm/metadata/metadata.datasource > nx run twenty-server:typeorm migration:run -d src/database/typeorm/metadata/metadata.datasource > ts-node ../../node_modules/typeorm/cli.js migration:run -d src/database/typeorm/metadata/metadata.datasource Error during migration run: error: password authentication failed for user ""twenty"" at Parser.parseErrorMessage (/home/user/Desktop/projects/twenty/node_modules/pg/node_modules/pg-protocol/src/parser.ts:369:69) at Parser.handlePacket (/home/user/Desktop/projects/twenty/node_modules/pg/node_modules/pg-protocol/src/parser.ts:188:21) at Parser.parse (/home/user/Desktop/projects/twenty/node_modules/pg/node_modules/pg-protocol/src/parser.ts:103:30) at Socket. (/home/user/Desktop/projects/twenty/node_modules/pg/node_modules/pg-protocol/src/index.ts:7:48) at Socket.emit (node:events:514:28) at Socket.emit (node:domain:489:12) at addChunk (node:internal/streams/readable:324:12) at readableAddChunk (node:internal/streams/readable:297:9) at Socket.Readable.push (node:internal/streams/readable:234:10) at TCP.onStreamRead (node:internal/stream_base_commons:190:23) { length: 102, severity: 'FATAL', code: '28P01', detail: undefined, hint: undefined, position: undefined, internalPosition: undefined, internalQuery: undefined, where: undefined, schema: undefined, table: undefined, column: undefined, dataType: undefined, constraint: undefined, file: 'auth.c', line: '326', routine: 'auth_failed' } Warning: command ""ts-node ../../node_modules/typeorm/cli.js migration:run -d src/database/typeorm/metadata/metadata.datasource"" exited with non-zero status code —————————————————————————————————————————————————————————————————————————————————————————————————————————————————————————————————————————————————————————— NX Ran target typeorm for project twenty-server (814ms) With additional flags: migration:run --d=src/database/typeorm/metadata/metadata.datasource ✖ 1/1 failed ✔ 0/1 succeeded [0 read from cache] Warning: command ""nx typeorm -- migration:run -d src/database/typeorm/metadata/metadata.datasource"" exited with non-zero status code —————————————————————————————————————————————————————————————————————————————————————————————————————————————————————————————————————————————————————————— NX Ran target database:migrate for project twenty-server and 2 task(s) they depend on (1s) ✖ 1/3 failed ✔ 2/3 succeeded [2 read from cache] Warning: command ""nx database:migrate"" exited with non-zero status code —————————————————————————————————————————————————————————————————————————————————————————————————————————————————————————————————————————————————————————— NX Ran target database:reset for project twenty-server and 2 task(s) they depend on (13s) ✖ 1/3 failed ✔ 2/3 succeeded [2 read from cache] ```",https://github.com/twentyhq/twenty/issues/8701,2024-11-23T18:21:44Z,repo:twentyhq/twenty is:issue (task OR pipeline OR customer OR quote OR order OR payment),"{""comments"": 18, ""eligibility_rule"": ""Issue from predeclared mature OSS product repo; text>=100; domain term in title/body; native issue ID"", ""native_id"": 2686369516, ""node_id"": ""I_kwDOIicM-86gHr7s"", ""record_sha256"": ""90e9050f3090123a47028a056c5a8ef892cd2f5bf0633886bcf0342b152025c6"", ""repository"": ""twentyhq/twenty"", ""retrieved_at"": ""2026-07-19"", ""state"": ""closed""}"
28fbd90a797b9d98,Trusted OSS Issues,issue,Unable to create Whatsapp 360Dialog Inbox,"**Describe the bug** A clear and concise description of what the bug is. **To Reproduce** Steps to reproduce the behavior: 1. Go to Settings > Inboxes > Add Inbox > Whatsapp > 360Dialog 2. Fill forms 3. Click Create WhatsApp Channel 4. See the error We were not able to save the WhatsApp channel **Expected behavior** I expected the inbox to be created without error, as it did on my other Chatwoot instance. **Server logs** > jan 12 15:36:29 chat-VirtualBox chatwoot-web.1[25565]: I, [2023-01-12T15:36:29.043008 #25565] INFO -- : [7c793fec-2bae-4400-b999-cfc8fb71f030] Started POST ""/api/v1/accounts/2/inboxes"" for 10.0.0.78 at 2023-01-12 15:36:29 +0200 > jan 12 15:36:29 chat-VirtualBox chatwoot-web.1[25565]: I, [2023-01-12T15:36:29.044461 #25565] INFO -- : [7c793fec-2bae-4400-b999-cfc8fb71f030] Processing by Api::V1::Accounts::InboxesController#create as JSON > jan 12 15:36:29 chat-VirtualBox chatwoot-web.1[25565]: I, [2023-01-12T15:36:29.044649 #25565] INFO -- : [7c793fec-2bae-4400-b999-cfc8fb71f030] Parameters: {""name""=>""DoubleClick ERP Solutions"", ""channel""=>{""type""=>""whatsapp"", ""phone_number""=>""+20100xxxxxxx"", ""provider_config""=>{""api_key""=>""[FILTERED]""}}, ""account_id""=>""2"", ""inbox""=>{""name""=>""DoubleClick ERP Solutions""}} > jan 12 15:36:29 chat-VirtualBox chatwoot-web.1[25565]: I, [2023-01-12T15:36:29.322282 #25565] INFO -- : [7c793fec-2bae-4400-b999-cfc8fb71f030] Completed 422 Unprocessable Entity in 277ms (Views: 0.7ms | ActiveRecord: 2.0ms | Allocations: 4538) > jan 12 15:36:29 chat-VirtualBox chatwoot-web.1[25565]: I, [2023-01-12T15:36:29.325239 #25565] INFO -- : source=rack-timeout id=7c793fec-2bae-4400-b999-cfc8fb71f030 timeout=15000ms service=284ms state=completed > jan 12 15:36:32 chat-VirtualBox chatwoot-web.1[25565]: I, [2023-01-12T15:36:32.342200 #25565] INFO -- : RoomChannel#update_presence > jan 12 15:36:52 chat-VirtualBox chatwoot-web.1[25565]: I, [2023-01-12T15:36:52.342563 #25565] INFO -- : RoomChannel#update_presence **Environment** Describe whether you are using Chatwoot Cloud (app.chatwoot.com) or a self-hosted installation of Chatwoot. If you are using a self-hosted installation of Chatwoot, describe the type of deployment (Docker/Linux VM installation/Heroku/Kubernetes/Other). - [ ] app.chatwoot.com (Chatwoot Cloud) - [x ] Self-hosted - - [ x] Linux VM - - [ ] Docker - - [ ] Kubernetes - - [ ] Heroku - - [ ] Other (Please specify) **Additional context** OS : ubuntu-20.04.5-desktop-amd64 Host OS : Windows 10 VM app : Oracle VM VirtualBox",https://github.com/chatwoot/chatwoot/issues/6247,2023-01-12T14:00:42Z,"repo:chatwoot/chatwoot is:issue (""follow up"" OR reminder OR inbox OR lead OR appointment OR invoice)","{""comments"": 23, ""eligibility_rule"": ""Issue from predeclared mature OSS product repo; text>=100; domain term in title/body; native issue ID"", ""native_id"": 1530764356, ""node_id"": ""I_kwDODA66k85bPZxE"", ""record_sha256"": ""fc1dcecf53bd110941bb610aa202b90346121bb901fb03633efee754f535582e"", ""repository"": ""chatwoot/chatwoot"", ""retrieved_at"": ""2026-07-19"", ""state"": ""closed""}"
0ea6f3093e2eb3bf,Trusted OSS Issues,issue,Email sending planner,**Is your feature request related to a problem? Please describe.** Sometimes we work at late in evening or during weekends and we send emails and it is proper to send emails immediately. in the advanced pack on workflow sendEmail action it allows you to either send email immediately or later on and you provide when to send the email. i was hoping if this feature could be added so when we compose email we can choose to send immediately (should be default option) or later and we can specific when to send the email. **Describe the solution you'd like** I would like to have an option when composing the email to choose either to send immediately or later on. this has been mentioned on [https://github.com/espocrm/espocrm/issues/718](#718) **Describe alternatives you've considered** Now i just have to put all emails on hold and keep them in draft until right time to send them during working days/hours. **Additional context**,https://github.com/espocrm/espocrm/issues/2346,2022-06-16T18:22:19Z,repo:espocrm/espocrm is:issue (task OR pipeline OR customer OR quote OR order OR payment),"{""comments"": 23, ""eligibility_rule"": ""Issue from predeclared mature OSS product repo; text>=100; domain term in title/body; native issue ID"", ""native_id"": 1273931298, ""node_id"": ""I_kwDOAXU4sc5L7qYi"", ""record_sha256"": ""21774ae93d411522e2fb10ae1c5a73311cdbde83e8f1ca9516c33a375b95734c"", ""repository"": ""espocrm/espocrm"", ""retrieved_at"": ""2026-07-19"", ""state"": ""closed""}"
335daa435fdcceaf,Trusted OSS Issues,issue,[Feature] Customer and Supplier as one Party [Bounty],"[![Bountysource](https://api.bountysource.com/badge/issue?issue_id=41121617)](https://www.bountysource.com/issues/41121617-feature-suggestion-customer-and-supplier-as-one-party?utm_source=41121617&utm_medium=shield&utm_campaign=ISSUE_BADGE) In the real world of retail/wholesale business, most likely, some customers are also our suppliers. In this case, we are making invoices and bills for the same party… That is why is better to have just so called Party with the option to make it customer and supplier. In this case, for reconciliation purposes, supplier and customer Statement will be merged for the purpose of getting net of the actual payable or receivable for reconciliation as same in Odoo… But for reporting purposes, if invoices and bills are not yet paid, it still should be shown as separate accounts in the financial statements as payable(in liabilities section) and receivables (in asset section)… In getting the statement showing both balances of receivables and payables, there should be a button which can be used to offset amount with invoices and bill in case the party would want to pay only for the net outstanding balance for all invoices and bills. When clicking the button, it should automatically go to a journal entry wherein invoices and bills can be allocated to each other in order to allocate amounts which should take effect the offsetting of amounts to apply the receivables to payables and vice versa...",https://github.com/frappe/erpnext/issues/7538,2017-01-19T15:07:55Z,"repo:frappe/erpnext is:issue (""follow up"" OR reminder OR inbox OR lead OR appointment OR invoice)","{""comments"": 20, ""eligibility_rule"": ""Issue from predeclared mature OSS product repo; text>=100; domain term in title/body; native issue ID"", ""native_id"": 201885679, ""node_id"": ""MDU6SXNzdWUyMDE4ODU2Nzk="", ""record_sha256"": ""535ce9294f7ae6b5f7d09d95c842d88f79b45696a4133d76571bb37cc5da2f18"", ""repository"": ""frappe/erpnext"", ""retrieved_at"": ""2026-07-19"", ""state"": ""closed""}"
281a449e1d5da615,Trusted OSS Issues,issue,2.6.0 - lead_fields table is missing on fresh install,"What type of report is this: | Q | A | ---| --- | Bug report? | x | Feature request? | | Enhancement? | ## Description: Fresh instance of Mautic 2.6.0 results in errors in the log related to a missing table: [2017-02-14 09:37:38] mautic.ERROR: SCHEMA ERROR: An exception occurred while executing 'SELECT f.alias, f.is_unique_identifer as is_unique, f.type, f.object FROM mau_lead_fields f WHERE f.object = 'lead' ORDER BY f.field_order ASC': SQLSTATE[42S02]: Base table or view not found: 1146 Table 'local-mautictest.mau_lead_fields' doesn't exist ## If a bug: | Q | A | --- | --- | Mautic version | 2.6.0 vanilla install via download (not via Github) | PHP version | 7.0.15 ### Steps to reproduce: 1. Install Mautic 2. I made a couple of changes to email settings in config - not sure what triggered the error! 2. Check error logs ### Log errors: [2017-02-14 09:37:38] mautic.ERROR: SCHEMA ERROR: An exception occurred while executing 'SELECT f.alias, f.is_unique_identifer as is_unique, f.type, f.object FROM mau_lead_fields f WHERE f.object = 'lead' ORDER BY f.field_order ASC': SQLSTATE[42S02]: Base table or view not found: 1146 Table 'local-mautictest.mau_lead_fields' doesn't exist",https://github.com/mautic/mautic/issues/3436,2017-02-14T09:55:19Z,repo:mautic/mautic is:issue (task OR pipeline OR customer OR quote OR order OR payment),"{""comments"": 32, ""eligibility_rule"": ""Issue from predeclared mature OSS product repo; text>=100; domain term in title/body; native issue ID"", ""native_id"": 207467489, ""node_id"": ""MDU6SXNzdWUyMDc0Njc0ODk="", ""record_sha256"": ""8c5cdf93963865a28caef542d8b41a5ae6df51a97c9b87af315b19e86afabc78"", ""repository"": ""mautic/mautic"", ""retrieved_at"": ""2026-07-19"", ""state"": ""closed""}"
30ed80fe91a40357,Trusted OSS Issues,issue,"""The Payload is Invalid"" on Dashboard after adding 2nd factor / f2a","(Note: you don't need to follow this template, nor to keep headlines or bold sentences - they are just there to guide you. Feel free to delete everything. We review every issue even if we don't immediately respond.) Thanks for filing an issue and for your interest in the project. **Describe the bug** A clear and concise description of what the bug is. If your comment is `it doesn't work`, we won't know what to do with it. **Screenshots** ```Whoops! Da lief etwas falsch. The payload is invalid. (View: /home/crm/monica/resources/views/auth/validatewebauthn.blade.php) Zurück zur Seite ``` **Which version are you using:** - A server you maintain yourself Commit 55f92d6 **Additional context** ``` ErrorException thrown with message ""The payload is invalid. (View: /home/crm/monica/resources/views/auth/validatewebauthn.blade.php)"" Stacktrace: #84 ErrorException in /home/crm/monica/vendor/laravel/framework/src/Illuminate/Encryption/Encrypter.php:195 #83 Illuminate\Contracts\Encryption\DecryptException in /home/crm/monica/vendor/laravel/framework/src/Illuminate/Encryption/Encrypter.php:195 #82 Illuminate\Encryption\Encrypter:getJsonPayload in /home/crm/monica/vendor/laravel/framework/src/Illuminate/Encryption/Encrypter.php:136 #81 Illuminate\Encryption\Encrypter:decrypt in /home/crm/monica/vendor/laravel/framework/src/Illuminate/Foundation/helpers.php:382 #80 decrypt in /home/crm/monica/app/Models/User/User.php:331 #79 App\Models\User\User:getGoogle2faSecretAttribute in /home/crm/monica/vendor/laravel/framework/src/Illuminate/Database/Eloquent/Concerns/HasAttributes.php:446 #78 Illuminate\Database\Eloquent\Model:mutateAttribute in /home/crm/monica/vendor/laravel/framework/src/Illuminate/Database/Eloquent/Concerns/HasAttributes.php:346 #77 Illuminate\Database\Eloquent\Model:getAttributeValue in /home/crm/monica/vendor/laravel/framework/src/Illuminate/Database/Eloquent/Concerns/HasAttributes.php:319 #76 Illuminate\Database\Eloquent\Model:getAttribute in /home/crm/monica/vendor/laravel/framework/src/Illuminate/Database/Eloquent/Model.php:1519 #75 Illuminate\Database\Eloquent\Model:__get in /home/crm/monica/vendor/pragmarx/google2fa-laravel/src/Google2FA.php:57 #74 PragmaRX\Google2FALaravel\Google2FA:getGoogle2FASecretKey in /home/crm/monica/vendor/pragmarx/google2fa-laravel/src/Google2FA.php:67 #73 PragmaRX\Google2FALaravel\Google2FA:isActivated in /home/crm/monica/storage/framework/views/fba1246ff83feb12e92e104b06ef696a30489cd7.php:27 #72 include in /home/crm/monica/vendor/laravel/framework/src/Illuminate/View/Engines/PhpEngine.php:43 #71 Illuminate\View\Engines\PhpEngine:evaluatePath in /home/crm/monica/vendor/laravel/framework/src/Illuminate/View/Engines/CompilerEngine.php:59 #70 Illuminate\View\Engines\CompilerEngine:get in /home/crm/monica/vendor/laravel/framework/src/Illuminate/View/View.php:142 #69 Illuminate\View\View:getContents in /home/crm/monica/vendor/laravel/framework/src/Illuminate/View/View.php:125 #68 Illuminate\View\View:renderContents in /home/crm/monica/vendor/laravel/framework/src/Illuminate/View/View.php:90 #67 Illuminate\View\View:render in /home/crm/monica/vendor/laravel/framework/src/Illuminate/Http/Response.php:42 #66 Illuminate\Http\Response:setContent in /home/crm/monica/vendor/symfony/http-foundation/Response.php:202 #65 Symfony\Component\HttpFoundation\Response:__construct in /home/crm/monica/vendor/laravel/framework/src/Illuminate/Routing/Router.php:748 #64 Illuminate\Routing\Router:toResponse in /home/crm/monica/vendor/laravel/framework/src/Illuminate/Routing/Router.php:720 #63 Illuminate\Routing\Router:prepareResponse in /home/crm/monica/vendor/laravel/framework/src/Illuminate/Routing/Router.php:680 #62 Illuminate\Routing\Router:Illuminate\Routing\{closure} in /home/crm/monica/vendor/laravel/framework/src/Illuminate/Routing/Pipeline.php:30 #61 Illuminate\Routing\Pipeline:Illuminate\Routing\{closure} in /home/crm/monica/app/Http/Middleware/EnsureEmailIsVerified.php:23 #60 App\Http\Middleware\EnsureEmailIsVerified:handle in /home/crm/monica/vendor/laravel/framework/src/Illuminate/Pipeline/Pipeline.php:163 #59 Illuminate\Pipeline\Pipeline:Illuminate\Pipeline\{closure} in /home/crm/monica/vendor/laravel/framework/src/Illuminate/Routing/Pipeline.php:53 #58 Illuminate\Routing\Pipeline:Illuminate\Routing\{closure} in /home/crm/monica/vendor/laravel/framework/src/Illuminate/Auth/Middleware/Authenticate.php:43 #57 Illuminate\Auth\Middleware\Authenticate:handle in /home/crm/monica/vendor/laravel/framework/src/Illuminate/Pipeline/Pipeline.php:163 #56 Illuminate\Pipeline\Pipeline:Illuminate\Pipeline\{closure} in /home/crm/monica/vendor/laravel/framework/src/Illuminate/Routing/Pipeline.php:53 #55 Illuminate\Routing\Pipeline:Illuminate\Routing\{closure} in /home/crm/monica/app/Http/Middleware/CheckCompliance.php:34 #54 App\Http\Middleware\CheckCompliance:handle in /home/crm/monica/vendor/laravel/framework/src/Illuminate/Pipeline/Pipeline.php:163 #53 Illuminate\Pipeline\Pipeline:Illuminate\Pipeline\{closure} in /home/crm/monica/vendor/laravel/framework/src/Illuminate/Routing/Pipeline.php:53 #52 Illuminate\Routing\Pipeline:Illuminate\Routing\{closure} in /home/crm/monica/app/Http/Middleware/CheckVersion.php:32 #51 App\Http\Middleware\CheckVersion:handle in /home/crm/monica/vendor/laravel/framework/src/Illuminate/Pipeline/Pipeline.php:163 #50 Illuminate\Pipeline\Pipeline:Illuminate\Pipeline\{closure} in /home/crm/monica/vendor/laravel/framework/src/Illuminate/Routing/Pipeline.php:53 #49 Illuminate\Routing\Pipeline:Illuminate\Routing\{closure} in /home/crm/monica/app/Http/Middleware/CheckLocale.php:28 #48 App\Http\Middleware\CheckLocale:handle in /home/crm/monica/vendor/laravel/framework/src/Illuminate/Pipeline/Pipeline.php:163 #47 Illuminate\Pipeline\Pipeline:Illuminate\Pipeline\{closure} in /home/crm/monica/vendor/laravel/framework/src/Illuminate/Routing/Pipeline.php:53 #46 Illuminate\Routing\Pipeline:Illuminate\Routing\{closure} in /home/crm/monica/vendor/laravel/framework/src/Illuminate/Routing/Middleware/SubstituteBindings.php:41 #45 Illuminate\Routing\Middleware\SubstituteBindings:handle in /home/crm/monica/vendor/laravel/framework/src/Illuminate/Pipeline/Pipeline.php:163 #44 Illuminate\Pipeline\Pipeline:Illuminate\Pipeline\{closure} in /home/crm/monica/vendor/laravel/framework/src/Illuminate/Routing/Pipeline.php:53 #43 Illuminate\Routing\Pipeline:Illuminate\Routing\{closure} in /home/crm/monica/vendor/laravel/framework/src/Illuminate/Foundation/Http/Middleware/VerifyCsrfToken.php:75 #42 Illuminate\Foundation\Http\Middleware\VerifyCsrfToken:handle in /home/crm/monica/vendor/laravel/framework/src/Illuminate/Pipeline/Pipeline.php:163 #41 Illuminate\Pipeline\Pipeline:Illuminate\Pipeline\{closure} in /home/crm/monica/vendor/laravel/framework/src/Illuminate/Routing/Pipeline.php:53 #40 Illuminate\Routing\Pipeline:Illuminate\Routing\{closure} in /home/crm/monica/vendor/laravel/framework/src/Illuminate/View/Middleware/ShareErrorsFromSession.php:49 #39 Illuminate\View\Middleware\ShareErrorsFromSession:handle in /home/crm/monica/vendor/laravel/framework/src/Illuminate/Pipeline/Pipeline.php:163 #38 Illuminate\Pipeline\Pipeline:Illuminate\Pipeline\{closure} in /home/crm/monica/vendor/laravel/framework/src/Illuminate/Routing/Pipeline.php:53 #37 Illuminate\Routing\Pipeline:Illuminate\Routing\{closure} in /home/crm/monica/app/Http/Middleware/SentryContext.php:43 #36 App\Http\Middleware\SentryContext:handle in /home/crm/monica/vendor/laravel/framework/src/Illuminate/Pipeline/Pipeline.php:163 #35 Illuminate\Pipeline\Pipeline:Illuminate\Pipeline\{closure} in /home/crm/monica/vendor/laravel/framework/src/Illuminate/Routing/Pipeline.php:53 #34 Illuminate\Routing\Pipeline:Illuminate\Routing\{closure} in /home/crm/monica/vendor/laravel/framework/src/Illuminate/Session/Middleware/StartSession.php:56 #33 Illuminate\Session\Middleware\StartSession:handle in /home/crm/monica/vendor/laravel/framework/src/Illuminate/Pipeline/Pipeline.php:163 #32 Illuminate\Pipeline\Pipeline:Illuminate\Pipeline\{closure} in /home/crm/monica/vendor/laravel/framework/src/Illuminate/Routing/Pipeline.php:53 #31 Illuminate\Routing\Pipeline:Illuminate\Routing\{closure} in /home/crm/monica/vendor/laravel/framework/src/Illuminate/Cookie/Middleware/AddQueuedCookiesToResponse.php:37 #30 Illuminate\Cookie\Middleware\AddQueuedCookiesToResponse:handle in /home/crm/monica/vendor/laravel/framework/src/Illuminate/Pipeline/Pipeline.php:163 #29 Illuminate\Pipeline\Pipeline:Illuminate\Pipeline\{closure} in /home/crm/monica/vendor/laravel/framework/src/Illuminate/Routing/Pipeline.php:53 #28 Illuminate\Routing\Pipeline:Illuminate\Routing\{closure} in /home/crm/monica/vendor/laravel/framework/src/Illuminate/Cookie/Middleware/EncryptCookies.php:66 #27 Illuminate\Cookie\Middleware\EncryptCookies:handle in /home/crm/monica/vendor/laravel/framework/src/Illuminate/Pipeline/Pipeline.php:163 #26 Illuminate\Pipeline\Pipeline:Illuminate\Pipeline\{closure} in /home/crm/monica/vendor/laravel/framework/src/Illuminate/Routing/Pipeline.php:53 #25 Illuminate\Routing\Pipeline:Illuminate\Routing\{closure} in /home/crm/monica/vendor/laravel/framework/src/Illuminate/Pipeline/Pipeline.php:104 #24 Illuminate\Pipeline\Pipeline:then in /home/crm/monica/vendor/laravel/framework/src/Illuminate/Routing/Router.php:682 #23 Illuminate\Routing\Router:runRouteWithinStack in /home/crm/monica/vendor/laravel/framework/src/Illuminate/Routing/Router.php:657 #22 Illuminate\Routing\Router:runRoute in /home/crm/monica/vendor/laravel/framework/src/Illuminate/Routing/Router.php:623 #21 Illuminate\Routing\Router:dispatchToRoute in /home/crm/monica/vendor/laravel/framework/src/Illuminate/Routing/Router.php:612 #20 Illuminate\Routing\Router:dispatch in /home/crm/monica/vendor/laravel/framework/src/Illuminate/Foundation/Http/Kernel.php:176 #19 Illuminate\Foundation\Http\Kernel:Illuminate\Foundation\Http\{closure} in /home/crm/monica/vendor/laravel/framework/src/Illuminate/Routing/Pipeline.php:30 #18 Illuminate\Routing\Pipeline:Illuminate\Routing\{closure} in /home/crm/monica/vendor/barryvdh/laravel-debugbar/src/Middleware/InjectDebugbar.php:65 #17 Barryvdh\Debugbar\Middleware\InjectDebugbar:handle in /home/crm/monica/vendor/laravel/framework/src/Illuminate/Pipeline/Pipeline.php:163 #16 Illuminate\Pipeline\Pipeline:Illuminate\Pipeline\{closure} in /home/crm/monica/vendor/laravel/framework/src/Illuminate/Routing/Pipeline.php:53 #15 Illuminate\Routing\Pipeline:Illuminate\Routing\{closure} in /home/crm/monica/vendor/fideloper/proxy/src/TrustProxies.php:57 #14 Fideloper\Proxy\TrustProxies:handle in /home/crm/monica/vendor/laravel/framework/src/Illuminate/Pipeline/Pipeline.php:163 #13 Illuminate\Pipeline\Pipeline:Illuminate\Pipeline\{closure} in /home/crm/monica/vendor/laravel/framework/src/Illuminate/Routing/Pipeline.php:53 #12 Illuminate\Routing\Pipeline:Illuminate\Routing\{closure} in /home/crm/monica/vendor/laravel/framework/src/Illuminate/Foundation/Http/Middleware/TransformsRequest.php:21 #11 Illuminate\Foundation\Http\Middleware\TransformsRequest:handle in /home/crm/monica/vendor/laravel/framework/src/Illuminate/Pipeline/Pipeline.php:163 #10 Illuminate\Pipeline\Pipeline:Illuminate\Pipeline\{closure} in /home/crm/monica/vendor/laravel/framework/src/Illuminate/Routing/Pipeline.php:53 #9 Illuminate\Routing\Pipeline:Illuminate\Routing\{closure} in /home/crm/monica/vendor/laravel/framework/src/Illuminate/Foundation/Http/Middleware/TransformsRequest.php:21 #8 Illuminate\Foundation\Http\Middleware\TransformsRequest:handle in /home/crm/monica/vendor/laravel/framework/src/Illuminate/Pipeline/Pipeline.php:163 #7 Illuminate\Pipeline\Pipeline:Illuminate\Pipeline\{closure} in /home/crm/monica/vendor/laravel/framework/src/Illuminate/Routing/Pipeline.php:53 #6 Illuminate\Routing\Pipeline:Illuminate\Routing\{closure} in /home/crm/monica/vendor/laravel/framework/src/Illuminate/Foundation/Http/Middleware/CheckForMaintenanceMode.php:62 #5 Illuminate\Foundation\Http\Middleware\CheckForMaintenanceMode:handle in /home/crm/monica/vendor/laravel/framework/src/Illuminate/Pipeline/Pipeline.php:163 #4 Illuminate\Pipeline\Pipeline:Illuminate\Pipeline\{closure} in /home/crm/monica/vendor/laravel/framework/src/Illuminate/Routing/Pipeline.php:53 #3 Illuminate\Routing\Pipeline:Illuminate\Routing\{closure} in /home/crm/monica/vendor/laravel/framework/src/Illuminate/Pipeline/Pipeline.php:104 #2 Illuminate\Pipeline\Pipeline:then in /home/crm/monica/vendor/laravel/framework/src/Illuminate/Foundation/Http/Kernel.php:151 #1 Illuminate\Foundation\Http\Kernel:sendRequestThroughRouter in /home/crm/monica/vendor/laravel/framework/src/Illuminate/Foundation/Http/Kernel.php:116 #0 Illuminate\Foundation\Http\Kernel:handle in /home/crm/monica/public/index.php:52 ```",https://github.com/monicahq/monica/issues/2761,2019-06-09T16:49:13Z,repo:monicahq/monica is:issue (task OR pipeline OR customer OR quote OR order OR payment),"{""comments"": 15, ""eligibility_rule"": ""Issue from predeclared mature OSS product repo; text>=100; domain term in title/body; native issue ID"", ""native_id"": 453916265, ""node_id"": ""MDU6SXNzdWU0NTM5MTYyNjU="", ""record_sha256"": ""2363561212c0dd674a2ef3a72c98a2aea22809523061156a17d624d41100009d"", ""repository"": ""monicahq/monica"", ""retrieved_at"": ""2026-07-19"", ""state"": ""closed""}"
f95a1117d13e9dcb,Trusted OSS Issues,issue,Add storybook tests on ObjectFilterDropdownOptionSelect,## Scope & Context Follow-up on this PR: https://github.com/twentyhq/twenty/pull/3656 New components have been added without any storybook test. ## Technical inputs File paths are the following: - packages/twenty-front/src/modules/ui/navigation/menu-item/components/MenuItemSelectTag.tsx - packages/twenty-front/src/modules/object-record/object-filter-dropdown/components/ObjectFilterDropdownOptionSelect.tsx,https://github.com/twentyhq/twenty/issues/4316,2024-03-05T15:02:36Z,"repo:twentyhq/twenty is:issue (""follow up"" OR reminder OR inbox OR lead OR appointment OR invoice)","{""comments"": 31, ""eligibility_rule"": ""Issue from predeclared mature OSS product repo; text>=100; domain term in title/body; native issue ID"", ""native_id"": 2169463243, ""node_id"": ""I_kwDOIicM-86BT2HL"", ""record_sha256"": ""967cd86504ebeb6018eb32555d5a8226e2dfaf8ec343a36d3a7c3341ab740359"", ""repository"": ""twentyhq/twenty"", ""retrieved_at"": ""2026-07-19"", ""state"": ""closed""}"
31ab00f0136bb741,Trusted OSS Issues,issue,[CW-2099] Can't create FB Inbox - Stuck in Empty Page dropdown in step 2,"### Describe the bug I set up my fb app, and star creating the messenger inbox. after login in to fb and choosing fb and instagram pages, it takes me to step 2 to select the page for the inbox. but the dropdown list is empty. does anyone know why the dropdown list for page is empty?? Im stuck in this step. any ideas Would be awesome. ![](https://uploads.linear.app/2847f7b9-2caa-474c-b261-1c9bdc2a5da6/5bcdfca7-eee5-4446-9ca8-1a5b55267711/3b1dc4a0-58a7-42de-b6ed-e640c65f4423) in console I see this error showing up : You are overriding current access token, that means some other app is expecting different access token and you will probably break things. Please consider passing access_token directly to API parameters instead of overriding the global settings. sdk.js?hash=6a6b333efddf4e8a974481afe9d29b3a and in the container logs I see: \[2023-06-08T02:06:19.988579 #1\] INFO -- : \[844c31b5-4ada-4fc8-b0c4-c3fe1e3c55 b4\] Started POST ""/api/v1/accounts/1/callbacks/facebook_pages.json"" for 181.33.15 9\.218 at 2023-06-08 02:06:19 +0000 I, \[2023-06-08T02:06:19.992912 #1\] INFO -- : \[844c31b5-4ada-4fc8-b0c4-c3fe1e3c55 b4\] Processing by Api::V1::Accounts::CallbacksController#facebook_pages as JSON I, \[2023-06-08T02:06:19.993060 #1\] INFO -- : \[844c31b5-4ada-4fc8-b0c4-c3fe1e3c55 b4\] Parameters: {""omniauth_token""=>""\[FILTERED\]"", ""account_id""=>""1"", ""callback""= > {""omniauth_token""=>""\[FILTERED\]""}} > I, \[2023-06-08T02:06:21.639487 #1\] INFO -- : \[844c31b5-4ada-4fc8-b0c4-c3fe1e3c55 > b4\] Rendered api/v1/accounts/callbacks/facebook_pages.json.jbuilder (Duration: > 0\.3ms | Allocations: 54) > I, \[2023-06-08T02:06:21.643783 #1\] INFO -- : \[844c31b5-4ada-4fc8-b0c4-c3fe1e3c55 > b4\] Completed 200 OK in 1651ms (Views: 1.4ms | ActiveRecord: 1.9ms | Allocations: 1. I, \[2023-06-08T02:06:21.645228 #1\] INFO -- : source=rack-timeout id=844c31b5-4ad a-4fc8-b0c4-c3fe1e3c55b4 timeout=15000ms service=1658ms state=completed ### To Reproduce Im self hosting with docker. I go to create new inbox, select messenger, login to fb, select fb page and ig page, im taken to step 2. there im stuck. ### Expected behavior not sure because its the first time setting up fb inbox but surely it should let me advanced. ### Environment Docker ### Cloud Provider None ### Platform Browser ### Operating system docker ### Browser and version tried safari and chrome ### Docker (if applicable) Client: Version: 20.10.23 API version: 1.41 Go version: go1.19.1 Git commit: 876964a Built: Mon May 29 09:43:21 2023 OS/Arch: linux/amd64 Context: default Experimental: true Server: Engine: Version: 20.10.23 API version: 1.41 (minimum version 1.12) Go version: go1.19.1 Git commit: 5fcb1cf Built: Mon May 29 09:40:38 2023 OS/Arch: linux/amd64 Experimental: false ### Additional context *No response* From [SyncLinear.com](https://synclinear.com) | [CW-2099](https://linear.app/chatwoot/issue/CW-2099/cant-create-fb-inbox-stuck-in-empty-page-dropdown-in-step-2)",https://github.com/chatwoot/chatwoot/issues/7269,2023-06-08T02:08:39Z,"repo:chatwoot/chatwoot is:issue (""follow up"" OR reminder OR inbox OR lead OR appointment OR invoice)","{""comments"": 29, ""eligibility_rule"": ""Issue from predeclared mature OSS product repo; text>=100; domain term in title/body; native issue ID"", ""native_id"": 1746954592, ""node_id"": ""I_kwDODA66k85oIGlg"", ""record_sha256"": ""7e8239941a90d3b7599efbd469ca021a00facc393b79f67edd244f65385aba23"", ""repository"": ""chatwoot/chatwoot"", ""retrieved_at"": ""2026-07-19"", ""state"": ""closed""}"
1c1fdbf8b164af18,Trusted OSS Issues,issue,Sorting entries needs enhancement,"## Problem Right now, we can sort the column in Leads/Contacts/Any Other by one column. It would be really nice if we can sort entries by one or more columns. For example, I would want to sort the leads by created time(desc) and status. The reason is I want first approach people who came in as leads the latest and status is still new. The second sorting item need not be always status, it can be something else also like custom field. - Basically I want to find new entries sorted by created date descending. - (When lead was not available for the first follow up) Second time follow up entries sorted by created date descending. - (When lead was not available for the second follow up) Third time follow up entries sorted by created date descending. And so on... Ability to Group the leads are also useful. Example mysql query ```mysql select * from `espocrm`.`lead` group by `espocrm`.`lead`.`status` order by `espocrm`.`lead`.`createdTime` desc, `espocrm`.`lead`.`modifiedTime` asc ```",https://github.com/espocrm/espocrm/issues/795,2018-02-06T07:31:51Z,"repo:espocrm/espocrm is:issue (""follow up"" OR reminder OR inbox OR lead OR appointment OR invoice)","{""comments"": 9, ""eligibility_rule"": ""Issue from predeclared mature OSS product repo; text>=100; domain term in title/body; native issue ID"", ""native_id"": 294658369, ""node_id"": ""MDU6SXNzdWUyOTQ2NTgzNjk="", ""record_sha256"": ""282f3e09347a05f5898a984e9e3005638273019ac4219a8963a258d49455406b"", ""repository"": ""espocrm/espocrm"", ""retrieved_at"": ""2026-07-19"", ""state"": ""closed""}"
496708ff73586064,Trusted OSS Issues,issue,MultiCurrency - Can't invoice customer,"### Information about bug On first invoice of a new customer, if the currency is different from the ledger currency, system throws error: `Party Account currency and document currency should be same` Caused by https://github.com/frappe/erpnext/commit/80c85dd17cf0c0fdcf07d2e0c2151b2852a0c611 ### Module accounts ### Version ERPNext: v13.31.1 (HEAD) Frappe Framework: v13.30.0 (HEAD) ### Installation method FrappeCloud ### Relevant log output / Stack trace / Full Error Message. ```shell Traceback (most recent call last): File ""apps/frappe/frappe/app.py"", line 69, in application response = frappe.api.handle() File ""apps/frappe/frappe/api.py"", line 55, in handle return frappe.handler.handle() File ""apps/frappe/frappe/handler.py"", line 38, in handle data = execute_cmd(cmd) File ""apps/frappe/frappe/handler.py"", line 76, in execute_cmd return frappe.call(method, **frappe.form_dict) File ""apps/frappe/frappe/__init__.py"", line 1448, in call return fn(*args, **newargs) File ""apps/frappe/frappe/desk/form/save.py"", line 25, in savedocs doc.save() File ""apps/frappe/frappe/model/document.py"", line 310, in save return self._save(*args, **kwargs) File ""apps/frappe/frappe/model/document.py"", line 332, in _save return self.insert() File ""apps/frappe/frappe/model/document.py"", line 261, in insert self.run_before_save_methods() File ""apps/frappe/frappe/model/document.py"", line 1052, in run_before_save_methods self.run_method(""validate"") File ""apps/frappe/frappe/model/document.py"", line 941, in run_method out = Document.hook(fn)(self, *args, **kwargs) File ""apps/frappe/frappe/model/document.py"", line 1260, in composer return composed(self, method, *args, **kwargs) File ""apps/frappe/frappe/model/document.py"", line 1242, in runner add_to_return_value(self, fn(self, *args, **kwargs)) File ""apps/frappe/frappe/model/document.py"", line 938, in fn return method_object(*args, **kwargs) File ""apps/erpnext/erpnext/accounts/doctype/sales_invoice/sales_invoice.py"", line 96, in validate super(SalesInvoice, self).validate() File ""apps/erpnext/erpnext/controllers/selling_controller.py"", line 32, in validate super(SellingController, self).validate() File ""apps/erpnext/erpnext/controllers/stock_controller.py"", line 38, in validate super(StockController, self).validate() File ""apps/erpnext/erpnext/controllers/accounts_controller.py"", line 173, in validate self.validate_party_account_currency() File ""apps/erpnext/erpnext/controllers/accounts_controller.py"", line 1467, in validate_party_account_currency frappe.bold(party_account) File ""apps/frappe/frappe/__init__.py"", line 511, in throw as_list=as_list, File ""apps/frappe/frappe/__init__.py"", line 479, in msgprint _raise_exception() File ""apps/frappe/frappe/__init__.py"", line 434, in _raise_exception raise raise_exception(msg) frappe.exceptions.ValidationError: Party Account Removed - R currency and document currency should be same ```",https://github.com/frappe/erpnext/issues/31193,2022-05-31T11:01:29Z,repo:frappe/erpnext is:issue (task OR pipeline OR customer OR quote OR order OR payment),"{""comments"": 22, ""eligibility_rule"": ""Issue from predeclared mature OSS product repo; text>=100; domain term in title/body; native issue ID"", ""native_id"": 1253698244, ""node_id"": ""I_kwDOABxyKc5KuerE"", ""record_sha256"": ""4379fccca2bb3184abf37080c11135daedff2065652ef6826592e091086edfde"", ""repository"": ""frappe/erpnext"", ""retrieved_at"": ""2026-07-19"", ""state"": ""closed""}"
304cb336cdd8dc8b,Trusted OSS Issues,issue,Bug is back in 2.14.0 -- UniqueConstraintViolationException and subsequent campaign failure,"**Please DO NOT report security vulnerabilities here. Send them to security@mautic.com instead.** | Q | A | ---| --- | Bug report? | x | | Feature request? || | Enhancement? | | ## Description: I'm facing the issue described in #3749 Steps to reproduce and Mautic behaviour are exactly as described. The difference in logs is that my logs show that the Entity Manager is closed. See below. This bug goes away when I downgrade to 2.13.1. (would not like to keep using 2.13.1 due to stability issues but have to while this bug exists) ## If a bug: | Q | A | --- | --- | Mautic version | 2.14.0 | PHP version | 7.0 ### Steps to reproduce: See #3749 ### Log errors: ``` [2018-09-12 22:37:03] mautic.ERROR: CAMPAIGN: The EntityManager is closed. [] [] [2018-09-12 22:38:02] mautic.ERROR: CAMPAIGN: An exception occurred while executing ‘INSERT INTO campaign_lead_event_log (rotation, date_triggered, is_scheduled, trigger_date, system_triggered, metadata, channel, channel_id, non_action_path_taken, event_id, lead_id, campaign_id, ip_id) VALUES (?, ?, ?, ?, ?, ?, ?, ?, ?, ?, ?, ?, ?)’ with params [1, “2018-09-12 22:38:02”, 0, null, 1, “a:0:{}“, “email”, 101, 0, 37, 37510, 9, 2999]: SQLSTATE[23000]: Integrity constraint violation: 1062 Duplicate entry ‘37-37510-1’ for key ‘campaign_rotation’ [] [] [2018-09-12 22:38:02] mautic.ERROR: CAMPAIGN: The EntityManager is closed. [] [] ``` _Please check for related errors in the latest log file in [mautic root]/app/log/ and/or the web server's logs and post them here. Be sure to remove sensitive information if applicable._",https://github.com/mautic/mautic/issues/6613,2018-09-20T05:30:48Z,"repo:mautic/mautic is:issue (""follow up"" OR reminder OR inbox OR lead OR appointment OR invoice)","{""comments"": 49, ""eligibility_rule"": ""Issue from predeclared mature OSS product repo; text>=100; domain term in title/body; native issue ID"", ""native_id"": 362024203, ""node_id"": ""MDU6SXNzdWUzNjIwMjQyMDM="", ""record_sha256"": ""de1feb3e21b28cd4fde8b97dde41bc65eccd79089d50b39797c962a99e30851b"", ""repository"": ""mautic/mautic"", ""retrieved_at"": ""2026-07-19"", ""state"": ""closed""}"
6d923b84de04c2b9,Trusted OSS Issues,issue,Database Changes and Optimisation,"There are a few locations where the database can be cleaned up, and optimised slightly: 1. Redundant ""surname"" column in ""contacts"" table 2. Do not strictly need ""has_kids"" column, you can just query if ""number of kids"" > 0 3. Might be better to remove ""number_of_reminders"", etc. and query their respective tables and cache the result, then you don't need to store this information in multiple places. [Laravel's caching interface allows increment and decrement of these values.](https://laravel.com/docs/5.4/cache#cache-usage) 4. Could move the contact information (e.g. phone number) to its own table to solve #128. A `contact_type` and `contact_details` table, or something similar - this would work similar to how activities currently work. This would also allow the removal of the Twitter, FB, and LinkedIn profile links from the `users` table. 5. Column naming is strange in some places. Although you have a ""currencies"" table, in ""gifts"" there is a column named ""value_in_dollars"" - perhaps this should be currency agnostic? I have noticed this in the Monica front-end too. 6. In the 'activities' table the date column is named ""date_it_happened"" which presumes it happened in the past. Perhaps this should be changed to accommodate for #195 Just a few suggestions that might help optimise things! @djaiss - if you agree with any let me know and I might have some time to work on a PR - and congratulations on making such a useful piece of software! :)",https://github.com/monicahq/monica/issues/204,2017-06-11T11:32:20Z,repo:monicahq/monica is:issue (task OR pipeline OR customer OR quote OR order OR payment),"{""comments"": 9, ""eligibility_rule"": ""Issue from predeclared mature OSS product repo; text>=100; domain term in title/body; native issue ID"", ""native_id"": 235059704, ""node_id"": ""MDU6SXNzdWUyMzUwNTk3MDQ="", ""record_sha256"": ""b54bd99d6b55b378209b80e6d00150678a69c9e1c01a1e259c387ab691c3b899"", ""repository"": ""monicahq/monica"", ""retrieved_at"": ""2026-07-19"", ""state"": ""closed""}"
fa06b8ec468929b8,Trusted OSS Issues,issue,Improve display of numerous relations - Implement 'show more' Overlay,"# Current Behavior: Today, when there are too many relations, they are displayed without consideration of available space, leading to a cluttered appearance. ### Example issue on tasks: https://user-images.githubusercontent.com/102394218/258555670-69f2c5c9-add6-45fc-ad88-cdc4c8b6374f.mp4 # Expected Behavior: The desired behavior is to apply a consistent display format for all multiple relations across the application. ### Proposed Solution: 1. Limiting Width Div: o When displaying relations, constrain them within a maximum width div. o The div should not exceed the length of a single line. 2. Displaying Maximum Elements: o Show the maximum number of relations that fit within the div. 3. Adding 'Show More' Indicator: o If the div is full and there are additional non-displayed relations, add a '+n' indicator, representing the number of hidden relations. 4. 'Show More' Interaction: o Make the '+n' indicator clickable. o When clicked, open an overlay that expands to the div's width and accommodates the content to display all the hidden relations. ### Example desired behavior on tasks: https://user-images.githubusercontent.com/102394218/258555611-b7dc316e-b028-4b35-b414-5bb7a3e21b7e.mp4 By implementing these changes, we aim to improve the display of numerous relations, ensuring a neat and organized presentation, and providing users with the option to access all relations via the 'Show More' overlay. ### Proposed implementation plan ```[tasklist] ### Tasks - [ ] Introduce a @/ui/OverflowingChipsWithTooltip component that take children as an argument and applying a width: 100% to itself - [ ] Add a useEffect to compute container size in js, compute estimated chip size based on text and icon - [ ] Add a +n button with remaining items - [ ] On click on the +n button, display a overflow div with the same width as it parent - [ ] On click outside, close the overflow div - [ ] Use this new component in Activity Right Panel, and on Task inbox ```",https://github.com/twentyhq/twenty/issues/1086,2023-08-05T01:23:04Z,repo:twentyhq/twenty is:issue (task OR pipeline OR customer OR quote OR order OR payment),"{""comments"": 21, ""eligibility_rule"": ""Issue from predeclared mature OSS product repo; text>=100; domain term in title/body; native issue ID"", ""native_id"": 1837498836, ""node_id"": ""I_kwDOIicM-85thgHU"", ""record_sha256"": ""4c2016dd3c409d76d961641c73976cee9226079083c5e72def7954f84a86a3de"", ""repository"": ""twentyhq/twenty"", ""retrieved_at"": ""2026-07-19"", ""state"": ""closed""}"
37c4706f5418b0d6,Trusted OSS Issues,issue,Media sending via WhatsApp Cloud API fails intermittently with error 131053 (HTTP 429) due to Meta's ASN-based rate limiting on fwdproxy — Chatwoot should support direct media upload via media_id,"## Describe the bug When sending media attachments (images, PDFs, audio) through WhatsApp Cloud API integration, messages fail intermittently with error `131053: Media upload error`. Text messages are delivered correctly 100% of the time. The issue started around **February 6, 2026** and is progressively getting worse, affecting thousands of self-hosted users. **The root cause is architectural.** Chatwoot currently sends media by providing a URL for Meta's servers to download. Meta's internal download service (fwdproxy) applies rate limiting based on the hosting provider's **ASN (Autonomous System Number)**, not per individual account. When many Chatwoot/Evolution API instances share the same hosting provider (e.g., Hostinger — ASN 47583), the aggregate download volume exceeds Meta's threshold and **all users on that provider are blocked intermittently**. The exact error from Meta's webhook: ``` Downloading media from weblink failed with http code 429, status message Too Many Requests, ratelimit reason: Request ratelimit by fwdproxy. Details: [GlobalCountingRatelimiter] Request hit ratelimit policy — destination matcher asn_list: 47583 ``` **This is not a temporary issue.** As Chatwoot adoption grows (especially in markets like Brazil where WhatsApp dominates), more providers will hit the same limit. The sustainable fix is to change media upload from URL-based to direct upload via `media_id`, which completely bypasses Meta's fwdproxy. ### Current flow (URL-based — causes the problem) ``` 1. User attaches file in Chatwoot 2. Chatwoot uploads file to storage (local/S3/MinIO) ✅ 3. Chatwoot sends file URL to WhatsApp API ✅ 4. Meta's fwdproxy tries to download file from user's server ❌ RATE LIMITED BY ASN 5. WhatsApp returns error 131053 ``` ### Proposed flow (direct upload via media_id — no fwdproxy involved) ``` 1. User attaches file in Chatwoot 2. Chatwoot uploads file to storage ✅ 3. Chatwoot uploads file directly to WhatsApp Media API → receives media_id ✅ 4. Chatwoot sends message referencing media_id ✅ 5. WhatsApp delivers media to recipient ✅ ``` This is how tools like n8n's WhatsApp node handle media — and they are not affected by this issue. ### Evidence - [[Discussion #13517](https://github.com/orgs/chatwoot/discussions/13517)](https://github.com/orgs/chatwoot/discussions/13517) — Multiple users reporting the same issue - Hostinger officially confirmed Meta is rate-limiting their ASN - Meta developer support confirmed the 429 is from fwdproxy's GlobalCountingRatelimiter targeting destination ASN - Users who migrated to providers with different ASNs report the issue disappears completely - The WhatsApp Cloud API officially supports both methods: [[URL-based](https://developers.facebook.com/docs/whatsapp/cloud-api/guides/send-messages#media-messages)](https://developers.facebook.com/docs/whatsapp/cloud-api/guides/send-messages#media-messages) and [[Direct upload](https://developers.facebook.com/docs/whatsapp/cloud-api/reference/media#upload-media)](https://developers.facebook.com/docs/whatsapp/cloud-api/reference/media#upload-media) ### To Reproduce ## To Reproduce 1. Deploy Chatwoot (any recent version) on a hosting provider with high Chatwoot/Evolution API density (e.g., Hostinger — ASN 47583) 2. Configure WhatsApp Cloud API inbox 3. Use any storage backend (local, S3-compatible, MinIO) — the issue occurs with all of them 4. Send a media attachment (image, PDF, or audio) to a WhatsApp contact 5. Observe that text messages are always delivered, but media fails intermittently with: ``` content_attributes: { ""external_error"" => ""131053: Media upload error"" } ``` 6. Check server logs — the file is uploaded to storage successfully: ``` S3 Storage (36.9ms) Uploaded file to key: 488mr7jp78rvfayn4m2suyagxa4l ``` 7. But the Active Storage serves it via redirect: ``` Processing by ActiveStorage::Blobs::RedirectController#show as PDF Redirected to https://storage.example.com/chatwoot/488mr7jp...?X-Amz-Expires=300&X-Amz-Signature=... Completed 302 Found in 19ms ``` 8. Meta's fwdproxy attempts to download from the redirect URL, hits the ASN rate limit, and returns 429 **Important:** The failure is intermittent because it depends on the aggregate traffic volume from all Chatwoot instances on the same ASN at that moment. It fails more during business hours (high traffic) and works more often at night (low traffic). **Environment:** - Chatwoot version: Multiple versions affected (tested on 4.10.1 and others) - Channel: WhatsApp Cloud API (official) - Storage: Tested with S3-compatible (MinIO) and local disk — same result - Docker version: Docker Engine 24.x / 28.x - OS: Ubuntu 24.04 ### Expected behavior ## Expected behavior Media attachments should be delivered reliably to WhatsApp contacts regardless of the hosting provider's ASN or aggregate traffic from other Chatwoot instances. **Proposed implementation:** 1. **Primary:** Chatwoot should upload media files directly to the WhatsApp Cloud API media endpoint (`POST /{phone_number_id}/media`), receive a `media_id`, and send the message using `""document"": {""id"": ""media_id""}` instead of `""document"": {""link"": ""https://...""}`. This completely eliminates the dependency on Meta's fwdproxy and makes media sending immune to ASN-based rate limiting. 2. **Alternative:** If a full migration is not immediately feasible, add a configurable option: ``` WHATSAPP_MEDIA_UPLOAD_STRATEGY=direct # ""direct"" for media_id upload, ""link"" for current behavior ``` This approach would also fix the related issue where Active Storage's 302 redirects cause `131053` errors due to WhatsApp not following redirects properly (returning `Unsupported mime type text/html` instead of the actual file). ### Environment Docker ### Cloud Provider Other [please specify in the description] ### Platform Browser ### Operating system Ubuntu 22.04 ### Browser and version Chrome Latest ### Docker (if applicable) _No response_ ### Additional context _No response_",https://github.com/chatwoot/chatwoot/issues/13540,2026-02-14T10:50:51Z,repo:chatwoot/chatwoot is:issue (task OR pipeline OR customer OR quote OR order OR payment),"{""comments"": 18, ""eligibility_rule"": ""Issue from predeclared mature OSS product repo; text>=100; domain term in title/body; native issue ID"", ""native_id"": 3941106538, ""node_id"": ""I_kwDODA66k87q6INq"", ""record_sha256"": ""1cb0c36f7560f169e4973763d726a34aa2a61bfebc58a7ef3663c1c6fa2d3725"", ""repository"": ""chatwoot/chatwoot"", ""retrieved_at"": ""2026-07-19"", ""state"": ""open""}"
24e810c105d3ab22,Trusted OSS Issues,issue,Double consecutive `createView` calls may cause side effects,"**Describe the bug** Double consecutive `createView` calls may cause side effects (dangling promises) because of the way Bullbone works. Most often such an error is related to double consecutive re-render (closely related to https://github.com/espocrm/espocrm/issues/2635) or `prepare` call. **Explanation** Suppose (i) a view _A_ that creates nested view _B_ inside its `prepare` function. For example A = `time-ranges` and B = `item-detail` of working calendar field, which already exist in EspoCRM. Suppose (ii) that view B takes some time to load. We can simulate this by adding ```js this.wait(new Promise(resolve => setTimeout(resolve, 500))); ``` to its setup function. (I couldn't find a view in Espo that meets both conditions (i) and (ii), but developers can create such views. For sake of this example I appended the `wait` line to the `item-detail` manually). Now: 1. Begin inline editation of view _A_ 2. Make changes 3. **Close** inline editation https://github.com/espocrm/espocrm/blob/6afd616e42deb6ec9f9590803fd1825fc28c01a5/client/src/views/fields/base.js#L1280-L1286 4. This causes a call to `setDetailMode` function, which calls `prepare`. This creates a promise _X_ on which depends the correct termination of inline editation. 5. Initial attributes are stored back to model, which causes change event. Causing another call to `prepare`. 6. Another call to `prepare` marks promise _X_ as cancelled. However, as view _B_ takes some time to load, promise _X_ haven't resolved yet. 7. This creates dangling promise _X_, thus inline editation never terminates correctly and editation links never disappear. I think that this is fundamental issue with Bullbone, as developes have no feedback when createView terminates. I can think of adding a new option to `createView`, that tells `createView` to reject, when promise is marked as cancelled. ```diff delete this._viewPromiseHash[key]; if (promise && promise._isToCancel) { + if (options.rejectOnCancel) { + reject(); + } return; } ```",https://github.com/espocrm/espocrm/issues/2644,2023-03-06T22:52:26Z,"repo:espocrm/espocrm is:issue (""follow up"" OR reminder OR inbox OR lead OR appointment OR invoice)","{""comments"": 15, ""eligibility_rule"": ""Issue from predeclared mature OSS product repo; text>=100; domain term in title/body; native issue ID"", ""native_id"": 1612353828, ""node_id"": ""I_kwDOAXU4sc5gGpEk"", ""record_sha256"": ""f27863dc205f42dce06473e1f2349b06bba65d496386f1cdc8c04df3eaddffe9"", ""repository"": ""espocrm/espocrm"", ""retrieved_at"": ""2026-07-19"", ""state"": ""closed""}"
515d835a814bb010,Trusted OSS Issues,issue,Generate Sales Invoice Line Items from Timesheets,"Time tracking and Invoicing have been somewhat disconnected until now. We can pull **Timesheets** into a **Sales Invoice** but still have to add the corresponding line items manually. ## Proposed solution I propose to allow mapping **Item** to **Activity Type** and fill the line items in **Sales Invoice** automatically, wherever possible. - Add a new field to **Activity Type**, linking to the corresponding **Item** - When **Timesheets** are fetched into a **Sales Invoice**, look up the linked **Items**. Add line items corresponding to the **Timesheets** and **Activity Types** (hours as quantity, rate from the timesheet). - Provide an option via **Selling Settings** to sum similar **Timesheets** (same rate and Item) into one line item. Check interference with ""Allow Item to be added multiple times in a transaction"". Maybe we can just use this setting.",https://github.com/frappe/erpnext/issues/26794,2021-08-03T12:54:14Z,repo:frappe/erpnext is:issue (task OR pipeline OR customer OR quote OR order OR payment),"{""comments"": 22, ""eligibility_rule"": ""Issue from predeclared mature OSS product repo; text>=100; domain term in title/body; native issue ID"", ""native_id"": 959086861, ""node_id"": ""MDU6SXNzdWU5NTkwODY4NjE="", ""record_sha256"": ""a60c641e72f64552d67fa9752c2f818a44f51b1d7c0c576ec8f97fa1ba13f51e"", ""repository"": ""frappe/erpnext"", ""retrieved_at"": ""2026-07-19"", ""state"": ""open""}"
3efd7963ee7e22d9,Trusted OSS Issues,issue,[Feature] Form Field for Attachments,"Add form field type to add ability to upload attachments with form submissions. Would need to have a couple of variables in the field settings, such as: - file type to accept - directory where it is saved - send uploaded files with email actions: email to lead | email to user | send form results In v2+ could have available via the assets area (eg. option to be available and sorted by asset category when uploaded), have extended form fields add-on, etc ... but v1 just need to get the option available. Seems most of the form stuff is here: https://github.com/mautic/mautic/tree/41ced3a8454de4950c7da4c81291993737783930/app/bundles/FormBundle",https://github.com/mautic/mautic/issues/221,2015-03-25T09:50:41Z,"repo:mautic/mautic is:issue (""follow up"" OR reminder OR inbox OR lead OR appointment OR invoice)","{""comments"": 26, ""eligibility_rule"": ""Issue from predeclared mature OSS product repo; text>=100; domain term in title/body; native issue ID"", ""native_id"": 64230685, ""node_id"": ""MDU6SXNzdWU2NDIzMDY4NQ=="", ""record_sha256"": ""ff0c8a29866ce9811392e90ca43d9e5ad28a941e5605ab17f147394f9f89bca8"", ""repository"": ""mautic/mautic"", ""retrieved_at"": ""2026-07-19"", ""state"": ""closed""}"
7f91f8c6e1256f78,Trusted OSS Issues,issue,Add an option to confirm email address on signup,"Europe is launching a new law in May, called GDPR, which is great, but comes with a lot of constraints for anyone having a webservice. One of the thing we need to do to be compliant is: _With e-mail double opt-in, a new user first needs to verify their e-mail address before completing the sign-up process._ I've tried to prevent doing this on Monica since the beginning - not because I wanted to collect your email address and do nasty thing with it, but because I wanted people to sign up with fake email addresses if they wanted to. This law will force us to confirm email addresses on signup. We will create a new `.env` variable, called `SIGNUP_DOUBLE_OPTIN`, which will default to `TRUE`. On our hosted version, it will be set to true, but you will do whatever you want on your own instance. Note: to be clear, we do have an email newsletter, but we only contact people who have subscribed manually and specifically to receive this newsletter. The email address used on signup is never used otherwise, other than sending reminder emails. Changes to do: - [ ] Create a email confirmation process - [ ] Keep track of when the user has validated his email address - [ ] Display this information in the Settings panel under a new section (called `Compliance`) - [ ] Add a method in the User object, something like `isCompliant`, that will tell if users have confirmed emails and accepted Terms & Privacy. If not, we should block email sending (reminders, notifications,...) automatically. This will be done in https://github.com/monicahq/monica/issues/1184 so you don't have to do it here. cc @asbiin @Mokto",https://github.com/monicahq/monica/issues/1183,2018-04-16T13:30:46Z,"repo:monicahq/monica is:issue (""follow up"" OR reminder OR inbox OR lead OR appointment OR invoice)","{""comments"": 9, ""eligibility_rule"": ""Issue from predeclared mature OSS product repo; text>=100; domain term in title/body; native issue ID"", ""native_id"": 314651972, ""node_id"": ""MDU6SXNzdWUzMTQ2NTE5NzI="", ""record_sha256"": ""9713483f05011cdfeca696689898a9ae1ca87cb410b8049bb26bc5a419916bd5"", ""repository"": ""monicahq/monica"", ""retrieved_at"": ""2026-07-19"", ""state"": ""closed""}"
fadfa1b761b56569,Trusted OSS Issues,issue,Add a secondary background color to code blocks,"## Add a secondary background color to inline code blocks Can we change the background color of `code blocks` (backticked text) to make it more visibly distinct? The website has this, but the CRM doesn't. ## Current behavior Currently the font and kerning change, but it's easy to miss. The following screenshot contains a code block. This affects both light and dark mode. ## Expected behavior Secondary background color, consistent with the website. ```[tasklist] ### Tasks - [ ] https://github.com/twentyhq/twenty/issues/6929 - [ ] https://github.com/twentyhq/twenty/issues/6930 ```",https://github.com/twentyhq/twenty/issues/6029,2024-06-26T01:48:36Z,repo:twentyhq/twenty is:issue (task OR pipeline OR customer OR quote OR order OR payment),"{""comments"": 25, ""eligibility_rule"": ""Issue from predeclared mature OSS product repo; text>=100; domain term in title/body; native issue ID"", ""native_id"": 2373998964, ""node_id"": ""I_kwDOIicM-86NgFl0"", ""record_sha256"": ""edfa5e78771cfb9f453c557896bcefce3cdc8fcda343b4951bf02172c393602f"", ""repository"": ""twentyhq/twenty"", ""retrieved_at"": ""2026-07-19"", ""state"": ""closed""}"
3a124918cb9d4769,Trusted OSS Issues,issue,Websocket handshake,"**Describe the bug** When deploying the master branch of chatwoot i'm getting the following error in the console: ``` WebSocket connection to 'wss://xxx.com' failed: Error during WebSocket handshake: Unexpected response code: 404 WebSocket connection to 'wss://xxx.com/cable' failed: Error in connection establishment: net::ERR_ADDRESS_UNREACHABLE ``` error points to action_cable.js and the following function: ``` Connection.prototype.open = function open() { if (this.isActive()) { logger.log(""Attempted to open WebSocket, but existing socket is "" + this.getState()); return false; } else { logger.log(""Opening WebSocket, current state is "" + this.getState() + "", subprotocols: "" + protocols); if (this.webSocket) { this.uninstallEventHandlers(); } this.webSocket = new adapters.WebSocket(this.consumer.url, protocols); this.installEventHandlers(); this.monitor.start(); return true; } }; ``` specifically pointing to this line: ``` this.webSocket = new adapters.WebSocket(this.consumer.url, protocols); ``` I believe this results in my having to refresh the page on the inbox side to receive the message and then also refresh the page on the client side to receive agent messages. Additionally, I cannot see from the client side that the agent is online. The script is embedded within the body tag. Please advise",https://github.com/chatwoot/chatwoot/issues/620,2020-03-17T11:45:34Z,"repo:chatwoot/chatwoot is:issue (""follow up"" OR reminder OR inbox OR lead OR appointment OR invoice)","{""comments"": 27, ""eligibility_rule"": ""Issue from predeclared mature OSS product repo; text>=100; domain term in title/body; native issue ID"", ""native_id"": 582953912, ""node_id"": ""MDU6SXNzdWU1ODI5NTM5MTI="", ""record_sha256"": ""939010d67b63643d9c5a31fcaa4fdc6149d337b6e89cfdec7a90fdafb03f65ff"", ""repository"": ""chatwoot/chatwoot"", ""retrieved_at"": ""2026-07-19"", ""state"": ""closed""}"
250a353a543a426e,Trusted OSS Issues,issue,development QoL improvements,"I'm a big fan of this CRM system due to its flexibility and well thought design, already used it for several business and private projects. However, the workflow of frontend and extension development is not optimal in my opinion for the reasons described below. I would like to discuss those, whether you are willing to address these and get feedback about the proposals. > [!NOTE] > I'm ready and willing to provide the implementation of the proposals (or other solutions) by myself, so this is not meant as feature request but rather as discussion of the aspects. If you agree with my perspective/solutions I will split this issue to feature requests and provide the implementations as PRs. # 1. issues ## 1. extensions layout **Motivation**: As a developer I want to be able to work on multiple extensions at the same time on the same base install of EspoCRM. This enables appropriate debugging and testing of extensions which built a unified crm and may even depend on another. I developed a containerized development stack to address this issue but it relies on hacks that might break in future releases. **Issue**: Since the extension files are split into 3 locations (`custom/Espo/Modules`, `client/custom/modules` and `data/upload/extensions`) installing them requires some kind of mapping/bundling (as the [ext-template] does). This adds complexity to the development workflow and makes it hard to manage multi-extension development environments (especially within containers where symlinks are a common source of error) whereas I can't see a benefit of that structure. **Solution**: Create a single root directory for extensions where each sub-folder contains the necessary files of one extension. This allows to clone the extension repo into the root directory and directly work with that. ## 2. library/package management **Motivation**: As a developer I want to be able to install composer and npm libraries and expect them to integrate without further configuration/build setups. **Issues**: 1. bundling composer libraries requires creation of `autoload.json` and handle to copy the `vendor` folder 2. bundling npm libraries is not supported as of now and requires lots of efforts (copy the libraries files, possibly transpile them, add the libraries to json config, ...) **Solution**: 1. define a default location of the `vendor` directory and make `autoload.json` optional. 2. extend (or replace) current Transpiler and Bundler to support importing modules from `node_modules` inside ESM ## 3. development workflow **Motivation**: As a developer I want to focus on the development and not the build workflow, thus I would highly appreciate file watchers and hot-reloading (of frontend js/css) which can drastically reduce development time. **Issue**: Currently there are no file watchers/hot-reloading in the main repository, neither for [ext-template]. By applying the refactoring mentioned in [1. folder structure/mapping](#1-folder-structure-mapping), implementing file watchers and hot-reloading in the main espocrm repository could also handle extensions aswell. # 2. proposals These are my approaches to solve the issues of described in 1. They are not fully thought-out but rather define a basis of how it could be implemented. ## 1. refactor extensions layout To solve issue 1.1. and prepare handling 1.2. and 1.3. I propose to define a new extensions root folder **Key aspects**: - common root extensions folder - support installed (compiled and bundled) and development (""raw"" repository) extensions - (optional) compact layout (reduce file path lengths) **Considerations**: - how to handle crm module - how to handle update migration - which hardcoded paths exist and is it possible to migrate them automatically (eg `autoload.json`) - development of extensions with old layout is hard to integrate (though using the existing build scripts form [ext-template] would be still possible) Proposed extension layout production development why? ``` espocrm/ ├─ extensions/ │ ├─ bundled-extension/ │ │ ├─ app/ │ │ │ ├─ Resources/ │ │ │ │ ├─ module.json │ │ ├─ client/ │ │ │ ├─ lib/ │ │ │ ├─ res/ │ │ │ ├─ src/ │ │ ├─ hooks/ │ │ │ ├─ AfterInstall.php │ │ ├─ vendor/ │ │ ├─ manifest.json ``` ``` espocrm/ ├─ extensions/ │ ├─ dev-extension/ │ │ ├─ app/ │ │ │ ├─ Resources/ │ │ │ │ ├─ module.json │ │ ├─ client/ │ │ │ ├─ lib/ │ │ │ ├─ res/ │ │ │ ├─ src/ │ │ ├─ hooks/ │ │ │ ├─ AfterInstall.php │ │ ├─ tests/ │ │ │ ├─ integration/ │ │ │ ├─ unit/ │ │ ├─ vendor/ │ │ ├─ node_modules/ │ │ ├─ extension.json │ │ ├─ composer.json │ │ ├─ package.json ``` - common root folder for extensions (which makes multi-extension dev setup easier) - self-contained, single root folders for extensions - developer-friendly extension layout - espocrm in developer mode enables extensions that have `extension.json` instead of `manifest.json` at their root folder - reduce development build complexity (only run compilers/transpilers) - enables root-level file watchers from espocrm main repository (instead of watching every extension on its own) - backwards compatibility - map folders from previous layout: - `app` -> `files/custom/Espo/Modules/ ` - `client` -> `files/client/custom/modules/ ` - `hooks` -> `scripts/` - `app/Resources/autoload.json` is optional, defaulting to `vendor/` - no need to adjust code for old extension layout, mapping folders to new layout on installation ## 2. refactor build tool To solve the issues described in 1.2. the following changes are required: 1. include `extensions/ /vendor` if present, additional look at `extensions/ /app/Resources/autoload.json` for backwards compatibility 2. bundling npm libraries (adjust Transpiler to create a list of imports from `node_modules` and use Bundler to add them to the build?) Additionaly, to support 1.3. it is necessary to: 3. implement watch task in grunt (possibly using [grunt-contrib-watch](https://github.com/gruntjs/grunt-contrib-watch#optionslivereload)) - watching on `espocrm/client` to transpile and bundle js/css/templates for espocrm - watching on `client` folder of every extension in `espocrm/extensions` to transpile and bundle js/css/templates for extensions I want to throw in the possibility to move to an external build tool (like vite, webpack, ...) which support those features with less expense and possibly helps new developers to customize the build workflow for their extensions. However I'm aware this is a big change and beside the initial cost of migration (which I would definitely love to provide if interested exists) it is also a choice of flavor and experience. [ext-template]: https://github.com/espocrm/ext-template",https://github.com/espocrm/espocrm/issues/3257,2025-01-30T08:46:25Z,repo:espocrm/espocrm is:issue (task OR pipeline OR customer OR quote OR order OR payment),"{""comments"": 31, ""eligibility_rule"": ""Issue from predeclared mature OSS product repo; text>=100; domain term in title/body; native issue ID"", ""native_id"": 2820229760, ""node_id"": ""I_kwDOAXU4sc6oGUqA"", ""record_sha256"": ""2e9aa7edb78139fa92d4b5033efea3ffffdff79220c14033924673dc24d77461"", ""repository"": ""espocrm/espocrm"", ""retrieved_at"": ""2026-07-19"", ""state"": ""closed""}"
55acf28072e2d2db,Trusted OSS Issues,issue,[Feature Request] Multiple due dates in the same invoice,"Its a very commom practice in Brazil, Spain and some other countries, Total must be split into multiple due dates against the same invoice (sales and purchase). This is how it works on oodoo and others https://discuss.erpnext.com/t/payments-due-to-30-60-90-days-very-common-spanish-local-functionality/12932",https://github.com/frappe/erpnext/issues/6301,2016-09-06T16:45:12Z,repo:frappe/erpnext is:issue (task OR pipeline OR customer OR quote OR order OR payment),"{""comments"": 52, ""eligibility_rule"": ""Issue from predeclared mature OSS product repo; text>=100; domain term in title/body; native issue ID"", ""native_id"": 175295516, ""node_id"": ""MDU6SXNzdWUxNzUyOTU1MTY="", ""record_sha256"": ""8ee0d11096ed6bb01b67745895134afedb1f3ef051b12e96c3fedef3d5857695"", ""repository"": ""frappe/erpnext"", ""retrieved_at"": ""2026-07-19"", ""state"": ""closed""}"
4400d98f3ca0b651,Trusted OSS Issues,issue,Can not send emails for the campaigns in 2.13.1,"What type of report is this: | Q | A | ---| --- | Bug report? | Y | Feature request? | | Enhancement? | ## Description: Hello! I like Mautic SO MUCH because of its incredible and free open source system opportunities and thank everyone who worked on its development and who works on its improvement now. Unfortunately, I have got stuck into the problem when trying to **send emails** using **Campaigns**. I create any campaign, set there some settings with Launch Campaign Builder for **immediate/not immediate** (in some minutes/hours, for example) email sending (it does not have a metter, the problem exists in both variants), choose ""**Marketing**"" email type to send, choose the needed **Contacts Segment**, publish the campaign and wait. The contacts are not adding momentally, I need to wait for 5-10 minutes (think that's because of cron jobs set for certain time). After the contacts are added I still wait but nothing happens - no emails are sent to contacts. **The most strange for me is that in some hours I look through the campaign statistics and see that 0 tasks are pending and all (in this case - 2) tasks ARE COMPLETED!** But there aren't still any emails on my test email contact adresses.... ![bug1](https://user-images.githubusercontent.com/39866898/40881781-d04300d6-66d8-11e8-9e01-724005c21831.jpg) It looks like everyting might have been sent, but there are no emails in my contact email adresses. **The test emails** from ""Emails"" menu are sent properly. I've checked the ""**Spam**"" folders in my test email accounts for this campaign - nothing too. I have created **lots of campaigns**, I also **cloned campaigns** - still the same. I have even changed the PHP version from 7.1 to 7.0 - it also didn't help. I entered the ""**Queue**"" in ""**How should email be handled?**"". And **Path to the email queue directory** %kernel.root_dir%/spool **Message limit for queue processing** nothing here **Time limit for queue processing** nothing here **Recovery timeout for resending failed messages** 30 **Clear timeout for deleted failed messages.** 1800 My service to send mail through **PHP Mail** and I'd like it to work for Mautic. All of my Mautic cron jobs are: ``` ""0,30 | * | * | * | * | /usr/local/bin/php /home/*/*/app/console mautic:email:fetch > /home/*/*/app/console.log 2>&1 0,30 | * | * | * | * | /usr/local/bin/php /home/*/*/app/console mautic:social:monitoring > /home/*/*/app/console.log 2>&1 | 0,30 | * | * | * | * | /usr/local/bin/php /home/*/*/app/console mautic:webhooks:process > /home/*/*/app/console.log 2>&1 | 0 | 0 | 1 | * | * | /usr/local/bin/php /home/*/*/app/console mautic:iplookup:download > /home/*/*/app/console.log 2>&1 | 0,15,30,45 | * | * | * | * | /usr/local/bin/php /home/*/*/app/console mautic:segments:update > /home/*/*/app/console.log 2>&1 | 5,20,35,50 | * | * | * | * | /usr/local/bin/php /home/*/*/app/console mautic:campaigns:rebuild > /home/*/*/app/console.log 2>&1 | 10,25,40,55 | * | * | * | * | /usr/local/bin/php /home/*/*/app/console mautic:campaigns:trigger > /home/*/*/app/console.log 2>&1 | 0,30 | * | * | * | * | /usr/local/bin/php /home/*/*/app/console mautic:emails:send > /home/*/*/app/console.log 2>&1 | 0,30 | * | * | * | * | /usr/local/bin/php /home/*/*/app/console mautic:messages:send > /home/*/*/app/console.log 2>&1"" ``` ## If a bug: | Q | A | --- | --- | Mautic version | 2.13.1 | PHP version | 7.0,7.1 (used both, the same problem) ### Steps to reproduce: 1. Create new Campaign 2. Set up any Marketing Email for any time (immediate or in some minutes/hours/etc. - it does not metter) 3. Publish Campaign. ### Log errors: [2018-06-02 21:05:27] mautic.WARNING: IP LOOKUP: The file ""/home/*/*/app/cache/prod/../ip_data/GeoLite2-City.mmdb"" does not exist or is not readable. [] [] [2018-06-03 01:22:54] mautic.NOTICE: PHP Notice - Undefined index: company - in file /home/*/*/app/bundles/LeadBundle/Views/Lead/grid_card.html.php - at line 44 [] [] I also created file console.log where gather the cron reports. The information renews there everytime, now I see there this kind of information: ""Triggering events for campaign 5 Triggering first level events 0 total events(s) to be processed in batches of 100 0 event(s) executed Triggering scheduled events 0 total events(s) to be processed in batches of 100 0 event(s) executed Triggering 'non-action' events 0 event(s) executed Triggering events for campaign 6 Triggering first level events 0 total events(s) to be processed in batches of 100 0 event(s) executed Triggering scheduled events 0 total events(s) to be processed in batches of 100 0 event(s) executed Triggering 'non-action' events 0 event(s) executed Triggering events for campaign 7 Triggering first level events 0 total events(s) to be processed in batches of 100 0 event(s) executed Triggering scheduled events 0 total events(s) to be processed in batches of 100 0 event(s) executed Triggering 'non-action' events 0 event(s) executed Triggering events for campaign 8 Triggering first level events 0 total events(s) to be processed in batches of 100 0 event(s) executed Triggering scheduled events 0 total events(s) to be processed in batches of 100 0 event(s) executed Triggering 'non-action' events 0 event(s) executed"" **I've suffered all the day long, trying to find the decision, but still have the problem. Can you help me to fix it? Thank you so much.**",https://github.com/mautic/mautic/issues/6156,2018-06-03T00:23:07Z,repo:mautic/mautic is:issue (task OR pipeline OR customer OR quote OR order OR payment),"{""comments"": 66, ""eligibility_rule"": ""Issue from predeclared mature OSS product repo; text>=100; domain term in title/body; native issue ID"", ""native_id"": 328787946, ""node_id"": ""MDU6SXNzdWUzMjg3ODc5NDY="", ""record_sha256"": ""fb80a03a4af3984ed0bd02f73b4f89ebd1cd0a017f3a8a3b8451833993ad7db1"", ""repository"": ""mautic/mautic"", ""retrieved_at"": ""2026-07-19"", ""state"": ""closed""}"
83bb1fae2f9fb86e,Trusted OSS Issues,issue,"Monica Mailer no longer working, tries to force TLS?","**Describe the bug** Used to work with internal mail server now I get and error and it hasn't been sending reminders since :( **Screenshots** What I am seeing in the front end: ![image](https://github.com/monicahq/monica/assets/52670539/bb6ce585-99d6-4f53-b811-24ad94519bd4) If you can, add screenshots to help explain your problem. An image is always helpful. Docker Compose ![image](https://github.com/monicahq/monica/assets/52670539/ee0ef668-6256-4a9c-afda-d17e876256fc) **Which version are you using:** - selfhosted latest 4.0.0",https://github.com/monicahq/monica/issues/6820,2023-08-25T03:36:01Z,"repo:monicahq/monica is:issue (""follow up"" OR reminder OR inbox OR lead OR appointment OR invoice)","{""comments"": 21, ""eligibility_rule"": ""Issue from predeclared mature OSS product repo; text>=100; domain term in title/body; native issue ID"", ""native_id"": 1866213688, ""node_id"": ""I_kwDOBOba2M5vPCk4"", ""record_sha256"": ""83624971e17a7608ce8ee31266d7fb6bc28c3d8c0f3b88505afdd5c58e47602a"", ""repository"": ""monicahq/monica"", ""retrieved_at"": ""2026-07-19"", ""state"": ""closed""}"
fc93669c96228d4b,Trusted OSS Issues,issue,Provide a demo environment,"## Scope & Context We don't really have a good way to demo the app for someone who wouldn't want to signup. We need better seeding data and a way to reset automatically the content if it's modified. ## Periodic reset endpoint Create an env variable DEMO_WORKSPACES which will hold an an array of ids. Create a new mutation ResetDemo on the API that takes an id as parameters. We'll setup a service like uptimerobot to update this frequently. That operation should: - check it's really a demo account, as per the env variable - the if check is ok: - clear existing people, companies, opportunities, ... - create new ones from seed files Then, on the backend, prevent the following actions from being executed if the workspace is in DEMO_WORKSPACES: - Creating an API Key - Deleting an API Key - Deleting the Workspace - Inviting a member ## Improve seed data We already have 2 ways to generate seed data: (1) files in database/seeds/ which contains seed data for a dev environment. Maybe in the future can me improved to be generated with a library like faker (2) files in src/core/{object}/seed-date/{object}.json those are just a few items, they are real people/companies and are meant to avoid throwing people into an empty workspace. It's just a few items that are meant to look nice and be deleted when you start using the CRM. We need to create a third dataset, that will be very similar to (2), i.e. nice looking/real companies, but with a lot more records (500 companies + 500 people + 100 opportunities would be nice) I recommend created a second .json file and using ChatGPT Code Interpreter to generate these files. We want these companies to feel relatable so maybe use a list of S&P 500 Companies or something like that as an initial input in ChatGPT Code Interpreter. They shouldn't be fake companies. ## Pre-fill sign-in There is already an environment variable to pre-fill the login form. It's helpful to pre-fill the login on non-production environment but doesn't help us in the production environment. We would need to be able to overwrite isSignInPrefilled based on a url parameter. e.g. app.twenty.com?demo=true or any other similar suitable format",https://github.com/twentyhq/twenty/issues/2207,2023-10-24T07:28:12Z,repo:twentyhq/twenty is:issue (task OR pipeline OR customer OR quote OR order OR payment),"{""comments"": 17, ""eligibility_rule"": ""Issue from predeclared mature OSS product repo; text>=100; domain term in title/body; native issue ID"", ""native_id"": 1958671208, ""node_id"": ""I_kwDOIicM-850vvNo"", ""record_sha256"": ""4ff23340bf9e6000af80f1424d623102839b308f1567bca2289b6ff680175c0d"", ""repository"": ""twentyhq/twenty"", ""retrieved_at"": ""2026-07-19"", ""state"": ""closed""}"
5c22250cbb7969fa,Trusted OSS Issues,issue,"Sending a message fails with ""undefined method 'message_id' for nil""","### Describe the bug I am assessing Chatwoot as a self-hosted application using the Community Edition (v4.8.0). I could add a Gmail inbox, and emails sent to this mailbox turn into conversations in Chatwoot. When I try to send a message or respond to a conversation, it fails with the error **_undefined method 'message_id' for nil_** Log from the sidekick container: ``` D, [2025-12-20T08:22:23.018693 #1] DEBUG -- : [ActiveJob] [SendReplyJob] [b5e0d9e6-92fc-483a-81b3-aa1399516cd2] Message Update (12.9ms) UPDATE ""messages"" SET ""updated_at"" = $1, ""status"" = $2, ""content_attributes"" = $3 WHERE ""messages"".""id"" = $4 [[""updated_at"", ""2025-12-20 08:22:23.003147""], [""status"", 3], [""content_attributes"", ""\""{\\\""cc_emails\\\"":[],\\\""bcc_emails\\\"":[],\\\""to_emails\\\"":[],\\\""email\\\"":{\\\""html_content\\\"":{\\\""full\\\"":\\\""\\\\u003cp\\\\u003eAnother attempt at sending a message\\\\u003c/p\\\\u003e\\\\n\\\"",\\\""reply\\\"":\\\""\\\\u003cp\\\\u003eAnother attempt at sending a message\\\\u003c/p\\\\u003e\\\\n\\\""},\\\""text_content\\\"":{\\\""full\\\"":\\\""Another attempt at sending a message\\\"",\\\""reply\\\"":\\\""Another attempt at sending a message\\\""}},\\\""external_error\\\"":\\\""undefined method 'message_id' for nil\\\""}\""""], [""id"", 9]] ``` ### To Reproduce 1. Setup a self-hosted docker environment using chatwoot `v4.8.0-ce` tag. 2. Setup a Gmail Inbox using Oauth 2 3. Login as an agent and send a message to a recipient by email 4. Observe the message fails to be sent with the error **_undefined method 'message_id' for nil_** ### Expected behavior The message should be sent successfully assuming outbound email configuration is correct, or fail with a more descriptive error message if the configuration is invalid. ### Environment Docker ### Cloud Provider None ### Platform Browser ### Operating system _No response_ ### Browser and version _No response_ ### Docker (if applicable) _No response_ ### Additional context _No response_",https://github.com/chatwoot/chatwoot/issues/13118,2025-12-20T08:44:15Z,repo:chatwoot/chatwoot is:issue (task OR pipeline OR customer OR quote OR order OR payment),"{""comments"": 20, ""eligibility_rule"": ""Issue from predeclared mature OSS product repo; text>=100; domain term in title/body; native issue ID"", ""native_id"": 3749793030, ""node_id"": ""I_kwDODA66k87fgU0G"", ""record_sha256"": ""5aee5a1840f888f44508ef64aeb6153f875107771003d74f6d6fcb2ceb3e5a94"", ""repository"": ""chatwoot/chatwoot"", ""retrieved_at"": ""2026-07-19"", ""state"": ""closed""}"
2832e28fc5a5f32f,Trusted OSS Issues,issue,Setting sort order isn't working,"I set the sort order of the `User` entity to a custom field, `employeeId`, which I have since removed. Upon removal, I set the sort order to be the `lastName` field. However, the change does not appear to be reflected in the client. Loading the `User` list shows an error: ![image](https://user-images.githubusercontent.com/1170415/157909813-2b17860c-2ac9-4821-9c1f-6f832a997ec3.png) which appears in the log as well: ``` [2022-03-11 16:40:15] DEBUG: API (500) Order by non-existing field 'employeeId'.; GET /User; Route pattern: /{controller}; Route params: Array ( [controller] => User [action] => index ) [] [] [2022-03-11 16:40:15] ERROR: (500) Order by non-existing field 'employeeId'.; GET /User; line: 176, file: /var/www/crm/application/Espo/Core/Select/Applier/Appliers/Order.php [] [] ``` On line 82 of `application/Espo/Core/Select/Applier/Appliers/Order.php`, I added a debug statement: ``` 80 public function apply(QueryBuilder $queryBuilder, OrderParams $params): void 81 { 82 $GLOBALS['log']->debug(""params:"",(array)$params); 83 if ($params->forceDefault()) { ``` which produces the following output: ``` [2022-03-11 16:40:15] DEBUG: params: {""\^@Espo\\Core\\Select\\Order\\Params\^@forbidComplexExpressions"":true,""\^@Espo\\Core\\Select\\Order\\Params\^@forceDefault"":false,""\^@Espo\\Core\\Select\\Order\\Params\^@orderBy"":""employeeId"",""\^@Espo\\Core\\Select\\Order\\Params\^@order"":""ASC""} [] ``` I can't figure out how to get the value to change. I set the sort order in the `User` entity as follows: ![image](https://user-images.githubusercontent.com/1170415/157910509-4bbe60a9-7655-44bf-843d-cd9b76dcc610.png) which appears to be reflected in the `User` entity's definition: ``` (19:11) ubuntu@odped:/var/www/crm/custom $ grep -A 8 order ./custom/Espo/Custom/Resources/metadata/entityDefs/User.json ""orderBy"": ""lastName"", ""order"": ""asc"", ""textFilterFields"": [ ""name"", ""userName"", ""title"" ], ""fullTextSearch"": false, ""countDisabled"": true }, ```",https://github.com/espocrm/espocrm/issues/2249,2022-03-11T17:24:02Z,"repo:espocrm/espocrm is:issue (""follow up"" OR reminder OR inbox OR lead OR appointment OR invoice)","{""comments"": 7, ""eligibility_rule"": ""Issue from predeclared mature OSS product repo; text>=100; domain term in title/body; native issue ID"", ""native_id"": 1166672833, ""node_id"": ""I_kwDOAXU4sc5FigPB"", ""record_sha256"": ""0475114cbf48f6bff27ea93604da3e7407ef796c8f586214dd6dc08b709829b8"", ""repository"": ""espocrm/espocrm"", ""retrieved_at"": ""2026-07-19"", ""state"": ""closed""}"
65495c2035f07649,Trusted OSS Issues,issue,ERPNext only checks Sales/Purchase invoices for negatives,"https://discuss.erpnext.com/t/correct-way-to-refund-a-customer-payment/33914/6 Customers make proforma payment against a sales order, then cancel the order before delivery. Currently the process for resolving this is convoluted: 1. Issue dummy sales invoice 2. Reconcile this invoice against the open payment to clear off the ledger 3. Issue return/credit for dummy invoice 4. Issue payment to Customer with reference to this credit I can't cancel the payment as there needs to be record of the funds entering and leaving the bank account. I would like ERPNext to also check received customer Payment Entries for outstanding balances and allow you to issue a payment against them. This maintains logical consistency as open payments display as negative balances on the ledger. Given a customer makes proforma payment against a sales order When they cancel the order Then ERPNext should allow payment to be made to the Customer linked to the initial (open) payment received",https://github.com/frappe/erpnext/issues/12994,2018-02-19T12:12:01Z,repo:frappe/erpnext is:issue (task OR pipeline OR customer OR quote OR order OR payment),"{""comments"": 26, ""eligibility_rule"": ""Issue from predeclared mature OSS product repo; text>=100; domain term in title/body; native issue ID"", ""native_id"": 298254103, ""node_id"": ""MDU6SXNzdWUyOTgyNTQxMDM="", ""record_sha256"": ""a21a56e506406bf047b0949b4608548ff5fb2fb06b3e331032585c1eb477a021"", ""repository"": ""frappe/erpnext"", ""retrieved_at"": ""2026-07-19"", ""state"": ""closed""}"
4b3233db924dfb04,Trusted OSS Issues,issue,Campaign: Error with sending scheduled email and with tracking,"[//]: # ( Invisible comment: IIIIIIIIIIIIIIIIIIIIIIIIIIIIIIIIIIIIIIIIIIIIIIIIII Before you create the issue: IIIIIIIIIIIIIIIIIIIIIIIIIIIIIIIIIIIIIIIIIIIIIIIIII Search for similar report among other reported issues. Learn how to troubleshoot at https://www.mautic.org/docs/en/tips/troubleshooting.html Use drag&drop to attach images or other files ) ## Bug Description This bug occurs in campaign events. DOESN'T HAPPEN IN COMMON EVENTS... When creating a campaign that sends an email to the contact, and then tracks the action ""Clicked on email"", after the contact clicks the link an error in the log appears. Furthermore, Mautic stops recording any more ""Contact / lead"" tracking. The same email sent outside of a campaign does not generate the error. Also, campaign that contains the email sending rule: ""in the relative time period"". 1 day between the hours of 08:00 am to 03:00 pm, still sends e-mails after the scheduled time. | Q | A | --- | --- | Mautic version | 3.1.2 | PHP version | 7.3 PHP-FPM | SMTP | SendBlue ### Steps to reproduce 1. Create an email with a LINK. 2. Create a campaign containing: Has valid email address, Visits a page, Add Do Not Contact, Modify contact's segments, Update contact, Change campaigns. 3. Configure email delivery: ""in the relative time period"". 1 day between the hours of 08:00 am to 03:00 pm ### Tracking error The tracking problem, I see that it is related to devices that have multiple users. 1. Create Two Leads. 2. Send email to the 2. 3. Click the link in the email on one of the Leads and check its history, it is working perfectly. 4. Click the link in the email with the other Lead, now look at the history of the two leads. Traking was not triggered for either lead. ### Log errors [//]: # ( Invisible comment: Please check for related errors in the latest log file in [mautic root]/app/log/ and/or the web server's logs and post them here. Be sure to remove sensitive information if applicable. ) mautic.ERROR: Invalid clickthrough value: Yjo4OntmOjk6ImZiaGVkZiI7Yjo1Ont2OjM7Zjo0NzoiZGJ6Y2J2dGEuZmlmYWciO3Y6NDt2OjQxMDg7fWY6ODoiZnpidnkiO3Y6NDk4O2Y6NzoiZmdiZyI7Zjo1NToiOGFiZGFkZTc1MTg4NTIxNjEzMjgyNiI7Zjo3OiJ5ZmJlIjtmOjk6IjY3ODc0MiI7ZjowOiJkdWJhYWZ5IjtiOjQ6e2Y6ODoiZnpidnkiO3Y6NDk4O319 {""exception"":""[object] (Mautic\\CoreBundle\\Exception\\InvalidDecodedStringException(code: 0): The string b:8:{f:9:\""fbhedf\"";b:5:{v:3;f:47:\""dbzcbvta.fifag\"";v:4;v:4253;}f:8:\""fzbvy\"";v:499;f:7:\""fgbg\"";f:55:\""8abe41efff8d1525464563\"";f:7:\""yfbe\"";f:9:\""417552\"";f:0:\""dubaafy\"";b:4:{f:8:\""fzbvy\"";v:499;}} is not a serialized array at /public_html/mkt.comm/app/bundles/CoreBundle/Helper/ClickthroughHelper.php:53)""} [] ![Editar-Campanha-Mautic (1)](https://user-images.githubusercontent.com/72410310/98998660-48272d00-2515-11eb-82b1-9f19e4489923.png) ![image](https://user-images.githubusercontent.com/72410310/98998594-2cbc2200-2515-11eb-9e68-21df98332a6d.png) SendBlue It started before the scheduled time ![image](https://user-images.githubusercontent.com/72410310/98999204-25494880-2516-11eb-8bd4-db120748c109.png) It didn't stop when it should. ![image](https://user-images.githubusercontent.com/72410310/98999093-efa45f80-2515-11eb-9d67-92c950ae836d.png) Using Amazon SES SMTP, Mautic respected the configured shipping times. However, the test was performed in another installation, both on the same server with the same settings. --- Want to back this issue? **[Post a bounty on it!](https://app.bountysource.com/issues/94211522-campaign-error-with-sending-scheduled-email-and-with-tracking?utm_campaign=plugin&utm_content=tracker%2F5355074&utm_medium=issues&utm_source=github)** We accept bounties via [Bountysource](https://app.bountysource.com/?utm_campaign=plugin&utm_content=tracker%2F5355074&utm_medium=issues&utm_source=github).",https://github.com/mautic/mautic/issues/9400,2020-11-12T21:40:56Z,repo:mautic/mautic is:issue (task OR pipeline OR customer OR quote OR order OR payment),"{""comments"": 39, ""eligibility_rule"": ""Issue from predeclared mature OSS product repo; text>=100; domain term in title/body; native issue ID"", ""native_id"": 741947025, ""node_id"": ""MDU6SXNzdWU3NDE5NDcwMjU="", ""record_sha256"": ""5489be88734b74bbfba0f02c31ebc63d0097eb1f50d4d94beb111462a7276308"", ""repository"": ""mautic/mautic"", ""retrieved_at"": ""2026-07-19"", ""state"": ""closed""}"
ab5a215a4bfd7f3c,Trusted OSS Issues,issue,Reminders and Keep In Touch emails are not sent,"**Describe the bug** Reminder and ""Keep in Touch"" emails are not sent out. **Which version are you using:** I am running MonicaHQ version 2.16.0 on Docker in Google Cloud. **Additional context** The instance is configured to use Mailgun and is able to send password recovery emails without issue. ``` # Mail credentials used to send emails from the application. MAIL_DRIVER=mailgun MAIL_HOST=smtp.mailgun.org MAIL_PORT=""587"" MAIL_USERNAME=postmaster@mg.cashweaver.com #MAIL_PASSWORD=See .env-monicahq-secretes MAIL_ENCRYPTION=tls # Outgoing emails will be sent with these identity MAIL_FROM_ADDRESS=postmaster@mg.cashweaver.com MAIL_FROM_NAME=""Monica (cashweaver.com)"" MAILGUN_DOMAIN=mg.cashweaver.com #MAILGUN_SECRET=See .env-monicahq-secretes ```",https://github.com/monicahq/monica/issues/3668,2020-03-08T03:49:23Z,"repo:monicahq/monica is:issue (""follow up"" OR reminder OR inbox OR lead OR appointment OR invoice)","{""comments"": 15, ""eligibility_rule"": ""Issue from predeclared mature OSS product repo; text>=100; domain term in title/body; native issue ID"", ""native_id"": 577440145, ""node_id"": ""MDU6SXNzdWU1Nzc0NDAxNDU="", ""record_sha256"": ""e005f621b222b898204d86022c9551314a6e19234332c359223a2eebf11f6f37"", ""repository"": ""monicahq/monica"", ""retrieved_at"": ""2026-07-19"", ""state"": ""closed""}"
6043b0b5de4c423a,Trusted OSS Issues,issue,Account has exceeded the Gmail bandwidth limit for downloads via IMAP,"**Describe the bug** 3 days ago, Chatwoot sent us the first email saying ""Your email inbox has been disconnected due to configuration errors"". We're using Google Workspace for email, in admin panel we found an error ""Account has exceeded the Gmail bandwidth limit for downloads via IMAP"" with link to [Gmail bandwidth limits](https://support.google.com/a/answer/1071518?hl=en#zippy=), for IMAP this limit is 2.5 Gb per day. Account was blocked for a day, after which it can be automatically unblocked. Also, 5 manual unlocks are available per month. Our daily flow is up to 50 letters maximum, the total volume of mail in the account is 4 Gb. Today we got the same error again and spent 1 more manual unblock. The mailbox used in Chatwoot is not used anywhere else, so perhaps Chatwoot is not optimally picking up mail from the mailbox? Are there any settings in the system that can affect the strategy of working with the mailbox? **To Reproduce** Steps to reproduce the behavior: 1. Connect Google Workspace account for IMAP/SMTP with 4Gb+ emails inside. 2. Use it within a few days.3. 3. 3. Get blocked. **Expected behavior** 1. The mailbox is not blocked by Google2. **Screenshots** **Server logs** [rails.log](https://github.com/chatwoot/chatwoot/files/10245335/rails.log) Rails logs included, all personal information was removed. **Environment** - Self-hosted - - Docker **Docker** (If applicable) Please share the output of the following. - `docker version` ``` Client: Version: 20.10.7 API version: 1.41 Go version: go1.13.8 Git commit: 20.10.7-0ubuntu5~20.04.2 Built: Mon Nov 1 00:34:17 2021 OS/Arch: linux/amd64 Context: default Experimental: true Server: Engine: Version: 20.10.7 API version: 1.41 (minimum version 1.12) Go version: go1.13.8 Git commit: 20.10.7-0ubuntu5~20.04.2 Built: Fri Oct 22 00:45:53 2021 OS/Arch: linux/amd64 Experimental: false containerd: Version: 1.5.9-0ubuntu1~20.04.6 GitCommit: runc: Version: 1.0.1-0ubuntu2~20.04.1 GitCommit: docker-init: Version: 0.19.0 GitCommit: ``` - `docker info` ``` Client: Context: default Debug Mode: false Server: Containers: 10 Running: 7 Paused: 0 Stopped: 3 Images: 257 Server Version: 20.10.7 Storage Driver: overlay2 Backing Filesystem: extfs Supports d_type: true Native Overlay Diff: true userxattr: false Logging Driver: json-file Cgroup Driver: cgroupfs Cgroup Version: 1 Plugins: Volume: local Network: bridge host ipvlan macvlan null overlay Log: awslogs fluentd gcplogs gelf journald json-file local logentries splunk syslog Swarm: inactive Runtimes: io.containerd.runc.v2 io.containerd.runtime.v1.linux runc Default Runtime: runc Init Binary: docker-init containerd version: runc version: init version: Security Options: apparmor seccomp Profile: default Kernel Version: 5.4.0-104-generic Operating System: Ubuntu 20.04.4 LTS OSType: linux Architecture: x86_64 CPUs: 2 Total Memory: 1.89GiB Name: chatwoot ID: RSDZ:QM32:T5G7:DAMK:OQHG:CVBK:VHSP:RIWJ:KFXR:ZN6V:JWFV:WEAD Docker Root Dir: /var/lib/docker Debug Mode: false Registry: https://index.docker.io/v1/ Labels: Experimental: false Insecure Registries: 127.0.0.0/8 Live Restore Enabled: false ``` - `docker-compose version` ``` docker-compose version 1.25.0, build unknown docker-py version: 4.1.0 CPython version: 3.8.10 OpenSSL version: OpenSSL 1.1.1f 31 Mar 2020 ```",https://github.com/chatwoot/chatwoot/issues/6082,2022-12-16T11:24:12Z,repo:chatwoot/chatwoot is:issue (task OR pipeline OR customer OR quote OR order OR payment),"{""comments"": 19, ""eligibility_rule"": ""Issue from predeclared mature OSS product repo; text>=100; domain term in title/body; native issue ID"", ""native_id"": 1500043471, ""node_id"": ""I_kwDODA66k85ZaNjP"", ""record_sha256"": ""8400001255045824b38dce196daad55c919a16a200db7ad115e2e3df25865dc5"", ""repository"": ""chatwoot/chatwoot"", ""retrieved_at"": ""2026-07-19"", ""state"": ""closed""}"
39acea627006ba9f,Trusted OSS Issues,issue,Import should use bulk insert,"Currently, import uses saveEntity which creates single row insert at a time. ## Problem If I am importing say 100,000 `lead`, for example, which contains `emailAddresses` and `phoneNumbers` - 100,000 insert queries to insert lead - 100,000 insert queries to insert emailAddresses - 100,000 insert queries to insert phoneNumbers - 100,000 insert queries to insert entity_email_address - 100,000 insert queries to insert entity_phone_numbers Total of 500,000 insert queries are needed to be run ignoring the inserts for process history records, relations etc... This makes import painfully slow. My research on speed on inserts is here: https://stackoverflow.com/a/57452308 Proposed: Use bulk insert with multiple rows Example, ```sql Insert into `lead` (first_name, last_name) values ('a', 'b'), -- row 1 ('c', 'd'), -- row 2 ('e', 'f'); -- row 3 ``` For bulk update use `case` keyword. Example, ```sql update `lead` set first_name = ( CASE id WHEN '5f232342d' THEN 'a' WHEN '243242dsf' THEN 'b' END ) WHERE id IN ('5f232342d', '243242dsf'); ``` FYI, you need to think about how `beforeSave`, `afterSave` and hooks will work also",https://github.com/espocrm/espocrm/issues/1393,2019-08-12T06:09:13Z,"repo:espocrm/espocrm is:issue (""follow up"" OR reminder OR inbox OR lead OR appointment OR invoice)","{""comments"": 25, ""eligibility_rule"": ""Issue from predeclared mature OSS product repo; text>=100; domain term in title/body; native issue ID"", ""native_id"": 479481301, ""node_id"": ""MDU6SXNzdWU0Nzk0ODEzMDE="", ""record_sha256"": ""b7de413edd8870c4345dff7fa5de779e5933675016a67a6b0faa63e2d3ec9c73"", ""repository"": ""espocrm/espocrm"", ""retrieved_at"": ""2026-07-19"", ""state"": ""closed""}"
7919d025f6e1abb8,Trusted OSS Issues,issue,Payment Entry: Allocated Amount cannot be greater than outstanding amount,"### Information about bug Payment entry shows pop up message for Allocated Amount cannot be greater than outstanding amount when creating payments for expense claim. Not yet tested if the pop up message also shows up for purchase order and purchase invoice. ### Module accounts ### Version ERPNext: v14.70.7 (HEAD) Frappe Framework: v14.77.1 (HEAD) ### Installation method FrappeCloud ### Relevant log output / Stack trace / Full Error Message. ```shell Traceback (most recent call last): File ""apps/frappe/frappe/app.py"", line 97, in application response = frappe.api.handle() File ""apps/frappe/frappe/api.py"", line 55, in handle return frappe.handler.handle() File ""apps/frappe/frappe/handler.py"", line 48, in handle data = execute_cmd(cmd) File ""apps/frappe/frappe/handler.py"", line 86, in execute_cmd return frappe.call(method, **frappe.form_dict) File ""apps/frappe/frappe/__init__.py"", line 1619, in call return fn(*args, **newargs) File ""apps/frappe/frappe/model/workflow.py"", line 131, in apply_workflow doc.save() File ""apps/frappe/frappe/model/document.py"", line 310, in save return self._save(*args, **kwargs) File ""apps/frappe/frappe/model/document.py"", line 345, in _save self.run_before_save_methods() File ""apps/frappe/frappe/model/document.py"", line 1061, in run_before_save_methods self.run_method(""validate"") File ""apps/frappe/frappe/model/document.py"", line 931, in run_method out = Document.hook(fn)(self, *args, **kwargs) File ""apps/frappe/frappe/model/document.py"", line 1283, in composer return composed(self, method, *args, **kwargs) File ""apps/frappe/frappe/model/document.py"", line 1265, in runner add_to_return_value(self, fn(self, *args, **kwargs)) File ""apps/frappe/frappe/model/document.py"", line 928, in fn return method_object(*args, **kwargs) File ""apps/erpnext/erpnext/accounts/doctype/payment_entry/payment_entry.py"", line 89, in validate self.validate_allocated_amount() File ""apps/erpnext/erpnext/accounts/doctype/payment_entry/payment_entry.py"", line 173, in validate_allocated_amount frappe.throw(fail_message.format(d.idx)) File ""apps/frappe/frappe/__init__.py"", line 548, in throw msgprint( File ""apps/frappe/frappe/__init__.py"", line 509, in msgprint _raise_exception() File ""apps/frappe/frappe/__init__.py"", line 455, in _raise_exception raise raise_exception(msg) frappe.exceptions.ValidationError: Row #1: Allocated Amount cannot be greater than outstanding amount. ```",https://github.com/frappe/erpnext/issues/42062,2024-06-27T15:40:00Z,repo:frappe/erpnext is:issue (task OR pipeline OR customer OR quote OR order OR payment),"{""comments"": 23, ""eligibility_rule"": ""Issue from predeclared mature OSS product repo; text>=100; domain term in title/body; native issue ID"", ""native_id"": 2378496204, ""node_id"": ""I_kwDOABxyKc6NxPjM"", ""record_sha256"": ""bc0594be0ac771f4c628ceebab1b3f26f7a827cceed25f08712be6107cc65fb6"", ""repository"": ""frappe/erpnext"", ""retrieved_at"": ""2026-07-19"", ""state"": ""closed""}"
5011e0516cb8c69c,Trusted OSS Issues,issue,Email replies not being tracked (possible fix using imap_fetch_overview instead of imap_search),"What type of report is this: Bug Report ## Description: Emails are not tracking in mautic. PHP Version: PHP 7.0.27 (cli) (built: Feb 17 2018 01:53:37) ( NTS ) Copyright (c) 1997-2017 The PHP Group Zend Engine v3.0.0, Copyright (c) 1998-2017 Zend Technologies Mautic version: 2.12.2 ### Steps to reproduce: 1. Setup IMAP for a gsuite account 2. Make sure you have replies in your tracked folder 3. Run the command: `php /var/www/html/app/console mautic:email:fetch` Result: `0 emails processed for {imap.gmail.com:993/imap/ssl}INBOX with a criteria of UID 20:*` Expected: `2 emails processed` I've done a lot of digging and I believe that it comes down to one simple issue: usage of php's `imap_search()` function in the `searchMailbox` function of the `Mailbox.php` class as seen here: https://github.com/mautic/mautic/blob/staging/app/bundles/EmailBundle/MonitoredEmail/Mailbox.php#L559. If you notice, the criteria outputted by the logging for the fetch command is `UID 20:*`. From what I can tell, this isn't supported by php's `imap_search()` function: http://php.net/manual/en/function.imap-search.php. It isn't in the list of criteria, and I tested it extensively, with many variations in the php interactive console. I was able to get messages via the ""all"" command, and several others, but not with the undocumented ""UID"" command. I did have success with `imap_fetch_overview()` http://php.net/manual/en/function.imap-fetch-overview.php, however. I propose that we use `imap_search()` for searches, and `imap_fetch_overview()` for uid range-based lookups.",https://github.com/mautic/mautic/issues/5793,2018-03-09T00:33:52Z,repo:mautic/mautic is:issue (task OR pipeline OR customer OR quote OR order OR payment),"{""comments"": 33, ""eligibility_rule"": ""Issue from predeclared mature OSS product repo; text>=100; domain term in title/body; native issue ID"", ""native_id"": 303683104, ""node_id"": ""MDU6SXNzdWUzMDM2ODMxMDQ="", ""record_sha256"": ""571cebb821664de27cbb4ba6418852a9a34929a751b42e0ad11adb38a842e20f"", ""repository"": ""mautic/mautic"", ""retrieved_at"": ""2026-07-19"", ""state"": ""closed""}"
ab5d1e807598ba7a,Trusted OSS Issues,issue,Birthdays of relatives are shown twice on Dashboard,"**Describe the bug** I added my wife as a contact and our children as well. Now I get two birthday reminders on the dashboard for my daughter: once for her as a contact, once as a child of my wife. The reminders should probably check if they're referring to the same contact. **Screenshots** ![bildschirmfoto von 2018-06-18 09-52-31](https://user-images.githubusercontent.com/117138/41524336-6c1d0d98-72dd-11e8-9002-1b159fb84632.png) **Which version are you using:** Hosted version on https://app.monicahq.com",https://github.com/monicahq/monica/issues/1496,2018-06-18T07:55:19Z,"repo:monicahq/monica is:issue (""follow up"" OR reminder OR inbox OR lead OR appointment OR invoice)","{""comments"": 11, ""eligibility_rule"": ""Issue from predeclared mature OSS product repo; text>=100; domain term in title/body; native issue ID"", ""native_id"": 333166627, ""node_id"": ""MDU6SXNzdWUzMzMxNjY2Mjc="", ""record_sha256"": ""740ed19903ee8e64dfa65d22d3b25d19f42c770364e3d405566974310249571a"", ""repository"": ""monicahq/monica"", ""retrieved_at"": ""2026-07-19"", ""state"": ""open""}"
80d1c018cc79574f,Trusted OSS Issues,issue,Feature Request: Integrate WhatsApp Cloud API for Groups,"### Is your feature or enhancement related to a problem? Please describe. Yes, this feature is related to a problem. Currently, Chatwoot's WhatsApp Cloud API integration only supports 1-to-1 conversations. Many business use cases, especially in support, sales, and coordination, require multi-party conversations. For example: Complex Support: A customer has an issue that requires both a support agent and a technical specialist (or an external vendor/installer) to be in the same chat. High-Value Sales: A sales agent needs to coordinate with a client and their manager or a finance person in a single thread. Travel/Events: An agency needs to create a small group chat for a family or a couple to discuss booking details. Right now, the only way to handle this is for the agent to talk to the customer, then talk to their colleague in a private note or separate channel, and then relay the information back. This is slow, inefficient, and lacks transparency for the customer. We are forced to use personal WhatsApp accounts for group chats, which means the conversations are not tracked in Chatwoot. ### Describe the solution you'd like I would like Chatwoot to integrate the new WhatsApp Cloud API for Groups, as documented by Meta here: https://developers.facebook.com/docs/whatsapp/cloud-api/groups This integration should allow agents to: Create new groups: An agent should be able to initiate a new WhatsApp Group conversation from the Chatwoot dashboard. Invite participants: The agent should be able to send a group invite link to the primary contact and add other participants (like other agents or external phone numbers) to the chat. Manage group conversations: These new group chats should appear in the inbox just like 1-to-1 chats, but clearly marked as a ""group"". Send & Receive Messages: All agents and contacts in the group should be able to send and receive messages, media, and templates within that single conversation thread, with all history saved in Chatwoot. Use Webhooks: The integration should listen for group webhooks (e.g., group_participants_update) so the chat updates in real-time if a user joins or leaves. This would allow us to handle multi-party case resolutions directly within Chatwoot, keeping all communication centralized, tracked, and professional. ### Describe alternatives you've considered _No response_ ### Additional context _No response_",https://github.com/chatwoot/chatwoot/issues/12693,2025-10-19T06:54:02Z,repo:chatwoot/chatwoot is:issue (task OR pipeline OR customer OR quote OR order OR payment),"{""comments"": 27, ""eligibility_rule"": ""Issue from predeclared mature OSS product repo; text>=100; domain term in title/body; native issue ID"", ""native_id"": 3529581964, ""node_id"": ""I_kwDODA66k87SYSWM"", ""record_sha256"": ""6f0efd6238873f9331d6d83029866f91f27cf8ba85c811725967292a15201257"", ""repository"": ""chatwoot/chatwoot"", ""retrieved_at"": ""2026-07-19"", ""state"": ""open""}"
3cb0a787c0e278a7,Trusted OSS Issues,issue,Emails are marked as unread on IMAP server after fetching,"**Describe the bug** `Sent` emails are systematically `Marked as Unread` on IMAP Server on **Personal Email Account** being monitored where `espocrm` also fetches the `Sent` folder of that IMAP account; And I mean on the server itself where `espocrm` removes the `\Seen` flag from each email in the `Sent` folder. **To Reproduce (MANDATORY, DO NOT REMOVE)** This started a couple of upgrades ago, it seems, I have not had this problem before. It is possibly related to issue #1243. To reproduce, just configure a personal email account (IMAP) and check the box: `Keep Fetched Emails Unread`. Add `Sent` folder to `Monitored Folders`. And enable cron job to fetch emails. Likely this is a ""bug"" introduced by the `Keep Fetched Emails Unread` feature which IS convenient for emails you _receive_ (in your INBOX) but counter-productive (IMO) in your `Sent` folder where you want all messages you send to be left ""Seen"" or ""Marked as Read"". Edit: if I remove the feature `Keep Fetched Emails Unread`, the problem disappears. **Expected behavior** Keep the `Keep Fetched Emails Unread` feature but confine it to INBOX only; IOW let user ""unbundle"" this feature, and remove it for the `Sent` folder, IOW manage it separately for each folder. **EspoCRM version** EspoCRM 9.3.3 Docker **Additional context** I could call this a `Feature Request`, possibly as opposed to `Bug`. Some users will like this feature even on their `Sent` folder, some won't (the reasoning being, I know what I wrote already and know I've sent it.) And I don't actually know how many users fetch their `Sent` folder in addition to their inbox.",https://github.com/espocrm/espocrm/issues/3613,2026-03-18T20:03:04Z,"repo:espocrm/espocrm is:issue (""follow up"" OR reminder OR inbox OR lead OR appointment OR invoice)","{""comments"": 27, ""eligibility_rule"": ""Issue from predeclared mature OSS product repo; text>=100; domain term in title/body; native issue ID"", ""native_id"": 4097428613, ""node_id"": ""I_kwDOAXU4sc70OcyF"", ""record_sha256"": ""40fadb62f4fb25a01b7148f56d7b2e589cf2fd5cabeb8c04253fe1351dff27bd"", ""repository"": ""espocrm/espocrm"", ""retrieved_at"": ""2026-07-19"", ""state"": ""closed""}"
7b77d33eaa3d16dc,Trusted OSS Issues,issue,Subscription functionality redesign,"- [ ] Create new ""Subscription"" doc type as below ![screen shot 2016-09-08 at 12 30 54 am](https://cloud.githubusercontent.com/assets/20460498/18324729/8d555294-755b-11e6-8252-3af90ba3130f.png) - [ ] Remove the current fields of the ""recurring"" section from the doc types: Sales Order, Sales Invoice,Purchase Order, Purchase Invoice - [ ] Refactor code that uses current fields to use the new ""Subscription"" doc type fields to create recurring documents and update the ""Subscription ID"" back to the base document(eg:Sales Order, Sales Invoice,Purchase Order,Purchase Invoice) This new design will reduce redundant data which gets copied over to multiple invoices and also give a single page from where the user can set ""Subscription IDs"" for various doc types.",https://github.com/frappe/erpnext/issues/6313,2016-09-07T15:27:30Z,repo:frappe/erpnext is:issue (task OR pipeline OR customer OR quote OR order OR payment),"{""comments"": 73, ""eligibility_rule"": ""Issue from predeclared mature OSS product repo; text>=100; domain term in title/body; native issue ID"", ""native_id"": 175533101, ""node_id"": ""MDU6SXNzdWUxNzU1MzMxMDE="", ""record_sha256"": ""066a5facedd720c9c61e1729cd3eba74696804e1fbcbe9f39d681ca35c4769d3"", ""repository"": ""frappe/erpnext"", ""retrieved_at"": ""2026-07-19"", ""state"": ""closed""}"
73218c8fa81df8ea,Trusted OSS Issues,issue,Reentering the campaign results in two logs scheduled for the same contact,"## Bug Description Under certain conditions, leads reentering a campaign which they are already going through end up having two logs scheduled at the same time. This eventually leads to Mautic trying to insert duplicated logs, failing and stalling leads in the campaign (see for example https://github.com/mautic/mautic/issues/7953#issuecomment-794430819). | Q | A | --- | --- | Mautic version | From `features` branch | PHP version | 7.4.15 from Debian testing in test virtual machine | Browser | Firefox 86.0.1 ### Steps to reproduce 1. Create a campaign with the following properties. * Leads are taken from a campaign form * Leads are allowed to restart the campaign * First event, executed immediately: send an email * Second event, executed after one day, on Thursday, at 07:00: send an email * Third event, executed after one day: send an email * Fourth event, executed after one day: send an email 2. Fill the form with a certain email, on Wednesday (17/03/2021 in my case); trigger the campaign, which results in the first email being sent 3. Advance time to Thursday (18/03/2021; Mautic is installed inside a virtual machine, so I can go to the future), past 7 UTC (corresponding to 8 CET in my timezone); trigger the campaign, which results in the second email being sent 4. Fill the form again with the same email; trigger the campaign, which results in the first email being sent again 5. Notice that now two emails are scheduled for the contact: the second email (Thursday) is scheduled for 25/03/2021 and rotation 1, and the third one (Friday) is scheduled for 19/03/2021 and rotation 2. This seems wrong: I would have expected the Friday scheduled log to be removed or unscheduled. ### Log errors [mautic_prod-2021-03-17.txt](https://github.com/mautic/mautic/files/6157970/mautic_prod-2021-03-17.txt) [mautic_prod-2021-03-18.txt](https://github.com/mautic/mautic/files/6157971/mautic_prod-2021-03-18.txt)",https://github.com/mautic/mautic/issues/9797,2021-03-17T16:25:07Z,repo:mautic/mautic is:issue (task OR pipeline OR customer OR quote OR order OR payment),"{""comments"": 36, ""eligibility_rule"": ""Issue from predeclared mature OSS product repo; text>=100; domain term in title/body; native issue ID"", ""native_id"": 833965770, ""node_id"": ""MDU6SXNzdWU4MzM5NjU3NzA="", ""record_sha256"": ""3adf41ae703a400761128cb06a82e1b2d461fea1b98b19a6bc8843bf4baf6034"", ""repository"": ""mautic/mautic"", ""retrieved_at"": ""2026-07-19"", ""state"": ""closed""}"
afa0f839ad2830bb,Trusted OSS Issues,issue,Feature Proposal: reducing friction when entering data daily,"### Is your feature request related to a problem? Please describe. * Monica is great, and has lots of features, but it's difficult (takes many clicks) to enter in information after a busy day. I have a daily reminder to go to the CRM at the end of the day and add all my interactions for that day. * The journal feature allows users to write prose descriptions of their day, which is very natural, but it doesn't allow for structured data entry. Activities from that day are displayed, but new activities can't be entered from that page. This is frustrating. * Using Monica and keeping detailed records takes a significant amount of time. We should aim to reduce that time as much as possible in order to provide more useful software and increase adoption, bringing Monica's benefits to more people. ### Describe the solution you'd like I propose that we extend the journal functionality to allow for tagging structured data within journal entries. This would allow journals to become a primary method for interacting with Monica, and a primary method for creating and updating entries in the CRM. The way this would work: 1. A user would journal about their day in the same way that the existing system works. 2. After creating a journal entry, a user would be prompted in some way. Imagine a pop up that reads ""tag structured data?"" 3. If the user chooses to proceed, they could highlight with their cursor relevant information about their day. They could highlight names of contacts and activities, and then would be taken to a screen where they could match names to activities and add additional information. ![1FF645AE-78F2-488E-88A1-C5698ECD3860](https://user-images.githubusercontent.com/2546219/118428967-9e308500-b69e-11eb-8f75-bef90dd15eae.jpeg) 4. After submitting the annotations, activities would be automatically created and linked with contacts. The markdown journal entry would be updated, creating links to the contacts and activities selected. * We probably wouldn't even need additional data structures to handle this, _maybe_ a JSON field on the journal entry if anything. ### Additional context * We could also suggest tags automatically, when names of existing contacts are recognized in the journal * I'd be willing to work on a PR for this if I got the OK from either @djaiss or @asbiin. I don't want to start this immediately since it's a pretty major feature. * (I'm quite busy right now, so it might take some time, but I wanted to start the discussion and bring this up to the wider Monica community.)",https://github.com/monicahq/monica/issues/5195,2021-05-17T03:31:43Z,repo:monicahq/monica is:issue (task OR pipeline OR customer OR quote OR order OR payment),"{""comments"": 12, ""eligibility_rule"": ""Issue from predeclared mature OSS product repo; text>=100; domain term in title/body; native issue ID"", ""native_id"": 892854747, ""node_id"": ""MDU6SXNzdWU4OTI4NTQ3NDc="", ""record_sha256"": ""15fabc584b16d08361d76e4fa35192e1baa2233fee41f281d3b9ceb78d7bf345"", ""repository"": ""monicahq/monica"", ""retrieved_at"": ""2026-07-19"", ""state"": ""open""}"
89063b90bd67b192,Trusted OSS Issues,issue,WhatsApp Business-Scoped User IDs (BSUID) support needed before June 2026,"## Summary Meta is launching [WhatsApp Usernames](https://developers.facebook.com/documentation/business-messaging/whatsapp/business-scoped-user-ids) — users will be able to set an `@username` and **hide their phone number** from businesses. To support this, Meta is adding a **Business-Scoped User ID (BSUID)** to all webhook payloads via a new `user_id` field. **Starting June 2026**, the `wa_id` / `from` fields that currently always contain a phone number **may contain a BSUID instead** (format: `CC.alphanumeric`, e.g. `BR.1A2B3C4D5E6F7G8H9I0J...`). This will break Chatwoot's contact resolution for username-adopting users. ## Timeline | Date | What happens | |------|-------------| | Early April 2026 | Contact Book feature — Meta auto-stores phone+BSUID pairs from prior interactions | | May 2026 | BSUIDs start appearing in **all** webhook payloads (testing phase) | | **June 2026** | Usernames launch in test countries — `wa_id` may be BSUID, not phone | | August 2026+ | Global rollout | ## What breaks in Chatwoot Chatwoot currently uses the phone number (`wa_id`) as the primary identifier for WhatsApp contacts: 1. **`Whatsapp::IncomingMessageBaseService`** resolves contacts via `wa_id` assuming it's always a phone number 2. **`ContactInbox`** uses `source_id` (phone number in E.164) with a unique index on `(inbox_id, source_id)` 3. **`find_or_create_contact`** maps phone number → Contact record When a username-adopting user messages a business and their phone number is **not** in the Contact Book: - `wa_id` / `from` will be a BSUID, not a phone number - Chatwoot will create a **duplicate contact** (new `source_id` with the BSUID) instead of matching the existing contact - Sending replies may fail if the code assumes `wa_id` is always E.164 ## Webhook payload changes **New field `user_id`** — always present in all message webhooks (regardless of username adoption): ```json { ""contacts"": [{""profile"": {""name"": ""Jessica""}, ""wa_id"": ""BR.1A2B3C4D5E6F7G8H9I0J...""}], ""messages"": [{ ""from"": ""BR.1A2B3C4D5E6F7G8H9I0J..."", ""user_id"": ""BR.1A2B3C4D5E6F7G8H9I0J..."", ""id"": ""wamid.xxx"", ""type"": ""text"", ""text"": {""body"": ""Hello""} }] } ``` For users **without** usernames, `wa_id` remains a phone number, but `user_id` (BSUID) is still present. ## Suggested approach 1. **Store `user_id` (BSUID)** — add a `bsuid` / `whatsapp_user_id` column to `ContactInbox` or `Contact` 2. **Dual-key contact resolution** — match by BSUID first, fall back to phone number, write BSUID back when matched by phone 3. **Detect BSUID vs phone** — BSUIDs have the format `CC.alphanum` (2-letter country code + dot + up to 128 chars), phone numbers are E.164 4. **Handle sending to BSUIDs** — when no phone number is known, use the BSUID as the recipient identifier in the Cloud API ## References - [Meta: Business-Scoped User IDs](https://developers.facebook.com/documentation/business-messaging/whatsapp/business-scoped-user-ids) - [Twilio: BSUID field required June 2026](https://www.twilio.com/en-us/changelog/whatsapp-usernames--new-business-scoped-user-id--bsuid--field-re) - [WABetaInfo: Official update on usernames and BSUIDs](https://wabetainfo.com/whatsapp-shares-official-update-on-usernames-and-business-scoped-ids-ahead-of-2026-deadline/) ## Environment - Self-hosted Chatwoot CE (latest) - WhatsApp Cloud API with coexistence mode - Affects all WhatsApp Cloud API integrations I'm happy to contribute a PR if the team can provide guidance on the preferred approach for contact resolution changes.",https://github.com/chatwoot/chatwoot/issues/13837,2026-03-18T01:37:44Z,"repo:chatwoot/chatwoot is:issue (""follow up"" OR reminder OR inbox OR lead OR appointment OR invoice)","{""comments"": 32, ""eligibility_rule"": ""Issue from predeclared mature OSS product repo; text>=100; domain term in title/body; native issue ID"", ""native_id"": 4092157751, ""node_id"": ""I_kwDODA66k87z6V83"", ""record_sha256"": ""ac66f565f56b81cf6150ba0a05b2e301480b25890085b2a69b0459af47364c1d"", ""repository"": ""chatwoot/chatwoot"", ""retrieved_at"": ""2026-07-19"", ""state"": ""open""}"
46fb245eec88bee8,Trusted OSS Issues,issue,Upgrade to 8.1.5 from 8.0.6 - Strange Performance Problem,"**Describe the bug** As part of my test script, I create a new Contact. I use an already present email address. I don't exactly know the criteria EspoCRM uses, but sometimes, i.e. not for all email addresses that already exist, it results somewhere in the line of execution in a query as below: ```sql SELECT DISTINCT contact.id AS `id`, REPLACE(NULLIF(TRIM(CONCAT(IFNULL(contact.first_name, ''), ' ', IFNULL(contact.middle_name, ''), ' ', IFNULL(contact.last_name, ''))), ''), ' ', ' ') AS `name`, contact.deleted AS `deleted`, contact.salutation_name AS `salutationName`, contact.first_name AS `firstName`, contact.last_name AS `lastName`, accountContactPrimary.role AS `title`, contact.description AS `description`, emailAddresses.name AS `emailAddress`, phoneNumbers.name AS `phoneNumber`, contact.do_not_call AS `doNotCall`, contact.address_street AS `addressStreet`, contact.address_city AS `addressCity`, contact.address_state AS `addressState`, contact.address_country AS `addressCountry`, contact.address_postal_code AS `addressPostalCode`, accountContactPrimary.is_inactive AS `accountIsInactive`, account.type AS `accountType`, contact.created_at AS `createdAt`, contact.modified_at AS `modifiedAt`, portalUser.id IS NOT NULL AS `hasPortalUser`, contact.agbcode AS `agbcode`, contact.rbcznummer AS `rbcznummer`, contact.m_b_k_datum AS `mBKDatum`, contact.m_code AS `mCode`, contact.geboortedatum AS `geboortedatum`, contact.datum_registratie AS `datumRegistratie`, contact.balens AS `balens`, contact.regiocode AS `regiocode`, contact.einddatum AS `einddatum`, contact.vakopleiding_datum_diploma AS `vakopleidingDatumDiploma`, contact.datum_v_o_g AS `datumVOG`, contact.geslacht AS `geslacht`, contact.initials_name AS `initialsName`, contact.dispensatie AS `dispensatie`, contact.website AS `website`, contact.lidnummer AS `lidnummer`, contact.quasier AS `quasier`, contact.geplande_afstudeerdatum AS `geplandeAfstudeerdatum`, contact.nascholingstotalen_herberekenen AS `nascholingstotalenHerberekenen`, contact.labels AS `labels`, contact.uitleg_nascholings_berekening AS `uitlegNascholingsBerekening`, contact.nascholing_onvoldoende AS `nascholingOnvoldoende`, contact.survey_id AS `surveyId`, contact.nick_name AS `nickName`, contact.aantekening AS `aantekening`, contact.middle_name AS `middleName`, emailAddresses.opt_out AS `emailAddressIsOptedOut`, emailAddresses.invalid AS `emailAddressIsInvalid`, phoneNumbers.opt_out AS `phoneNumberIsOptedOut`, phoneNumbers.invalid AS `phoneNumberIsInvalid`, contact.account_id AS `accountId`, account.name AS `accountName`, contact.campaign_id AS `campaignId`, campaign.name AS `campaignName`, contact.created_by_id AS `createdById`, REPLACE(NULLIF(TRIM(CONCAT(IFNULL(createdBy.first_name, ''), ' ', IFNULL(createdBy.middle_name, ''), ' ', IFNULL(createdBy.last_name, ''))), ''), ' ', ' ') AS `createdByName`, contact.modified_by_id AS `modifiedById`, REPLACE(NULLIF(TRIM(CONCAT(IFNULL(modifiedBy.first_name, ''), ' ', IFNULL(modifiedBy.middle_name, ''), ' ', IFNULL(modifiedBy.last_name, ''))), ''), ' ', ' ') AS `modifiedByName`, contact.assigned_user_id AS `assignedUserId`, REPLACE(NULLIF(TRIM(CONCAT(IFNULL(assignedUser.first_name, ''), ' ', IFNULL(assignedUser.middle_name, ''), ' ', IFNULL(assignedUser.last_name, ''))), ''), ' ', ' ') AS `assignedUserName`, portalUser.id AS `portalUserId`, REPLACE(NULLIF(TRIM(CONCAT(IFNULL(portalUser.first_name, ''), ' ', IFNULL(portalUser.middle_name, ''), ' ', IFNULL(portalUser.last_name, ''))), ''), ' ', ' ') AS `portalUserName`, originalLead.id AS `originalLeadId`, REPLACE(NULLIF(TRIM(CONCAT(IFNULL(originalLead.first_name, ''), ' ', IFNULL(originalLead.middle_name, ''), ' ', IFNULL(originalLead.last_name, ''))), ''), ' ', ' ') AS `originalLeadName`, contact.m_b_k_diploma_id AS `mBKDiplomaId`, mBKDiploma.name AS `mBKDiplomaName`, contact.vakopleiding_id AS `vakopleidingId`, vakopleiding.name AS `vakopleidingName`, contact.diploma_vakopleiding_id AS `diplomaVakopleidingId`, diplomaVakopleiding.name AS `diplomaVakopleidingName`, contact.v_o_g_id AS `vOGId`, vOG.name AS `vOGName` FROM `contact` AS `contact` LEFT JOIN `attachment` AS `mBKDiploma` ON contact.m_b_k_diploma_id = mBKDiploma.id LEFT JOIN `attachment` AS `diplomaVakopleiding` ON contact.diploma_vakopleiding_id = diplomaVakopleiding.id LEFT JOIN `attachment` AS `vOG` ON contact.v_o_g_id = vOG.id LEFT JOIN `vakopleiding` AS `vakopleiding` ON contact.vakopleiding_id = vakopleiding.id LEFT JOIN `lead` AS `originalLead` ON contact.id = originalLead.created_contact_id AND originalLead.deleted = 0 LEFT JOIN `campaign` AS `campaign` ON contact.campaign_id = campaign.id LEFT JOIN `account` AS `account` ON contact.account_id = account.id LEFT JOIN `user` AS `assignedUser` ON contact.assigned_user_id = assignedUser.id LEFT JOIN `user` AS `modifiedBy` ON contact.modified_by_id = modifiedBy.id LEFT JOIN `user` AS `createdBy` ON contact.created_by_id = createdBy.id LEFT JOIN `entity_email_address` AS `emailAddressesMultipleMiddle` ON contact.id = emailAddressesMultipleMiddle.entity_id AND emailAddressesMultipleMiddle.deleted = 0 AND emailAddressesMultipleMiddle.entity_type = 'Contact' LEFT JOIN `email_address` AS `emailAddressesMultiple` ON emailAddressesMultiple.id = emailAddressesMultipleMiddle.email_address_id AND emailAddressesMultiple.deleted = 0 LEFT JOIN `account_contact` AS `accountContactPrimary` ON contact.id = accountContactPrimary.contact_id AND contact.account_id = accountContactPrimary.account_id AND accountContactPrimary.deleted = 0 LEFT JOIN `entity_email_address` AS `emailAddressesMiddle` ON contact.id = emailAddressesMiddle.entity_id AND emailAddressesMiddle.deleted = 0 AND emailAddressesMiddle.primary = 1 AND emailAddressesMiddle.entity_type = 'Contact' LEFT JOIN `email_address` AS `emailAddresses` ON emailAddresses.id = emailAddressesMiddle.email_address_id AND emailAddresses.deleted = 0 LEFT JOIN `entity_phone_number` AS `phoneNumbersMiddle` ON contact.id = phoneNumbersMiddle.entity_id AND phoneNumbersMiddle.deleted = 0 AND phoneNumbersMiddle.primary = 1 AND phoneNumbersMiddle.entity_type = 'Contact' LEFT JOIN `phone_number` AS `phoneNumbers` ON phoneNumbers.id = phoneNumbersMiddle.phone_number_id AND phoneNumbers.deleted = 0 LEFT JOIN `user` AS `portalUser` ON contact.id = portalUser.contact_id AND portalUser.deleted = 0 WHERE (((contact.first_name = 'K. (Klonk)') AND (contact.last_name = 'Kluster')) OR ((emailAddressesMultiple.lower = 'hans@dykema.nl'))) AND contact.deleted = 0 LIMIT 0, 1; ``` which somehow takes >80 seconds to execute. Mariadb takes a long time 98%CPU (or with two queries: around 165%CPU). The form in the web-browser eventually says 'timeout'. If I run an explain on this query, I get: 1 | SIMPLE | contact | ALL | IDX_FIRST_NAME,IDX_NAME,IDX_SYSTEM_FULL_TEXT_SEARCH | NULL | NULL | NULL | 935 | Using where; Using temporary -- | -- | -- | -- | -- | -- | -- | -- | -- | -- 1 | SIMPLE | mBKDiploma | ALL | NULL | NULL | NULL | NULL | 12462 | Using where; Using join buffer (flat, BNL join) 1 | SIMPLE | diplomaVakopleiding | ALL | NULL | NULL | NULL | NULL | 12462 | Using where; Using join buffer (incremental, BNL join) 1 | SIMPLE | vOG | ALL | NULL | NULL | NULL | NULL | 12462 | Using where; Using join buffer (incremental, BNL join) 1 | SIMPLE | vakopleiding | eq_ref | PRIMARY | PRIMARY | 98 | nvkhcrm.contact.vakopleiding_id | 1 | Using where 1 | SIMPLE | originalLead | ALL | IDX_CREATED_CONTACT_ID | NULL | NULL | NULL | 6 | Using where; Using join buffer (flat, BNL join) 1 | SIMPLE | campaign | eq_ref | PRIMARY | PRIMARY | 74 | nvkhcrm.contact.campaign_id | 1 | Using where 1 | SIMPLE | account | eq_ref | PRIMARY | PRIMARY | 74 | nvkhcrm.contact.account_id | 1 | Using where 1 | SIMPLE | assignedUser | eq_ref | PRIMARY | PRIMARY | 74 | nvkhcrm.contact.assigned_user_id | 1 | Using where 1 | SIMPLE | modifiedBy | eq_ref | PRIMARY | PRIMARY | 74 | nvkhcrm.contact.modified_by_id | 1 | Using where 1 | SIMPLE | createdBy | eq_ref | PRIMARY | PRIMARY | 74 | nvkhcrm.contact.created_by_id | 1 | Using where 1 | SIMPLE | emailAddressesMultipleMiddle | ref | UNIQ_ENTITY_ID_EMAIL_ADDRESS_ID_ENTITY_TYPE,IDX_ENTITY_ID | IDX_ENTITY_ID | 75 | nvkhcrm.contact.id | 1 | Using where 1 | SIMPLE | emailAddressesMultiple | eq_ref | PRIMARY | PRIMARY | 74 | nvkhcrm.emailAddressesMultipleMiddle.email_address_id | 1 | Using where 1 | SIMPLE | accountContactPrimary | eq_ref | UNIQ_ACCOUNT_ID_CONTACT_ID,IDX_ACCOUNT_ID,IDX_CONTACT_ID | UNIQ_ACCOUNT_ID_CONTACT_ID | 150 | nvkhcrm.contact.account_id,nvkhcrm.contact.id | 1 | Using where 1 | SIMPLE | emailAddressesMiddle | ref | UNIQ_ENTITY_ID_EMAIL_ADDRESS_ID_ENTITY_TYPE,IDX_ENTITY_ID | IDX_ENTITY_ID | 75 | nvkhcrm.contact.id | 1 | Using where 1 | SIMPLE | emailAddresses | eq_ref | PRIMARY | PRIMARY | 74 | nvkhcrm.emailAddressesMiddle.email_address_id | 1 | Using where 1 | SIMPLE | phoneNumbersMiddle | ref | UNIQ_ENTITY_ID_PHONE_NUMBER_ID_ENTITY_TYPE,IDX_ENTITY_ID | IDX_ENTITY_ID | 75 | nvkhcrm.contact.id | 1 | Using where 1 | SIMPLE | phoneNumbers | eq_ref | PRIMARY | PRIMARY | 74 | nvkhcrm.phoneNumbersMiddle.phone_number_id | 1 | Using where 1 | SIMPLE | portalUser | ref | IDX_CONTACT_ID | IDX_CONTACT_ID | 75 | nvkhcrm.contact.id | 1 | Using where So it looks like the left join on the 'attachment' table results in >12.000 entries, 3 times actually. Probably not the intended behavior. Is there a way to fix this? - Should I do something to mariadb (version = 10.11.6)? - Or should I do something to EspoCRM code? **To Reproduce (MANDATORY, DO NOT REMOVE)** Explicit steps to reproduce the behavior: 1. Create a Contact (probably only on our system, as the attachment fields are specific for our usecase) 2. Use an existing email adres that results in this problem. ... **Expected behavior** I think probably that left joins from null to null id's should not be generated by EspoCRM as part of an SQL query. **Screenshots** - **EspoCRM version** 8.1.5 **Additional context** I did a ```bash tail -f mariadb.log | grep -v authToken | grep -v authLog | grep -v notification | grep -v user.id | grep -v auth_token | grep -v preferences.id | grep -v portal.id ``` and next did a 'create' for the contact and got this logging: ```log 3576 Query SELECT DISTINCT contact.id AS `id` FROM `contact` AS `contact` LEFT JOIN `entity_email_address` AS `emailAddressesMultipleMiddle` ON contact.id = emailAddressesMultipleMiddle.entity_id AND emailAddressesMultipleMiddle.deleted = 0 AND emailAddressesMultipleMiddle.entity_type = 'Contact' LEFT JOIN `email_address` AS `emailAddressesMultiple` ON emailAddressesMultiple.id = emailAddressesMultipleMiddle.email_address_id AND emailAddressesMultiple.deleted = 0 WHERE (((contact.first_name = 'K. (KNof)') AND (contact.last_name = 'Knuster')) OR ((emailAddressesMultiple.lower = 'hans@dykema.nl'))) AND contact.deleted = 0 LIMIT 0, 1 3576 Query SELECT DISTINCT contact.id AS `id`, REPLACE(NULLIF(TRIM(CONCAT(IFNULL(contact.first_name, ''), ' ', IFNULL(contact.middle_name, ''), ' ', IFNULL(contact.last_name, ''))), ''), ' ', ' ') AS `name`, contact.deleted AS `deleted`, contact.salutation_name AS `salutationName`, contact.first_name AS `firstName`, contact.last_name AS `lastName`, accountContactPrimary.role AS `title`, contact.description AS `description`, emailAddresses.name AS `emailAddress`, phoneNumbers.name AS `phoneNumber`, contact.do_not_call AS `doNotCall`, contact.address_street AS `addressStreet`, contact.address_city AS `addressCity`, contact.address_state AS `addressState`, contact.address_country AS `addressCountry`, contact.address_postal_code AS `addressPostalCode`, accountContactPrimary.is_inactive AS `accountIsInactive`, account.type AS `accountType`, contact.created_at AS `createdAt`, contact.modified_at AS `modifiedAt`, portalUser.id IS NOT NULL AS `hasPortalUser`, contact.agbcode AS `agbcode`, contact.rbcznummer AS `rbcznummer`, contact.m_b_k_datum AS `mBKDatum`, contact.m_code AS `mCode`, contact.geboortedatum AS `geboortedatum`, contact.datum_registratie AS `datumRegistratie`, contact.balens AS `balens`, contact.regiocode AS `regiocode`, contact.einddatum AS `einddatum`, contact.vakopleiding_datum_diploma AS `vakopleidingDatumDiploma`, contact.datum_v_o_g AS `datumVOG`, contact.geslacht AS `geslacht`, contact.initials_name AS `initialsName`, contact.dispensatie AS `dispensatie`, contact.website AS `website`, contact.lidnummer AS `lidnummer`, contact.quasier AS `quasier`, contact.geplande_afstudeerdatum AS `geplandeAfstudeerdatum`, contact.nascholingstotalen_herberekenen AS `nascholingstotalenHerberekenen`, contact.labels AS `labels`, contact.uitleg_nascholings_berekening AS `uitlegNascholingsBerekening`, contact.nascholing_onvoldoende AS `nascholingOnvoldoende`, contact.survey_id AS `surveyId`, contact.nick_name AS `nickName`, contact.aantekening AS `aantekening`, contact.middle_name AS `middleName`, emailAddresses.opt_out AS `emailAddressIsOptedOut`, emailAddresses.invalid AS `emailAddressIsInvalid`, phoneNumbers.opt_out AS `phoneNumberIsOptedOut`, phoneNumbers.invalid AS `phoneNumberIsInvalid`, contact.account_id AS `accountId`, account.name AS `accountName`, contact.campaign_id AS `campaignId`, campaign.name AS `campaignName`, contact.created_by_id AS `createdById`, REPLACE(NULLIF(TRIM(CONCAT(IFNULL(createdBy.first_name, ''), ' ', IFNULL(createdBy.middle_name, ''), ' ', IFNULL(createdBy.last_name, ''))), ''), ' ', ' ') AS `createdByName`, contact.modified_by_id AS `modifiedById`, REPLACE(NULLIF(TRIM(CONCAT(IFNULL(modifiedBy.first_name, ''), ' ', IFNULL(modifiedBy.middle_name, ''), ' ', IFNULL(modifiedBy.last_name, ''))), ''), ' ', ' ') AS `modifiedByName`, contact.assigned_user_id AS `assignedUserId`, REPLACE(NULLIF(TRIM(CONCAT(IFNULL(assignedUser.first_name, ''), ' ', IFNULL(assignedUser.middle_name, ''), ' ', IFNULL(assignedUser.last_name, ''))), ''), ' ', ' ') AS `assignedUserName`, portalUser.id AS `portalUserId`, REPLACE(NULLIF(TRIM(CONCAT(IFNULL(portalUser.first_name, ''), ' ', IFNULL(portalUser.middle_name, ''), ' ', IFNULL(portalUser.last_name, ''))), ''), ' ', ' ') AS `portalUserName`, originalLead.id AS `originalLeadId`, REPLACE(NULLIF(TRIM(CONCAT(IFNULL(originalLead.first_name, ''), ' ', IFNULL(originalLead.middle_name, ''), ' ', IFNULL(originalLead.last_name, ''))), ''), ' ', ' ') AS `originalLeadName`, contact.m_b_k_diploma_id AS `mBKDiplomaId`, mBKDiploma.name AS `mBKDiplomaName`, contact.vakopleiding_id AS `vakopleidingId`, vakopleiding.name AS `vakopleidingName`, contact.diploma_vakopleiding_id AS `diplomaVakopleidingId`, diplomaVakopleiding.name AS `diplomaVakopleidingName`, contact.v_o_g_id AS `vOGId`, vOG.name AS `vOGName` FROM `contact` AS `contact` LEFT JOIN `attachment` AS `mBKDiploma` ON contact.m_b_k_diploma_id = mBKDiploma.id LEFT JOIN `attachment` AS `diplomaVakopleiding` ON contact.diploma_vakopleiding_id = diplomaVakopleiding.id LEFT JOIN `attachment` AS `vOG` ON contact.v_o_g_id = vOG.id LEFT JOIN `vakopleiding` AS `vakopleiding` ON contact.vakopleiding_id = vakopleiding.id LEFT JOIN `lead` AS `originalLead` ON contact.id = originalLead.created_contact_id AND originalLead.deleted = 0 LEFT JOIN `campaign` AS `campaign` ON contact.campaign_id = campaign.id LEFT JOIN `account` AS `account` ON contact.account_id = account.id LEFT JOIN `user` AS `assignedUser` ON contact.assigned_user_id = assignedUser.id LEFT JOIN `user` AS `modifiedBy` ON contact.modified_by_id = modifiedBy.id LEFT JOIN `user` AS `createdBy` ON contact.created_by_id = createdBy.id LEFT JOIN `entity_email_address` AS `emailAddressesMultipleMiddle` ON contact.id = emailAddressesMultipleMiddle.entity_id AND emailAddressesMultipleMiddle.deleted = 0 AND emailAddressesMultipleMiddle.entity_type = 'Contact' LEFT JOIN `email_address` AS `emailAddressesMultiple` ON emailAddressesMultiple.id = emailAddressesMultipleMiddle.email_address_id AND emailAddressesMultiple.deleted = 0 LEFT JOIN `account_contact` AS `accountContactPrimary` ON contact.id = accountContactPrimary.contact_id AND contact.account_id = accountContactPrimary.account_id AND accountContactPrimary.deleted = 0 LEFT JOIN `entity_email_address` AS `emailAddressesMiddle` ON contact.id = emailAddressesMiddle.entity_id AND emailAddressesMiddle.deleted = 0 AND emailAddressesMiddle.primary = 1 AND emailAddressesMiddle.entity_type = 'Contact' LEFT JOIN `email_address` AS `emailAddresses` ON emailAddresses.id = emailAddressesMiddle.email_address_id AND emailAddresses.deleted = 0 LEFT JOIN `entity_phone_number` AS `phoneNumbersMiddle` ON contact.id = phoneNumbersMiddle.entity_id AND phoneNumbersMiddle.deleted = 0 AND phoneNumbersMiddle.primary = 1 AND phoneNumbersMiddle.entity_type = 'Contact' LEFT JOIN `phone_number` AS `phoneNumbers` ON phoneNumbers.id = phoneNumbersMiddle.phone_number_id AND phoneNumbers.deleted = 0 LEFT JOIN `user` AS `portalUser` ON contact.id = portalUser.contact_id AND portalUser.deleted = 0 WHERE (((contact.first_name = 'K. (KNof)') AND (contact.last_name = 'Knuster')) OR ((emailAddressesMultiple.lower = 'hans@dykema.nl'))) AND contact.deleted = 0 LIMIT 0, 1 3576 Query SELECT DISTINCT contact.id AS `id`, REPLACE(NULLIF(TRIM(CONCAT(IFNULL(contact.first_name, ''), ' ', IFNULL(contact.middle_name, ''), ' ', IFNULL(contact.last_name, ''))), ''), ' ', ' ') AS `name`, contact.deleted AS `deleted`, contact.salutation_name AS `salutationName`, contact.first_name AS `firstName`, contact.last_name AS `lastName`, accountContactPrimary.role AS `title`, contact.description AS `description`, emailAddresses.name AS `emailAddress`, phoneNumbers.name AS `phoneNumber`, contact.do_not_call AS `doNotCall`, contact.address_street AS `addressStreet`, contact.address_city AS `addressCity`, contact.address_state AS `addressState`, contact.address_country AS `addressCountry`, contact.address_postal_code AS `addressPostalCode`, accountContactPrimary.is_inactive AS `accountIsInactive`, account.type AS `accountType`, contact.created_at AS `createdAt`, contact.modified_at AS `modifiedAt`, portalUser.id IS NOT NULL AS `hasPortalUser`, contact.agbcode AS `agbcode`, contact.rbcznummer AS `rbcznummer`, contact.m_b_k_datum AS `mBKDatum`, contact.m_code AS `mCode`, contact.geboortedatum AS `geboortedatum`, contact.datum_registratie AS `datumRegistratie`, contact.balens AS `balens`, contact.regiocode AS `regiocode`, contact.einddatum AS `einddatum`, contact.vakopleiding_datum_diploma AS `vakopleidingDatumDiploma`, contact.datum_v_o_g AS `datumVOG`, contact.geslacht AS `geslacht`, contact.initials_name AS `initialsName`, contact.dispensatie AS `dispensatie`, contact.website AS `website`, contact.lidnummer AS `lidnummer`, contact.quasier AS `quasier`, contact.geplande_afstudeerdatum AS `geplandeAfstudeerdatum`, contact.nascholingstotalen_herberekenen AS `nascholingstotalenHerberekenen`, contact.labels AS `labels`, contact.uitleg_nascholings_berekening AS `uitlegNascholingsBerekening`, contact.nascholing_onvoldoende AS `nascholingOnvoldoende`, contact.survey_id AS `surveyId`, contact.nick_name AS `nickName`, contact.aantekening AS `aantekening`, contact.middle_name AS `middleName`, emailAddresses.opt_out AS `emailAddressIsOptedOut`, emailAddresses.invalid AS `emailAddressIsInvalid`, phoneNumbers.opt_out AS `phoneNumberIsOptedOut`, phoneNumbers.invalid AS `phoneNumberIsInvalid`, contact.account_id AS `accountId`, account.name AS `accountName`, contact.campaign_id AS `campaignId`, campaign.name AS `campaignName`, contact.created_by_id AS `createdById`, REPLACE(NULLIF(TRIM(CONCAT(IFNULL(createdBy.first_name, ''), ' ', IFNULL(createdBy.middle_name, ''), ' ', IFNULL(createdBy.last_name, ''))), ''), ' ', ' ') AS `createdByName`, contact.modified_by_id AS `modifiedById`, REPLACE(NULLIF(TRIM(CONCAT(IFNULL(modifiedBy.first_name, ''), ' ', IFNULL(modifiedBy.middle_name, ''), ' ', IFNULL(modifiedBy.last_name, ''))), ''), ' ', ' ') AS `modifiedByName`, contact.assigned_user_id AS `assignedUserId`, REPLACE(NULLIF(TRIM(CONCAT(IFNULL(assignedUser.first_name, ''), ' ', IFNULL(assignedUser.middle_name, ''), ' ', IFNULL(assignedUser.last_name, ''))), ''), ' ', ' ') AS `assignedUserName`, portalUser.id AS `portalUserId`, REPLACE(NULLIF(TRIM(CONCAT(IFNULL(portalUser.first_name, ''), ' ', IFNULL(portalUser.middle_name, ''), ' ', IFNULL(portalUser.last_name, ''))), ''), ' ', ' ') AS `portalUserName`, originalLead.id AS `originalLeadId`, REPLACE(NULLIF(TRIM(CONCAT(IFNULL(originalLead.first_name, ''), ' ', IFNULL(originalLead.middle_name, ''), ' ', IFNULL(originalLead.last_name, ''))), ''), ' ', ' ') AS `originalLeadName`, contact.m_b_k_diploma_id AS `mBKDiplomaId`, mBKDiploma.name AS `mBKDiplomaName`, contact.vakopleiding_id AS `vakopleidingId`, vakopleiding.name AS `vakopleidingName`, contact.diploma_vakopleiding_id AS `diplomaVakopleidingId`, diplomaVakopleiding.name AS `diplomaVakopleidingName`, contact.v_o_g_id AS `vOGId`, vOG.name AS `vOGName` FROM `contact` AS `contact` LEFT JOIN `attachment` AS `mBKDiploma` ON contact.m_b_k_diploma_id = mBKDiploma.id LEFT JOIN `attachment` AS `diplomaVakopleiding` ON contact.diploma_vakopleiding_id = diplomaVakopleiding.id LEFT JOIN `attachment` AS `vOG` ON contact.v_o_g_id = vOG.id LEFT JOIN `vakopleiding` AS `vakopleiding` ON contact.vakopleiding_id = vakopleiding.id LEFT JOIN `lead` AS `originalLead` ON contact.id = originalLead.created_contact_id AND originalLead.deleted = 0 LEFT JOIN `campaign` AS `campaign` ON contact.campaign_id = campaign.id LEFT JOIN `account` AS `account` ON contact.account_id = account.id LEFT JOIN `user` AS `assignedUser` ON contact.assigned_user_id = assignedUser.id LEFT JOIN `user` AS `modifiedBy` ON contact.modified_by_id = modifiedBy.id LEFT JOIN `user` AS `createdBy` ON contact.created_by_id = createdBy.id LEFT JOIN `entity_email_address` AS `emailAddressesMultipleMiddle` ON contact.id = emailAddressesMultipleMiddle.entity_id AND emailAddressesMultipleMiddle.deleted = 0 AND emailAddressesMultipleMiddle.entity_type = 'Contact' LEFT JOIN `email_address` AS `emailAddressesMultiple` ON emailAddressesMultiple.id = emailAddressesMultipleMiddle.email_address_id AND emailAddressesMultiple.deleted = 0 LEFT JOIN `account_contact` AS `accountContactPrimary` ON contact.id = accountContactPrimary.contact_id AND contact.account_id = accountContactPrimary.account_id AND accountContactPrimary.deleted = 0 LEFT JOIN `entity_email_address` AS `emailAddressesMiddle` ON contact.id = emailAddressesMiddle.entity_id AND emailAddressesMiddle.deleted = 0 AND emailAddressesMiddle.primary = 1 AND emailAddressesMiddle.entity_type = 'Contact' LEFT JOIN `email_address` AS `emailAddresses` ON emailAddresses.id = emailAddressesMiddle.email_address_id AND emailAddresses.deleted = 0 LEFT JOIN `entity_phone_number` AS `phoneNumbersMiddle` ON contact.id = phoneNumbersMiddle.entity_id AND phoneNumbersMiddle.deleted = 0 AND phoneNumbersMiddle.primary = 1 AND phoneNumbersMiddle.entity_type = 'Contact' LEFT JOIN `phone_number` AS `phoneNumbers` ON phoneNumbers.id = phoneNumbersMiddle.phone_number_id AND phoneNumbers.deleted = 0 LEFT JOIN `user` AS `portalUser` ON contact.id = portalUser.contact_id AND portalUser.deleted = 0 WHERE (((contact.first_name = 'K. (KNof)') AND (contact.last_name = 'Knuster')) OR ((emailAddressesMultiple.lower = 'hans@dykema.nl'))) AND contact.deleted = 0 LIMIT 0, 1 3576 Quit ```",https://github.com/espocrm/espocrm/issues/3144,2024-09-13T16:03:27Z,"repo:espocrm/espocrm is:issue (""follow up"" OR reminder OR inbox OR lead OR appointment OR invoice)","{""comments"": 20, ""eligibility_rule"": ""Issue from predeclared mature OSS product repo; text>=100; domain term in title/body; native issue ID"", ""native_id"": 2525170619, ""node_id"": ""I_kwDOAXU4sc6Wgwu7"", ""record_sha256"": ""51c273d388d878281c331840e2e786a165279c333f6b25e75f040305ad124b01"", ""repository"": ""espocrm/espocrm"", ""retrieved_at"": ""2026-07-19"", ""state"": ""closed""}"
821cf8f56baaae5f,Trusted OSS Issues,issue,Feature request: Mass print from list view,"Dear ERPNext team, a feature that is very very important for us is to be able to select multiple sales invoices, delivery notes and print all of them at once. I assume this should be now easy to have as the server side HTML generating code works well now. Best, Amin from Fritzing --- Want to back this issue? **[Place a bounty on it!](https://www.bountysource.com/issues/988740-feature-request-mass-print-from-list-view?utm_campaign=plugin&utm_content=tracker%2F266088&utm_medium=issues&utm_source=github)** We accept bounties via [Bountysource](https://www.bountysource.com/?utm_campaign=plugin&utm_content=tracker%2F266088&utm_medium=issues&utm_source=github).",https://github.com/frappe/erpnext/issues/897,2013-09-25T11:50:56Z,"repo:frappe/erpnext is:issue (""follow up"" OR reminder OR inbox OR lead OR appointment OR invoice)","{""comments"": 19, ""eligibility_rule"": ""Issue from predeclared mature OSS product repo; text>=100; domain term in title/body; native issue ID"", ""native_id"": 20036856, ""node_id"": ""MDU6SXNzdWUyMDAzNjg1Ng=="", ""record_sha256"": ""e237b1f1a35ed0748f9f8b83d43b80e2b60c93ffd71bbdc4ed3aaae35f743167"", ""repository"": ""frappe/erpnext"", ""retrieved_at"": ""2026-07-19"", ""state"": ""closed""}"
7f3005f4896dbf20,Trusted OSS Issues,issue,Clickthrough error - string is not a seriazelized array,"## Bug Description After sending emails that contains tracked links I often see such error messages in the log. Not all clicks end up in errors like this. So far I could not figure out what leads to this kind of clickthrough error. Mautic is behind proxy, runs in docker container Locale is set to hungarian UTF-8 | Q | A | --- | --- | Mautic version | 2.14.1 (still an issue on 4.4.x) | PHP version | 7.0.28 | Browser | Firefox 62.0.3 ### Steps to reproduce 1. Create segment mail with tracked link 2. Send mail to multiple recipients 3. Wait for incoming clicks ### Log errors `[2018-10-15 14:49:21] mautic.CRITICAL: Uncaught PHP Exception InvalidArgumentException: ""The string ,f.&..U""0U{,f....{f. ..{.f.lzfj{z.f0.n...lzfj{f.4W.&..e.u/6t..ug.dd..dg.t.dtW.&..W92,..vz..ddd.dcW.&. zW0.,.a0..dzdg;f...{.f.h= = is not a serialized array."" at /var/www/html/app/bundles/CoreBundle/Helper/ClickthroughHelper.php line 42 []` [//]: # ( Invisible comment: Please check for related errors in the latest log file in [mautic root]/app/log/ and/or the web server's logs and post them here. Be sure to remove sensitive information if applicable. ) --- Want to back this issue? **[Post a bounty on it!](https://app.bountysource.com/issues/65155356-clickthrough-error-string-is-not-a-seriazelized-array?utm_campaign=plugin&utm_content=tracker%2F5355074&utm_medium=issues&utm_source=github)** We accept bounties via [Bountysource](https://app.bountysource.com/?utm_campaign=plugin&utm_content=tracker%2F5355074&utm_medium=issues&utm_source=github).",https://github.com/mautic/mautic/issues/6775,2018-10-24T11:13:08Z,"repo:mautic/mautic is:issue (""follow up"" OR reminder OR inbox OR lead OR appointment OR invoice)","{""comments"": 47, ""eligibility_rule"": ""Issue from predeclared mature OSS product repo; text>=100; domain term in title/body; native issue ID"", ""native_id"": 373429628, ""node_id"": ""MDU6SXNzdWUzNzM0Mjk2Mjg="", ""record_sha256"": ""787a2b18c73bcf98c9664e6161c9c7c56a34467db23bff1b31c2824d6398dcde"", ""repository"": ""mautic/mautic"", ""retrieved_at"": ""2026-07-19"", ""state"": ""closed""}"
b57a4961d9fc37e0,Trusted OSS Issues,issue,Feature Request: .ics URLs for Reminders and Birthdays,"**Is your feature request related to a problem?** Monica already has WebDAV Support. However, i would be happy if Monica would also offer ical/`.ics`-support. My reasons: - Some clients have a better ics integration instead of webdav (e.g. many web clients) - Is easier to set up than WebDav (ics only needs a secret URL, no separate credentials) - Has read-only access by default, that's enough for me **Describe the solution you'd like** - New setting under: `/settings/ical` (similar to `/settings/dav`) - A url for reminders - A url for birthdays - Optional: A third URL with both - Url should be secret, not guessable (maybe with username and read only api key in url)",https://github.com/monicahq/monica/issues/2891,2019-08-11T13:13:40Z,repo:monicahq/monica is:issue (task OR pipeline OR customer OR quote OR order OR payment),"{""comments"": 13, ""eligibility_rule"": ""Issue from predeclared mature OSS product repo; text>=100; domain term in title/body; native issue ID"", ""native_id"": 479368847, ""node_id"": ""MDU6SXNzdWU0NzkzNjg4NDc="", ""record_sha256"": ""6f0c7def442515bb7530e4704fda7abb11a275fda6b795f4ffe9e3e3aea06b29"", ""repository"": ""monicahq/monica"", ""retrieved_at"": ""2026-07-19"", ""state"": ""open""}"
8b73b300427c77d2,Trusted OSS Issues,issue,postgres:5432 - no response Self hosted Docker,"**Describe the bug** Running ```docker-compose run --rm rails bundle exec rails db:reset``` fails with the following logs. ``` echo 'Waiting for postgres to become ready....' Waiting for postgres to become ready.... + docker/entrypoints/helpers/pg_database_url.sh + export 'POSTGRES_PORT=5432' + PG_READY='pg_isready -h postgres -p 5432 -U postgres' + pg_isready -h postgres -p 5432 -U postgres postgres:5432 - no response + sleep 2 + pg_isready -h postgres -p 5432 -U postgres postgres:5432 - no response + sleep 2 + pg_isready -h postgres -p 5432 -U postgres postgres:5432 - no response + sleep 2 + pg_isready -h postgres -p 5432 -U postgres postgres:5432 - no response + sleep 2 ``` **To Reproduce** Steps to reproduce the behavior: 1. Follow the steps here in a a fresh folder: https://www.chatwoot.com/docs/installation-guide-docker **Expected behavior** The app should be accessible at localhost:3000 **Screenshots** NA **Browser logs** NA **Server logs** ``` Creating chatwoot_mailhog_1 ... done Creating chatwoot_redis_1 ... done Creating chatwoot_postgres_1 ... done Creating chatwoot_webpack_1 ... done Creating chatwoot_sidekiq_1 ... done Creating chatwoot_rails_run ... done + rm -rf /app/tmp/pids/server.pid + rm -rf '/app/tmp/cache/*' + echo 'Waiting for postgres to become ready....' Waiting for postgres to become ready.... + docker/entrypoints/helpers/pg_database_url.sh + export 'POSTGRES_PORT=5432' + PG_READY='pg_isready -h postgres -p 5432 -U postgres' + pg_isready -h postgres -p 5432 -U postgres postgres:5432 - no response + sleep 2 + pg_isready -h postgres -p 5432 -U postgres postgres:5432 - no response + sleep 2 + pg_isready -h postgres -p 5432 -U postgres postgres:5432 - no response + sleep 2 + pg_isready -h postgres -p 5432 -U postgres postgres:5432 - no response + sleep 2 ``` **Environment** Describe whether you are using Chatwoot Cloud (app.chatwoot.com) or a self hosted installation of Chatwoot. If you are using a self hosted installation of Chatwoot describe the type of deployment (Docker/Linux VM installation/Heroku): Self hosted with Docker **Desktop (please complete the following information):** - OS: [e.g. iOS] MacOS - Browser [e.g. chrome, safari] - Version [e.g. 22]: develop branch **Smartphone (please complete the following information):** - Device: [e.g. iPhone6] - OS: [e.g. iOS8.1] - Browser [e.g. stock browser, safari] - Version [e.g. 22] **Additional context** .env file ``` # Used to verify the integrity of signed cookies. so ensure a secure value is set SECRET_KEY_BASE=replace_with_lengthy_secure_hex # Replace with the URL you are planning to use for your app FRONTEND_URL=http://0.0.0.0:3000 # If the variable is set, all non-authenticated pages would fallback to the default locale. # Whenever a new account is created, the default language will be DEFAULT_LOCALE instead of en # DEFAULT_LOCALE=en # If you plan to use CDN for your assets, set Asset CDN Host ASSET_CDN_HOST= # Force all access to the app over SSL, default is set to false FORCE_SSL=false # This lets you control new sign ups on your chatwoot installation # true : default option, allows sign ups # false : disables all the end points related to sign ups # api_only: disables the UI for signup, but you can create sign ups via the account apis ENABLE_ACCOUNT_SIGNUP=false # Redis config REDIS_URL=redis://redis:6379 # If you are using docker-compose, set this variable's value to be any string, # which will be the password for the redis service running inside the docker-compose # to make it secure REDIS_PASSWORD=123456789 # Redis Sentinel can be used by passing list of sentinel host and ports e,g. sentinel_host1:port1,sentinel_host2:port2 REDIS_SENTINELS= # Redis sentinel master name is required when using sentinel, default value is ""mymaster"". # You can find list of master using ""SENTINEL masters"" command REDIS_SENTINEL_MASTER_NAME= # Postgres Database config variables POSTGRES_HOST=postgres POSTGRES_USERNAME=postgres POSTGRES_PASSWORD=postgres RAILS_ENV=development RAILS_MAX_THREADS=5 # Mail outgoing MAILER_SENDER_EMAIL=accounts@chatwoot.com SMTP_PORT=1025 SMTP_DOMAIN=chatwoot.com # if you are running docker-compose, set SMTP_ADDRESS value as ""mailhog"", # else set the value as ""localhost"" SMTP_ADDRESS=mailhog SMTP_USERNAME= SMTP_PASSWORD= SMTP_AUTHENTICATION= SMTP_ENABLE_STARTTLS_AUTO= # Mail Incoming # This is the domain set for the reply emails when conversation continuity is enabled MAILER_INBOUND_EMAIL_DOMAIN= # Set this to appropriate ingress channel with regards to incoming emails # Possible values are : # relay for Exim, Postfix, Qmail # mailgun for Mailgun # mandrill for Mandrill # postmark for Postmark # sendgrid for Sendgrid RAILS_INBOUND_EMAIL_SERVICE= # Use one of the following based on the email ingress service # Ref: https://edgeguides.rubyonrails.org/action_mailbox_basics.html RAILS_INBOUND_EMAIL_PASSWORD= MAILGUN_INGRESS_SIGNING_KEY= MANDRILL_INGRESS_API_KEY= # Storage ACTIVE_STORAGE_SERVICE=local # Amazon S3 # documentation: https://www.chatwoot.com/docs/configuring-s3-bucket-as-cloud-storage S3_BUCKET_NAME= AWS_ACCESS_KEY_ID= AWS_SECRET_ACCESS_KEY= AWS_REGION= # Sentry SENTRY_DSN= # Log settings # Disable if you want to write logs to a file RAILS_LOG_TO_STDOUT=true LOG_LEVEL=info LOG_SIZE=500 ### This environment variables are only required if you are setting up social media channels # Facebook # documentation: https://www.chatwoot.com/docs/facebook-setup FB_VERIFY_TOKEN= FB_APP_SECRET= FB_APP_ID= # Twitter # documentation: https://www.chatwoot.com/docs/twitter-app-setup TWITTER_APP_ID= TWITTER_CONSUMER_KEY= TWITTER_CONSUMER_SECRET= TWITTER_ENVIRONMENT= #slack integration SLACK_CLIENT_ID= SLACK_CLIENT_SECRET= ### Change this env variable only if you are using a custom build mobile app ## Mobile app env variables IOS_APP_ID=6C953F3RX2.com.chatwoot.app ### Smart App Banner # https://developer.apple.com/library/archive/documentation/AppleApplications/Reference/SafariWebContent/PromotingAppswithAppBanners/PromotingAppswithAppBanners.html # You can find your app-id in https://itunesconnect.apple.com #IOS_APP_IDENTIFIER=1495796682 ## Push Notification ## generate a new key value here : https://d3v.one/vapid-key-generator/ # VAPID_PUBLIC_KEY= # VAPID_PRIVATE_KEY= # # for mobile apps # FCM_SERVER_KEY= ## Bot Customizations USE_INBOX_AVATAR_FOR_BOT=true ## IP look up configuration ## ref https://github.com/alexreisner/geocoder/blob/master/README_API_GUIDE.md ## works only on accounts with ip look up feature enabled # IP_LOOKUP_SERVICE=geoip2 # maxmindb api key to use geoip2 service # IP_LOOKUP_API_KEY= ## Development Only Config # if you want to use letter_opener for local emails # LETTER_OPENER=true ``` Add any other context about the problem here.",https://github.com/chatwoot/chatwoot/issues/1704,2021-01-29T15:20:55Z,"repo:chatwoot/chatwoot is:issue (""follow up"" OR reminder OR inbox OR lead OR appointment OR invoice)","{""comments"": 26, ""eligibility_rule"": ""Issue from predeclared mature OSS product repo; text>=100; domain term in title/body; native issue ID"", ""native_id"": 796966152, ""node_id"": ""MDU6SXNzdWU3OTY5NjYxNTI="", ""record_sha256"": ""491745911ea3aa3a4320b01ce5c9fb820d9611f60916377c5aca9441c8c4c089"", ""repository"": ""chatwoot/chatwoot"", ""retrieved_at"": ""2026-07-19"", ""state"": ""closed""}"
4e8d2466b4904441,Trusted OSS Issues,issue,Count is extremely slow after MySQL 8.0,"## Problem 1. I have started using MySQL 8.0 for espocrm and turns out that any table that has JSON data/Text/mediumtext has slower response time for count when compared to 5.7. 2. [Here](https://github.com/espocrm/espocrm/blob/7980887e504f445bb8d84abe738b32124354be1f/application/Espo/Services/Record.php#L1129) the query is time consuming. ## Comparison: This sample is from a real database with proper fields and values. I have one field called additionalInformation which contains large data in JSON. ```mysql mysql> select count(id) from lead; +-----------+ | count(id) | +-----------+ | 658498 | +-----------+ 1 row in set (39.45 sec) mysql> select id from lead; +-----------+ | id | +-----------+ | some number of entries | +--------------------+ 658498 rows in set (0.62 sec) ``` ## Suggestion To count entries just query for primary key without limit and get all the entries. The `$pdo->rowcount ` should give the required result as shown in the second query of comparison. Or you can use information_schema database to get count, I think. Open to any other solution. But please try to avoid using `count` as it is slow.",https://github.com/espocrm/espocrm/issues/1556,2020-01-08T10:26:37Z,"repo:espocrm/espocrm is:issue (""follow up"" OR reminder OR inbox OR lead OR appointment OR invoice)","{""comments"": 7, ""eligibility_rule"": ""Issue from predeclared mature OSS product repo; text>=100; domain term in title/body; native issue ID"", ""native_id"": 546772133, ""node_id"": ""MDU6SXNzdWU1NDY3NzIxMzM="", ""record_sha256"": ""86491641ad4efd724c0f32b04b4609c6f05801e7671fb888d2c04780ae7dc282"", ""repository"": ""espocrm/espocrm"", ""retrieved_at"": ""2026-07-19"", ""state"": ""closed""}"
90d1f1ea7aa4b1fc,Trusted OSS Issues,issue,[Feature Request] Amend document without cancelling.,"Amendment is a common day to day requirement, for updating existing document or correcting errors **Problem Faced under current scenario.** - Sales order cannot be amended if part delivery is made or material request / purchase order is linked to it. - Reason for amendment or changes made in amendment cannot be seen or apprehended. - E-mail communication or comments trail is lost with cancelled documents. - Attachments under existing documents are required to be relinked / uploaded. - End reports are not accurate where amendment is not possible and short close of order is done. ( suppose if we look at quantity ordered in past, it would not reflect actual quantity) **Possible Solution** Following restructuring of documents could be done. - Amendment should be possible without cancelling document. Amended document should be part of original document with revised document name. ( Explanation : Like currently changes made to document before submitting.) - Additional validation to amended documents. Eg. - For sales order, Reducing qty should be restricted to quantity already delivered. - For delivery note/Sales Invoice, Amendment accounting entry for difference. - Links to other doctypes, emails and attachments of original document to be carried forward to amended document.",https://github.com/frappe/erpnext/issues/11756,2017-11-28T11:02:23Z,"repo:frappe/erpnext is:issue (""follow up"" OR reminder OR inbox OR lead OR appointment OR invoice)","{""comments"": 20, ""eligibility_rule"": ""Issue from predeclared mature OSS product repo; text>=100; domain term in title/body; native issue ID"", ""native_id"": 277342734, ""node_id"": ""MDU6SXNzdWUyNzczNDI3MzQ="", ""record_sha256"": ""0d8066321180a7e2f91a3c34dc8a0ab03a1e9cda2572ebf6e6ce3426b6dabba3"", ""repository"": ""frappe/erpnext"", ""retrieved_at"": ""2026-07-19"", ""state"": ""closed""}"
8e291e6516905ccb,Trusted OSS Issues,issue,Mautic Create more than 64 indexes on MySQL (MySQL 1069 error),**Please DO NOT report security vulnerabilities here. Send them to security@mautic.com instead.** What type of report is this: | Q | A | ---| --- | Bug report? | Y | Feature request? | N | Enhancement? | N ## Description: Related to #4465 closed but not resolved issue. Mautic create an index to every custom field and causes MySQL maximum limit of 64 indexes (Error). MySQL [documentation](https://dev.mysql.com/doc/refman/8.0/en/innodb-restrictions.html) says: ### Maximums and Minimums - A table can contain a maximum of 1017 columns. Virtual generated columns are included in this limit. - A table can contain a maximum of 64 secondary indexes. - The index key prefix length limit is 3072 bytes for InnoDB tables Any chance to add an option on custom Field Screen (Add Index)? ## If a bug: | Q | A | --- | --- | Mautic version | 2.13.1 (or any) | PHP version | 7.1+ ### Steps to reproduce: 1. Create more then 65 fields on Mautic Custom Fields 2. Try to Upgrade Mutic or run migrations ### Log errors: ```Updating database schema... [Doctrine\DBAL\Exception\DriverException] An exception occurred while executing 'CREATE INDEX some_field_search ON leads (some_field)': SQLSTATE[42000]: Syntax error or access violation: 1069 Too many keys specified; max 64 keys allowed [Doctrine\DBAL\Driver\PDOException] SQLSTATE[42000]: Syntax error or access violation: 1069 Too many keys specified; max 64 keys allowed [PDOException] SQLSTATE[42000]: Syntax error or access violation: 1069 Too many keys specified; max 64 keys allowed doctrine:schema:update [--complete] [--dump-sql] [-f|--force] [--em [EM]] [-h|--help] [-q|--quiet] [-v|vv|vvv|--verbose] [-V|--version] [--ansi] [--no-ansi] [-n|--no-interaction] [-s|--shell] [--process-isolation] [-e|--env ENV] [--no-debug] [--] ``` _Please check for related errors in the latest log file in [mautic root]/app/log/ and/or the web server's logs and post them here. Be sure to remove sensitive information if applicable._,https://github.com/mautic/mautic/issues/6063,2018-05-08T15:50:21Z,"repo:mautic/mautic is:issue (""follow up"" OR reminder OR inbox OR lead OR appointment OR invoice)","{""comments"": 44, ""eligibility_rule"": ""Issue from predeclared mature OSS product repo; text>=100; domain term in title/body; native issue ID"", ""native_id"": 321244131, ""node_id"": ""MDU6SXNzdWUzMjEyNDQxMzE="", ""record_sha256"": ""f55c48bd1e38ab48754bf911cd0613f456471979b47b0977b1fbeda2a87e3700"", ""repository"": ""mautic/mautic"", ""retrieved_at"": ""2026-07-19"", ""state"": ""closed""}"
ba964a0b5aa730a3,Trusted OSS Issues,issue,"""No scheduled commands are ready to run."" on php artisan schedule:run","**Describe the bug** In order for the e-mail reminders to be sent, a cron job must be setup so that it runs the `php artisan schedule:run` every once in a while. In Heroku, this is done using the [Heroku Scheduler](https://devcenter.heroku.com/articles/scheduler): ![heroku_scheduler](https://user-images.githubusercontent.com/8835035/53105668-37ad7280-353a-11e9-95ca-dc5f04e3b3e2.png) However, in order to test it, I've tried running it manually using the Heroku built-in console, like so: ![tomgs-monica___heroku](https://user-images.githubusercontent.com/8835035/53105756-5f9cd600-353a-11e9-8b7d-327236d5ff5e.png) This is the result: ![tomgs-monica___heroku_and_monica_update_md_at_master_ _monicahq_monica](https://user-images.githubusercontent.com/8835035/53105517-f1581380-3539-11e9-9c90-968beca0eaac.png) If it's hard to read, it says `No scheduled commands are ready to run.` I've specifically set up a few contacts so that I'm reminded to contact them daily, and set the defualt time the reminders need to be sent at (via the Monica GUI settings) to an hour from now, waited the hour and then ran the command - and still, no reminders were sent. Running `heroku logs -a my-app` showed the same `No scheduled commands are ready to run.` as before. Thoughts on how to solve this? I thought this was a MailGun problem all long but it seems this has something to do with the reminders not being triggered at all.... **Screenshots** See above. **Which version are you using:** Monica v2.12.0 on a Heroku hobby dyno, running the heroku-16 stack",https://github.com/monicahq/monica/issues/2463,2019-02-20T16:11:31Z,repo:monicahq/monica is:issue (task OR pipeline OR customer OR quote OR order OR payment),"{""comments"": 10, ""eligibility_rule"": ""Issue from predeclared mature OSS product repo; text>=100; domain term in title/body; native issue ID"", ""native_id"": 412506841, ""node_id"": ""MDU6SXNzdWU0MTI1MDY4NDE="", ""record_sha256"": ""0498e60b9eb0ce5bd76dff7bd1ee33eac3666892bccf76fe0b99c011e63386d2"", ""repository"": ""monicahq/monica"", ""retrieved_at"": ""2026-07-19"", ""state"": ""closed""}"
966ae7c7b3d990b8,Trusted OSS Issues,issue,Verification e-mails for agents not being received,"Hi Guys **Describe the bug** Self-hosted server. I have noticed that none of the agent verification emails are being received (I also checked junk e-mails) regardless of the fact that the server confirms ""an e-mail has been sent"" I have created and configured an e-mail inbox, enabled SMTP and IMAP, and tested the channel. It works fine and I can receive e-mails and reply. So the connection between Chatwoot server and the mail server is working. Yet, the problem is with the verification e-mails to agents. **To Reproduce** Steps to reproduce the behavior: 1. Go to 'Agets' 2. Click on 'Edit' 3. Scroll down to 'reset Password' 4. Server confirms an e-mail with instructions has been sent **Expected behavior** An e-mail with the instructions should be received by the agent. **Server logs** Share the server logs to debug the issue further **Environment** Self hosted installation of Chatwoot. Linux 20.04 VM installation **Desktop (please complete the following information):** - OS: Windows - Browser Firefox - Version 98.0.1 **Additional context** Please see below .env mail configuration ` # The email from which all outgoing emails are sent MAILER_SENDER_EMAIL=chatwoot@OUR.DOMAIN #SMTP domain key is set up for HELO checking SMTP_DOMAIN=mail.OUR.DOMAIN # the default value is set ""mailhog"" and is used by docker-compose for development environments, # Set the value as ""localhost"" or your SMTP address in other environments SMTP_ADDRESS=mail.OUR.DOMAIN SMTP_PORT=25 SMTP_USERNAME=chatwoot@OUR.DOMAIN SMTP_PASSWORD=SOME.PASSWORD # plain,login,cram_md5 SMTP_AUTHENTICATION=login SMTP_ENABLE_STARTTLS_AUTO=false # Can be: 'none', 'peer', 'client_once', 'fail_if_no_peer_cert', see http://api.rubyonrails.org/classes/ActionMailer/Base.html SMTP_OPENSSL_VERIFY_MODE=none # Comment out the following environment variables if required by your SMTP server # SMTP_TLS= # SMTP_SSL= # Mail Incoming # This is the domain set for the reply emails when conversation continuity is enabled MAILER_INBOUND_EMAIL_DOMAIN=mail.OUR.DOMAIN `",https://github.com/chatwoot/chatwoot/issues/4193,2022-03-16T10:34:09Z,repo:chatwoot/chatwoot is:issue (task OR pipeline OR customer OR quote OR order OR payment),"{""comments"": 23, ""eligibility_rule"": ""Issue from predeclared mature OSS product repo; text>=100; domain term in title/body; native issue ID"", ""native_id"": 1170834863, ""node_id"": ""I_kwDODA66k85FyYWv"", ""record_sha256"": ""be8bc267ed47a045a1d95d2364247daa10f763c92ac9f01f16d547bda8456afc"", ""repository"": ""chatwoot/chatwoot"", ""retrieved_at"": ""2026-07-19"", ""state"": ""closed""}"
5a3a228511ced413,Trusted OSS Issues,issue,Lead Capture: Lead not created if duplicate contact exists,"I have two Lead Capture forms built, both of them have the ""Duplicate Check"" checkbox unchecked/disabled. Both forms seem to reject leads that have a duplicate email address. The lead is shown in the log, but the ""Is Lead Created"" checkbox is unchecked and no lead is created. I was able to circumvent this behavior by commenting out the section of code that checks for duplicates, however the 5.6.9 upgrade replaced my file and the issue still persists, so I thought I would report it.",https://github.com/espocrm/espocrm/issues/1387,2019-08-08T16:56:23Z,"repo:espocrm/espocrm is:issue (""follow up"" OR reminder OR inbox OR lead OR appointment OR invoice)","{""comments"": 8, ""eligibility_rule"": ""Issue from predeclared mature OSS product repo; text>=100; domain term in title/body; native issue ID"", ""native_id"": 478585860, ""node_id"": ""MDU6SXNzdWU0Nzg1ODU4NjA="", ""record_sha256"": ""e2d7bebf9dd61c43aee895964623caee0e810e8e3cf66181ed26fb9ff2ae9c0b"", ""repository"": ""espocrm/espocrm"", ""retrieved_at"": ""2026-07-19"", ""state"": ""closed""}"
94a63839996b6326,Trusted OSS Issues,issue,DIN 5008 Print Format,"**Is your feature request related to a problem? Please describe.** Standard Print Formats in ERPNext are not suitable for German market as some requirements are not sufficient. As a lot of invoices are still sent via paper in an envelope so we need the address to be visible in the envelopes windows. This is a country wide standard in A4 with certain boarder sizes etc. I noticed that using ""print"" in ERPNext and using PDF->Print make two different things. These should be synchronized. **Describe the solution you'd like** I'm looking forward to a standard business letter format following DIN 5008 https://de.wikipedia.org/wiki/DIN_5008 .It would be great if I where to able to use the drag & drop feature you have implemented in Print Format, though we would not need the description. The customer name will do, a description like ""customer"" set in front of the customers name is not necessary. In the German version you will also find the right mesurements https://de.wikipedia.org/wiki/DIN_5008 **Describe alternatives you've considered** We have had a custom made solution by @barredterra but he had trouble getting the right format into the system. It did some how work, but the regular print view was completely different to the one we see when generating the PDF. **Additional context** Furthermore especially on invoices it is recommended to have a subtotal at the end of the page which is carried forward to the next page. The final touch: Also it is sufficient to have the company logo printed only on the first page. Many customers will even go so far to have pre-printed paper with their company logo and footer containing information like phone, address, website etc... Here are some references: https://rechnungen-muster.de/rechnungsvorlagen",https://github.com/frappe/erpnext/issues/19714,2019-11-27T18:23:08Z,repo:frappe/erpnext is:issue (task OR pipeline OR customer OR quote OR order OR payment),"{""comments"": 32, ""eligibility_rule"": ""Issue from predeclared mature OSS product repo; text>=100; domain term in title/body; native issue ID"", ""native_id"": 529508703, ""node_id"": ""MDU6SXNzdWU1Mjk1MDg3MDM="", ""record_sha256"": ""3aeeb88d3ff354958ca68785b21d6c5885bafc76b033ff60c6906579a0407b46"", ""repository"": ""frappe/erpnext"", ""retrieved_at"": ""2026-07-19"", ""state"": ""closed""}"
9a05af60e405b804,Trusted OSS Issues,issue,Recurring Campaigns / Repeating Tasks,"[Feature request] In a campaign, if a lead triggers action ""Change Campaigns -> Remove Lead From -> This Campaign"" then the lead's ""track record"" of actions, decisions and conditions from this given campaign gets nullified. If the lead now gets added to the source of this campaign again, it starts campaign afresh. This will allow recurring campaigns or re-using the campaign repeatedly, based on condition. At present, actions inside campaigns run only once. This prevents campaigns to work as recurrent ones, a lead can't re-use the same campaign logic path from the beginning, if it has already passed through this campaign path. The lack of this functionality has been mentioned [here](https://www.mautic.org/community/index.php/1523-recurring-campaign-scheduler) and [here](https://www.mautic.org/community/index.php/1012-campaign-does-not-restart). Does this sound like a realistic feature to implement? There are many use cases like repeating follow-up emails (every time a person buys an item), routine reminder letters (like ""we never ask you for a password""), recurring account maintenance checks (""please update your account info""), repeating on-action ""thank you letters"", on-action confirmation letters, basically, any condition-based or smart list-based recurring task. I think it can not be implemented with the present Mautic functionality, correct me please if there is a workaround. Otherwise, big thank you for your work and congrats with Mautic success!",https://github.com/mautic/mautic/issues/1606,2016-04-16T22:01:25Z,repo:mautic/mautic is:issue (task OR pipeline OR customer OR quote OR order OR payment),"{""comments"": 84, ""eligibility_rule"": ""Issue from predeclared mature OSS product repo; text>=100; domain term in title/body; native issue ID"", ""native_id"": 148897141, ""node_id"": ""MDU6SXNzdWUxNDg4OTcxNDE="", ""record_sha256"": ""f8ac6e29b3b56a86cef07ce9c1ed81a909d97dfbc19dd0106ccc6e1f826aa52e"", ""repository"": ""mautic/mautic"", ""retrieved_at"": ""2026-07-19"", ""state"": ""closed""}"
c1a703d51f2833b8,Trusted OSS Issues,issue,Action Facade\Ignition\Http\Controllers\ExecuteSolutionController not defined,"**Describe the bug** I see a ""Action Facade\Ignition\Http\Controllers\ExecuteSolutionController not defined"" error when attempting to save a change to the ""Time of the day reminders should be sent"" in /settings. **Screenshots** ![1587237501_1218_18042020_1073x1433](https://user-images.githubusercontent.com/56796112/79669835-67bec880-8173-11ea-9356-724ab11d804b.png) **Which version are you using:** Docker, monica/monica:fpm, Version: 2.17.0. **Additional context** This error occurs with a fresh container. The steps taken before attempting to save the time are: 1. Stop all monica docker containers (`docker-compose down`) 1. Destroy all monica docker containers (`docker system prune --volumes`) 1. Start the database container, let it complete it's set up, then stop it (`docker-compose up db`) 1. Start the Monica, database, and web containers as detached (`docker-compose up -d monica web db`) 1. Create first user account (/register) 1. Run setup:production (`docker-compose exec -T monica php artisan setup:production --force`) 1. Remove log file with inappropriate file permissions, see #575 (`docker-compose exec -T monica rm /var/www/monica/storage/logs/laravel-2020-04-18.log`) 1. Visit the settings page (/settings) and attempt to update the ""Time of the day reminders should be sent"".",https://github.com/monicahq/monica/issues/3860,2020-04-18T19:26:36Z,"repo:monicahq/monica is:issue (""follow up"" OR reminder OR inbox OR lead OR appointment OR invoice)","{""comments"": 9, ""eligibility_rule"": ""Issue from predeclared mature OSS product repo; text>=100; domain term in title/body; native issue ID"", ""native_id"": 602533864, ""node_id"": ""MDU6SXNzdWU2MDI1MzM4NjQ="", ""record_sha256"": ""4bafec388920f91da0e51ed51ef2dacca84b5afc08d385b69c15b923ed9280df"", ""repository"": ""monicahq/monica"", ""retrieved_at"": ""2026-07-19"", ""state"": ""closed""}"
9abb23a95dbeb00c,Trusted OSS Issues,issue,[CW-1588] Email & attachments gets fetched again and again but no conversation is created,"**Describe the bug** A specific email gets fetched by an email inbox via IMAP but no conversation will be created. The worker will create the attachments in storage. The next time the worker fetches that specific email, all attachments will be created again and again. **Steps To Reproduce** Not sure whats wrong with the specific email. It is a newsletter email with lots of html and lots of images with a size of around 2.5Mb. Should I upload the raw email source code? **Expected behavior** Email should gets fetched via IMAP and a conversation should be created. Attachments should not get stored again and again every minute. **Screenshots** The email got received at 9:30. Disk usage increases. The email got resend multiple times to check whats wrong. At 11:30 the resent copies got deleted from the mail server. The original was kept but it got not fetched again. I guess because it fetches only the last n emails? After that disk usage gets normal again. **Server logs** I reproduced the bug by resending the email. The output is always the same: Fetching starts `Jul 21 11:19:02 ubuntu-fra1-01 chatwoot-worker.1[729]: I, [2022-07-21T11:19:02.102482 #729] INFO -- : [ActiveJob] [Inboxes::FetchImapEmailsJob] [f493e8da-6730-4a4d-b5d9-4ed0f5cdb85e] Performing Inboxes::FetchImapEmailsJob (Job ID: f493e8da-6730-4a4d-b5d9-4ed0f5cdb85e) from Sidekiq(low) enqueued at 2022-07-21T11:19:02Z with arguments: # >` Then attachments gets stored. I ommited most of them as they look the same. `Jul 21 11:19:05 ubuntu-fra1-01 chatwoot-worker.1[729]: I, [2022-07-21T11:19:05.058117 #729] INFO -- : [ActiveJob] [Inboxes::FetchImapEmailsJob] [f493e8da-6730-4a4d-b5d9-4ed0f5cdb85e] Disk Storage (1.1ms) Uploaded file to key: cwox63adqlkk9cntlf4uyefi771l (checksum: os3A30UZKHMt7k8ohl7HOg==)` `Jul 21 11:19:05 ubuntu-fra1-01 chatwoot-worker.1[729]: I, [2022-07-21T11:19:05.064246 #729] INFO -- : [ActiveJob] [Inboxes::FetchImapEmailsJob] [f493e8da-6730-4a4d-b5d9-4ed0f5cdb85e] Disk Storage (1.2ms) Uploaded file to key: a75rnsfpwko0cswmm6lf8c05jsw3 (checksum: sYFhRFkrO1fWZcO0i+Ys9A==)` Then there is an error `Jul 21 11:19:05 ubuntu-fra1-01 chatwoot-worker.1[729]: E, [2022-07-21T11:19:05.088996 #729] ERROR -- : [ActiveJob] [Inboxes::FetchImapEmailsJob] [f493e8da-6730-4a4d-b5d9-4ed0f5cdb85e] wrong number of arguments (given 0, expected 1..2)` And its done `Jul 21 11:19:05 ubuntu-fra1-01 chatwoot-worker.1[729]: I, [2022-07-21T11:19:05.097905 #729] INFO -- : [ActiveJob] [Inboxes::FetchImapEmailsJob] [f493e8da-6730-4a4d-b5d9-4ed0f5cdb85e] Performed Inboxes::FetchImapEmailsJob (Job ID: f493e8da-6730-4a4d-b5d9-4ed0f5cdb85e) from Sidekiq(low) in 2995.1ms` `Jul 21 11:19:05 ubuntu-fra1-01 chatwoot-worker.1[729]: 2022-07-21T11:19:05.098Z pid=729 tid=2ebd class=Inboxes::FetchImapEmailsJob jid=cf65b98fd059b7ee3feac2b7 elapsed=3.009 INFO: done` **Environment** Self hosted Linux VM installation on DigitalOcean. Installed with the installer according to the documentation. 4 vCPUs / 8 GB Memory / 80 GB Disk / FRA1 - Ubuntu 20.04 (LTS) x64 [CW-1588](https://linear.app/chatwoot/issue/CW-1588/email-and-attachments-gets-fetched-again-and-again-but-no-conversation)",https://github.com/chatwoot/chatwoot/issues/5081,2022-07-21T12:04:45Z,repo:chatwoot/chatwoot is:issue (task OR pipeline OR customer OR quote OR order OR payment),"{""comments"": 23, ""eligibility_rule"": ""Issue from predeclared mature OSS product repo; text>=100; domain term in title/body; native issue ID"", ""native_id"": 1313153185, ""node_id"": ""I_kwDODA66k85ORSCh"", ""record_sha256"": ""5b36d68a5985f1b1e0b10bd7d83d2dac9aff659e9aa2f74413ad910c075b1364"", ""repository"": ""chatwoot/chatwoot"", ""retrieved_at"": ""2026-07-19"", ""state"": ""closed""}"
60eddb18dba74776,Trusted OSS Issues,issue,The used SELECT statements have a different number of columns,"**Describe the bug** The used SELECT statements have a different number of columns, problem since 7.4.0 **To Reproduce** Open Cases / Accounts / Contact Pages and a notification appears with error code 500 **tested on 4x EspoCRM Instances with same issue** **Webserver:** NGINX (latest Version) **MariaDB:** 10.11.2 **PHP:** 8.2.4 **Expected behavior** `[2023-04-06 12:12:59] ERROR: (21000) SQLSTATE[21000]: Cardinality violation: 1222 The used SELECT statements have a different number of columns; GET /Activities/Locations/63d84f1c8ba98e2d2/activities; line: 76, file: /home/www/radio/crm/application/Espo/ORM/Executor/DefaultSqlExecutor.php [2023-04-06 12:12:59] ERROR: (21000) SQLSTATE[21000]: Cardinality violation: 1222 The used SELECT statements have a different number of columns; GET /Activities/Locations/63d84f1c8ba98e2d2/history; line: 76, file: /home/www/radio/crm/application/Espo/ORM/Executor/DefaultSqlExecutor.php ` ![image](https://user-images.githubusercontent.com/1436958/230376566-5c16269d-978d-4348-bf16-b622e9869cf5.png) **EspoCRM version** 7.4.0",https://github.com/espocrm/espocrm/issues/2691,2023-04-06T12:18:08Z,repo:espocrm/espocrm is:issue (task OR pipeline OR customer OR quote OR order OR payment),"{""comments"": 34, ""eligibility_rule"": ""Issue from predeclared mature OSS product repo; text>=100; domain term in title/body; native issue ID"", ""native_id"": 1657318157, ""node_id"": ""I_kwDOAXU4sc5iyKsN"", ""record_sha256"": ""daf098d80daa739feb2143d139f861f9f4d95db1a2374c12ad07659a7586cf7f"", ""repository"": ""espocrm/espocrm"", ""retrieved_at"": ""2026-07-19"", ""state"": ""closed""}"
9ea7f336253b7ba1,Trusted OSS Issues,issue,Multi-currency per account,"- [x] Add Account Currency to Account & Party - [x] Add Debit (in Alt Currency) and Credit (in Alt Currency) to GL Entry - [x] [validation] Do not allow currency to change if any transaction has been made for both Party and Account - [x] Currency input on creation of account from Chart of Accounts - [x] In GL Entry posting, also post in alternate currency if party and account currencies are alt and match - [x] Currency in Party and Account (Debtors) must match - [x] In Journal Entry, on selection of account, select currency for the row. - [x] In Journal Entry, Sales Invoice, Purchase Invoice post to default currency (DC) (based on exchange rate) and Account Currency (AC) - [x] Fetch Exchange rate in Journal Entry based on average exchange_rate in case of inter-bank transfer, otherwise fetch current exchange rate - [x] Currency in transactions must be either in party currency or company currency - [x] All selected accounts in a transaction must be with transaction currency or in company currency - [x] Invoice outstanding, advance amount in party account currency - [x] Invoice paid amount and write off amount in both company currency and transaction currency - [x] Patch for Outstanding, Paid, advance, write-off amount - [x] Payment Tool in party currency - [x] Accounting Currency in Customer / Supplier, patch for existing records - [x] Force to mention Receivable / Payable account in Customer/Supplier, if party account currency is different from company currency - [x] Show Receivable / Payable accounts, in accounting currency for customer/supplier and validate - [x] Update ""Advance Paid"" in Order, based on party account currency, validate with grand total based on currency - [x] Test Case - [x] Patch - Set `currency` in Account, GL Entry, Journal Entry - Update `base_paid_amount`, `base_write_off_amount`, `party_account_currency` value in sales / purchase invoice - Update Exchange Rate, debit/credit in account currency in Journal Entry and GL Entry - Set Accounting Currency for party - Set party account if default currency of party other than company's default currency - [x] Reports: Show Balance in account currency if filtered by account and account currency is different from company currency - General Ledger - Receivable - Payable - [ ] Reports: Show all balances in company currency based on exchange rate as on filter - Trial Balance - Balance Sheet - P&L - Financial Analytics - [x] Update manual - [x] Add multi currency data in erpnext-demo - [x] Set currency and exchange rate based on customer in Quotation while making from Opportunity - [x] Set currency and exchange rate based on Supplier in Supplier Quotation / Purchase Order while making from Material Request #### Inter-currency Conversion Account Debit Credit Debit (Alt) Credit (Alt) Paypal (USD) 6000 $100 Bank (INR) 6100 Exchange Gain / Loss (INR) 100 --- Want to back this issue? **[Place a bounty on it!](https://www.bountysource.com/issues/1046072-multi-currency-per-account?utm_campaign=plugin&utm_content=tracker%2F266088&utm_medium=issues&utm_source=github)** We accept bounties via [Bountysource](https://www.bountysource.com/?utm_campaign=plugin&utm_content=tracker%2F266088&utm_medium=issues&utm_source=github).",https://github.com/frappe/erpnext/issues/1002,2013-10-26T07:45:04Z,repo:frappe/erpnext is:issue (task OR pipeline OR customer OR quote OR order OR payment),"{""comments"": 36, ""eligibility_rule"": ""Issue from predeclared mature OSS product repo; text>=100; domain term in title/body; native issue ID"", ""native_id"": 21629646, ""node_id"": ""MDU6SXNzdWUyMTYyOTY0Ng=="", ""record_sha256"": ""1ab51eff7a7b2d6243819fc9991caf9386273bfec802150cb435d45df14f219d"", ""repository"": ""frappe/erpnext"", ""retrieved_at"": ""2026-07-19"", ""state"": ""closed""}"
a332d0ad26a1d35a,Trusted OSS Issues,issue,"Allow using the same point action multiple times per lead for multiple emails, page hit URLs, etc","Hi, I did set up points per action - opening email = + 2 points. But points are added to lead just for first time. It does not matter if lead opens 1 or 10 emails --> lead still get same points for opening just first email. How do I set it up that points are added every time lead opens sent email? Thanks, Jacob",https://github.com/mautic/mautic/issues/929,2015-09-22T14:04:31Z,repo:mautic/mautic is:issue (task OR pipeline OR customer OR quote OR order OR payment),"{""comments"": 27, ""eligibility_rule"": ""Issue from predeclared mature OSS product repo; text>=100; domain term in title/body; native issue ID"", ""native_id"": 107721666, ""node_id"": ""MDU6SXNzdWUxMDc3MjE2NjY="", ""record_sha256"": ""9ee8e753b4ee295837363f9b9aee3a0b96e2c27e40078b828864033badae8a30"", ""repository"": ""mautic/mautic"", ""retrieved_at"": ""2026-07-19"", ""state"": ""closed""}"
c370b94dc7139881,Trusted OSS Issues,issue,No reminders e-mails,"Hi all, Currently, I am running MonicaHQ on my Synology DS418:Play (through Portainer). I have managed to set up the SMTP server, which works (i.e. I receive e-mails when inviting users to the system). However, when setting a reminder for a certain person, I do not get any e-mails. I have already tried changing the time that the system sends the reminders. Monica Version: 2.18.0 environment: # generate with `pwgen -s 32 1` for instance: - APP_KEY= - DB_HOST=db - DB_DATABASE=monica_db - DB_USERNAME=monica-user - DB_PASSWORD=secret - MAIL_MAILER=smtp - MAIL_HOST=smtp.gmail.com - MAIL_PORT=587 - MAIL_ENCRYPTION=tls - MAIL_USERNAME= - MAIL_PASSWORD= - MAIL_FROM_ADDRESS= - MAIL_FROM_NAME=""Monica Personal CRM""",https://github.com/monicahq/monica/issues/4178,2020-06-24T14:12:22Z,"repo:monicahq/monica is:issue (""follow up"" OR reminder OR inbox OR lead OR appointment OR invoice)","{""comments"": 30, ""eligibility_rule"": ""Issue from predeclared mature OSS product repo; text>=100; domain term in title/body; native issue ID"", ""native_id"": 644648413, ""node_id"": ""MDU6SXNzdWU2NDQ2NDg0MTM="", ""record_sha256"": ""69fbfc3df938f47d3888571725a5e8df291888768ba2baaa2844f7af8b00d28e"", ""repository"": ""monicahq/monica"", ""retrieved_at"": ""2026-07-19"", ""state"": ""open""}"
a18dc022496cde45,Trusted OSS Issues,issue,feat: Custom Roles and Permissions,"At the moment chatwoot comes with predefined roles of `agents` and `administrators` which could be rigid for advanced use cases. # Changes Proposed - Ability to define custom roles like `manager`, `participants` etc - Ability to assign specific abilities to the account users based on the permissions available for the defined roles. # Permissions Ability to associate granular permissions for the following data objects to specific roles - Conversations - Contacts - Inboxes - Canned Resposes - ...etc",https://github.com/chatwoot/chatwoot/issues/4216,2022-03-18T14:06:56Z,"repo:chatwoot/chatwoot is:issue (""follow up"" OR reminder OR inbox OR lead OR appointment OR invoice)","{""comments"": 36, ""eligibility_rule"": ""Issue from predeclared mature OSS product repo; text>=100; domain term in title/body; native issue ID"", ""native_id"": 1173632580, ""node_id"": ""I_kwDODA66k85F9DZE"", ""record_sha256"": ""829994f568886d518d29954a1b180394135166b9ba18e6f9bb33dfecd9b41e1e"", ""repository"": ""chatwoot/chatwoot"", ""retrieved_at"": ""2026-07-19"", ""state"": ""open""}"
64d290ac48fc68dc,Trusted OSS Issues,issue,Translations: I can not find these tags in the .po file,"Hello everyone! These days I was doing an exogenous review of EspoCRM's Spanish translation and I found several problems 1. I am translating from the project in Poeditor.com (as they suggested a few days ago). But I had to review all the terms that the PO file has (more than 2500), because the contributions I made using Pull Request, had not been applied to the Spanish language (at least those of this last year). Anyway, it helped me to make corrections in many of them and improve the translation. 2. Some labels that can not be translated: this is because the labels are not in the PO file. On the other hand if they can be modified from the tag editor. Attached captures of each case: * Header of the field list ![0002](https://user-images.githubusercontent.com/110789/33528933-fcb3ee7a-d847-11e7-9a2c-38f12c470bdd.png) * ""Field"" tag when adding dynamic logic to a field ![0003](https://user-images.githubusercontent.com/110789/33528934-fcd5692e-d847-11e7-93cd-adacdab635fd.png) * Default label in the panels, from the design administrator ![0010](https://user-images.githubusercontent.com/110789/33528942-fe201f18-d847-11e7-9e36-ca53927c2348.png) * User field ""IsSuperAdmin"" ![0001](https://user-images.githubusercontent.com/110789/33528932-fc91c674-d847-11e7-80b6-0dc6d95f7d60.png) * ""Change Password"" label in the user profile actions menu ![0004](https://user-images.githubusercontent.com/110789/33528935-fcf56044-d847-11e7-867f-9e7250053ef2.png) * ""Send by email"" action of the article menu in the knowledge base ![0007](https://user-images.githubusercontent.com/110789/33528940-fdc6997a-d847-11e7-8676-03585225102e.png) * Title in the link to notifications (the image is not visible but it is displayed when there are notifications and you pass the mouse over the link) ![0009](https://user-images.githubusercontent.com/110789/33528941-fdf83886-d847-11e7-8148-f39eb6383440.png) 3. In the case of group accounts, very few labels / fields can be translated (they are not in the PO file). What strikes me is that I already have them in Spanish (?) * ![0005](https://user-images.githubusercontent.com/110789/33528936-fd194d60-d847-11e7-8ded-490a145411e6.png) * ![0005b](https://user-images.githubusercontent.com/110789/33528937-fd432e6e-d847-11e7-91a9-23e1e2b77b7d.png) * ![0006](https://user-images.githubusercontent.com/110789/33528938-fd66232e-d847-11e7-8be5-d91df110a3e4.png) * ![0006b](https://user-images.githubusercontent.com/110789/33528939-fd87d50a-d847-11e7-9ae1-2a314cb706f8.png) 4. Another problem that I found is that many of the new translations (new fields that are added, for example) are poorly translated or contain the original text in English. This makes it difficult to find new translations. In POEditor, the language es_MX has 98% of the translations but, from what I was seeing, 30% are the same phrases as in English. I do not know why this happens but it would be interesting if the new terms remain blank, this helps us identify them and translate them faster. Finally I want to thank all the work they do. It is a great CRM. I do not want this thing that I write to bother anyone, it's just my contribution. Let me know when you update the terms in POEditor so I finish the translations. Regards! Mauricio.",https://github.com/espocrm/espocrm/issues/727,2017-12-03T19:56:16Z,repo:espocrm/espocrm is:issue (task OR pipeline OR customer OR quote OR order OR payment),"{""comments"": 12, ""eligibility_rule"": ""Issue from predeclared mature OSS product repo; text>=100; domain term in title/body; native issue ID"", ""native_id"": 278813899, ""node_id"": ""MDU6SXNzdWUyNzg4MTM4OTk="", ""record_sha256"": ""a0878f8214530db80ad43c2c0ee3d32d45d48ddff44c939c3bfeba169f581e82"", ""repository"": ""espocrm/espocrm"", ""retrieved_at"": ""2026-07-19"", ""state"": ""closed""}"
bae8d14684a57718,Trusted OSS Issues,issue,[Gross Profit Report] Wrong calculation of buying amount,"### Information about bug Purchase Invoice: ![image](https://user-images.githubusercontent.com/52111700/183244857-85f8d606-e5d8-4853-b010-11558a792f2a.png) Sales Invoice: ![image](https://user-images.githubusercontent.com/52111700/183244912-8921292b-79fc-4010-a94d-a3e1033fdf82.png) Delivery Note: ![image](https://user-images.githubusercontent.com/52111700/183245022-e15fd21a-6bd2-4ee9-978d-4b87ad5f15dd.png) So far, We know that buying amount is 900, the selling amount is 100,000. So, the gross profit is 100,000 - 900 = 99,100. But as per ERPNext's Gross Profit report, it is only 99,000(attached video for ref). https://user-images.githubusercontent.com/52111700/183245282-30fd91c9-38aa-4c76-9e6d-630fa32550dd.mp4 ### Module accounts ### Version ERPNext: v13.36.2 (HEAD) Frappe Framework: v13.36.3 (HEAD) ### Installation method FrappeCloud ### Relevant log output / Stack trace / Full Error Message. _No response_",https://github.com/frappe/erpnext/issues/31786,2022-08-06T10:40:00Z,repo:frappe/erpnext is:issue (task OR pipeline OR customer OR quote OR order OR payment),"{""comments"": 22, ""eligibility_rule"": ""Issue from predeclared mature OSS product repo; text>=100; domain term in title/body; native issue ID"", ""native_id"": 1330718217, ""node_id"": ""I_kwDOABxyKc5PUSYJ"", ""record_sha256"": ""fa929c72c801566c192ed1a30c37683070c602f738b151e81b07e4439546d9c7"", ""repository"": ""frappe/erpnext"", ""retrieved_at"": ""2026-07-19"", ""state"": ""closed""}"
a8eacc86405e88f6,Trusted OSS Issues,issue,Leads no longer being created in SugarCRM,"[//]: # ( Invisible comment: IIIIIIIIIIIIIIIIIIIIIIIIIIIIIIIIIIIIIIIIIIIIIIIIII Before you create the issue: IIIIIIIIIIIIIIIIIIIIIIIIIIIIIIIIIIIIIIIIIIIIIIIIII Search for similar report among other reported issues. Learn how to troubleshoot at https://www.mautic.org/docs/en/tips/troubleshooting.html Use drag&drop to attach images or other files ) ## Bug Description I've had the SugarCRM plugin enabled on Mautic for a while and it's been working as expected. When a certain trigger is fired, a lead is created in SugarCRM. I recently updated to version 2.15.3 and since, I have had repeated notifications saying 'Failed to execute campaign event' and no users are being pushed through to SugarCRM as they previously had been. ### Other items of note: - The version of SugarCRM I'm using has not changed. - The only Mautic error appears to be: > mautic.NOTICE: PHP Notice - Undefined index: eventType - in file /app/bundles/CampaignBundle/Controller/EventController.php - at line 257 - SugarCRM reports no errors. In fact, it seems to indicate that a login was successful. - Could this be related to #7555 @npracht ? | Q | A | --- | --- | Mautic version | 2.15.3 | PHP version | 7.2.10 | Browser | N/A ### Steps to reproduce 1. Setup and configure SugarCRM 2. Add 'Sugar CRM' as a plugin in mautic and authorise it 3. Setup the contact mapping with required fields ### SugarCRM Log errors > [Tue Oct 29 10:55:11.620907 2019] [:error] [pid 22153:tid 140452163446528] [client xxx.xxx.x.x:xxxxx] PHP Notice: Undefined property: User::$default_team in /service/v4/SugarWebServiceImplv4.php on line 168 > [Tue Oct 29 10:55:11.621024 2019] [:error] [pid 22153:tid 140452163446528] [client xxx.xxx.x.x:xxxxx] PHP Notice: Undefined index: wl_list_max_entries_per_page in /service/v4/SugarWebServiceImplv4.php on line 177 > [Tue Oct 29 10:55:11.621056 2019] [:error] [pid 22153:tid 140452163446528] [client xxx.xxx.x.x:xxxxx] PHP Notice: Undefined index: wl_list_max_entries_per_subpanel in /service/v4/SugarWebServiceImplv4.php on line 178 I've added the above log lines from apache but I'm pretty sure they're irrelevant because they've existed alongside the plugin working. [//]: # ( Invisible comment: Please check for related errors in the latest log file in [mautic root]/app/log/ and/or the web server's logs and post them here. Be sure to remove sensitive information if applicable. )",https://github.com/mautic/mautic/issues/8040,2019-10-29T16:03:53Z,repo:mautic/mautic is:issue (task OR pipeline OR customer OR quote OR order OR payment),"{""comments"": 40, ""eligibility_rule"": ""Issue from predeclared mature OSS product repo; text>=100; domain term in title/body; native issue ID"", ""native_id"": 514035838, ""node_id"": ""MDU6SXNzdWU1MTQwMzU4Mzg="", ""record_sha256"": ""8d615e4a3870ec12b0e8d5bae78384a610319880f83bab7711305284152091f4"", ""repository"": ""mautic/mautic"", ""retrieved_at"": ""2026-07-19"", ""state"": ""closed""}"
cd02e12e784eed20,Trusted OSS Issues,issue,Docker instance behind reverse proxy uses incorrect App Url,"## Problem I'm trying to run an instance of MonicaHQ via Docker and behind a reverse proxy (Caddy), but when using the domain name I created for the app, it uses the wrong URL when getting resources. ## Context I created a subdomain like crm.domain.com that points to my server address. There, I have a Caddy instance in a Docker container that proxies requests from that subdomain to the IP of the MonicaHQ Docker container. This part works fine for the most part, as when I navigate to crm.domain.com in my browser I'm greeted by a semi-broken login page. The reason the login page is broken is that Monica is making requests to the Docker container IP instead of the App URL I set in the .env. I.e. instead of going to https://crm.domain.com/css/... it's going to http://172.17.0.6/css/... This breaks 1) because a https domain is trying to load http resources and 2) because 172.17.0.6 is the local IP of the Docker container on my server and is not publicly accessible. ## Attempted Fixes I pulled down the Monica source and modified `scripts/docker/000-default.conf` to set the ServerName directive, then tried building the container and running. That still didn't work as I saw the httpd warning about it unable to figure out the domain name and using 172.17.0.6 as the backup. I then exec'd into the running container and modified `/etc/apache2/httpd.conf` and set the ServerName directive there. When running `httpd` from inside the container, it would no longer show the error about ServerName not being set. However, the issue persists. I also tried setting `APP_TRUSTED_PROXIES=*` in my .env but still no dice. Any ideas on where to go from here?",https://github.com/monicahq/monica/issues/2197,2018-12-24T22:30:15Z,"repo:monicahq/monica is:issue (""follow up"" OR reminder OR inbox OR lead OR appointment OR invoice)","{""comments"": 15, ""eligibility_rule"": ""Issue from predeclared mature OSS product repo; text>=100; domain term in title/body; native issue ID"", ""native_id"": 393935057, ""node_id"": ""MDU6SXNzdWUzOTM5MzUwNTc="", ""record_sha256"": ""c570a81d22490edc516b445fcdafb023e2a1a7cc472a8e48b294feeb0f9dca65"", ""repository"": ""monicahq/monica"", ""retrieved_at"": ""2026-07-19"", ""state"": ""closed""}"
cfc1d350466e0c5e,Trusted OSS Issues,issue,KANBAN-style Conversation Manager with triggers,"### Is your feature or enhancement related to a problem? Please describe. KANBAN-style Conversation Manager with triggers from each Kanban stage along with Bookmarks/Tags ### Describe the solution you'd like KANBAN-style Conversation Manager with triggers from each Kanban phase along with Markers/Tags. To facilitate the use and administration of each conversation, the kanban style gives a view of each stage and how many leads are in each stage. Or what stage of the customer service journey the customer is in. The function of triggers for each step (marked or tags) in the Kanban style would facilitate usability by lay users and thus gain more adherence to the tool. Triggers can be integrations with webhook, email, sms, bot, phase/tag/status change; How much would it cost developers to put this on the roadmap? $$$? ### Describe alternatives you've considered _No response_ ### Additional context _No response_",https://github.com/chatwoot/chatwoot/issues/7528,2023-07-14T22:55:47Z,repo:chatwoot/chatwoot is:issue (task OR pipeline OR customer OR quote OR order OR payment),"{""comments"": 25, ""eligibility_rule"": ""Issue from predeclared mature OSS product repo; text>=100; domain term in title/body; native issue ID"", ""native_id"": 1805688321, ""node_id"": ""I_kwDODA66k85roJ4B"", ""record_sha256"": ""7b1f37297fde3e561a16e310efe5a27374534a30ad1a8c18714361967c3c31b5"", ""repository"": ""chatwoot/chatwoot"", ""retrieved_at"": ""2026-07-19"", ""state"": ""open""}"
699e5ff6a7214912,Trusted OSS Issues,issue,=?UTF-8?Q? in e-mail headers,"**Describe the bug** When sending e-mails, Espo is adding =?UTF-8?Q? and other non-printable characters into 'From' and 'Subject' fields of the header. **To Reproduce** 1. Send an e-mail via formula or via 'Send Test Email' button 2. Look at headers of received e-mail **Expected behavior** The e-mail header fields from and subject should contain plain characters as long as no special non-utf8/ascii characters have been entered by the user. **Actual behavior** 1. The issue only affects the 'from' field when you set a 'from name' in Espo. 3. The issue seems to affect the subject as well (regardless whether 'from name' is filled or not) 4. The behavior does not depend on special characters in the 'from name'. Using a simple one like 'asd' also causes it, please see screenshots. 5. [not an important issue, but noticed during testing] If you enter a 'from name' in outbound settings, then save, then reload the page, then delete the contents of the 'from name' field, then click 'Send Test Email', the system still sends the 'from name' you had before **Screenshots** E-Mail addresses have been hidden. They are correct though and do not contain faulty characters. ![utf8_from](https://github.com/espocrm/espocrm/assets/43390818/b7c3904e-f1b8-4d56-9d75-4e6d39e1da36) 'from name' has been set​ ![simple_from](https://github.com/espocrm/espocrm/assets/43390818/8a153be0-fc8e-45cf-8785-c7f0e9b29b83) no 'from name' has been set **EspoCRM version** 8.0.4 **Additional context** I have replied to another user in the forum who seems to have the same issue but I think my post there might not be very visible. https://forum.espocrm.com/forum/general/78024-cryptic-from-sender-in-e-mails ​I think the words have somehow been double or unnecessarily encoded. This will trigger some spam guards as this technique is sometimes used by spammers. If I understand correctly (but please don't quote me on it ), the email currently does not follow strict RFC5322 standards https://datatracker.ietf.org/doc/html/rfc5322#section-3.4 An improvement might be to only perform the current encoding if non-standard-ASCII characters are encountered. A few possibly useful links: https://security.stackexchange.com/a/213477 https://stackoverflow.com/a/55210089 ​I think the issue might occur here (haven't debugged yet though) https://github.com/espocrm/espocrm/blob/master/application/Espo/Core/Mail/Sender.php#L569​",https://github.com/espocrm/espocrm/issues/2923,2023-12-13T15:38:05Z,"repo:espocrm/espocrm is:issue (""follow up"" OR reminder OR inbox OR lead OR appointment OR invoice)","{""comments"": 10, ""eligibility_rule"": ""Issue from predeclared mature OSS product repo; text>=100; domain term in title/body; native issue ID"", ""native_id"": 2039971173, ""node_id"": ""I_kwDOAXU4sc55l31l"", ""record_sha256"": ""4dab0eb97ed30a345b30afd81a4658e74144a70ec806d87e6b06f2e58fca1e89"", ""repository"": ""espocrm/espocrm"", ""retrieved_at"": ""2026-07-19"", ""state"": ""closed""}"
bf4e4c41de70a936,Trusted OSS Issues,issue,Import Bank Statement,"- [x] New DocType ""Import Bank Statement"" - [ ] Download Template ""Date, Ref No, Description, Debit, Credit"" - [x] Upload - [x] Sync --- Sync Logic: - If Ref No is found in existing JV then update ""Actual Date"" (Bank Reco) - Else trying finding Invoice (Sales or Purchase) against which payment is made / received. - Find exact amount, if found, find closes match of customer and create JV - Make JV against (Accounts Payable, Receivable) and found exact Customer / Supplier then add party account, else leave blank",https://github.com/frappe/erpnext/issues/2184,2014-09-12T09:04:44Z,repo:frappe/erpnext is:issue (task OR pipeline OR customer OR quote OR order OR payment),"{""comments"": 21, ""eligibility_rule"": ""Issue from predeclared mature OSS product repo; text>=100; domain term in title/body; native issue ID"", ""native_id"": 42609586, ""node_id"": ""MDU6SXNzdWU0MjYwOTU4Ng=="", ""record_sha256"": ""a188d443888238911af4bddd95dee26ddab55c4fa20c9fcf1ff376ef956a767d"", ""repository"": ""frappe/erpnext"", ""retrieved_at"": ""2026-07-19"", ""state"": ""closed""}"
ac66f055bda7adfa,Trusted OSS Issues,issue,Hubspot integration plugin - pull contacts - existing contacts not updated,"What type of report is this: | Q | A | ---| --- | Bug report? | YES | Feature request? | no | Enhancement? | no ## Description: Using Hubspot integration plugin under v2.9.2, direction ""pull from integration"" New Hubspot contacts are correctly populated in Mautic Existing (=email) Mautic contacts are not updated from Hubspot : all integration fields are left blank Checked and working : Plugin authentication with Hubspot API key + plugin published : OK Enabled : pull contacts from integration Choose what Hubspot Objects to pull data from : contacts Contact mapping : OK Cronjob OK Maybe a side effect of #4368 ? ## If a bug: | Q | A | --- | --- | Mautic version | v2.9.2 | PHP version | 7.0.11 ### Steps to reproduce: 1. Create new contact in Hubspot, populate core & custom fields 2. Modify existing contact in Hubspot that also exists (with same email) in Mautic 3. Run cronjob mautic:integration:fetchleads --integration=Hubspot Cronjob OK (see output below) : `Command to fetch contacts from integration Fetch contacts command is starting Fetching contacts... 121 contacts were updated and 1 contacts were created ` 4. Check in Mautic : new contact OK, existing contact not modified, custom fiels zeroed out. ### Log errors: _Please check for related errors in the latest log file in [mautic root]/app/log/ and/or the web server's logs and post them here. Be sure to remove sensitive information if applicable._ Since v2.9.2, errors logged for **all** Mautic custom fields, even if custom field is published. Exemple : `[2017-08-08 16:20:18] mautic.NOTICE: PHP Notice - Undefined index: zohosubprice - in file /var/www/xxx/app/bundles/LeadBundle/Entity/CustomFieldRepositoryTrait.php - at line 302 [] [] [2017-08-08 16:20:18] mautic.NOTICE: PHP Notice - Undefined index: [customfieldname] - in file ` No other errors showing in logs. Will be happy to provide more specifics. Best regards, Pierre",https://github.com/mautic/mautic/issues/4626,2017-08-09T11:26:41Z,"repo:mautic/mautic is:issue (""follow up"" OR reminder OR inbox OR lead OR appointment OR invoice)","{""comments"": 31, ""eligibility_rule"": ""Issue from predeclared mature OSS product repo; text>=100; domain term in title/body; native issue ID"", ""native_id"": 248999663, ""node_id"": ""MDU6SXNzdWUyNDg5OTk2NjM="", ""record_sha256"": ""cfe73eb2cc02e9aceb80db52db52c6539097ea868c34abe51fda536fa15e9903"", ""repository"": ""mautic/mautic"", ""retrieved_at"": ""2026-07-19"", ""state"": ""closed""}"
d5897d6299e9732e,Trusted OSS Issues,issue,Not receiving reminders,"Hi, This is a support request. (I am not a developer, just a user.) I set reminders to keep in touch with my contacts. I rely on them. But I'm not getting any of the reminders. Any idea why that is? Thanks, Adam",https://github.com/monicahq/monica/issues/5681,2021-11-04T11:43:23Z,"repo:monicahq/monica is:issue (""follow up"" OR reminder OR inbox OR lead OR appointment OR invoice)","{""comments"": 16, ""eligibility_rule"": ""Issue from predeclared mature OSS product repo; text>=100; domain term in title/body; native issue ID"", ""native_id"": 1044677411, ""node_id"": ""I_kwDOBOba2M4-RIMj"", ""record_sha256"": ""c37a992079059d7a653b09e2c375f8282d9f9409a06523771dc29d1bc155fa91"", ""repository"": ""monicahq/monica"", ""retrieved_at"": ""2026-07-19"", ""state"": ""open""}"
d2b41b7b1e8abbfd,Trusted OSS Issues,issue,WhatsApp Cloud API Issues,### Describe the bug There are 3 main issues right now I am facing with WhatsApp integration 1. Sending templated message works but its unable to show the customer name correctly. In Chatwoot UI the contact name is correctly shown however in the recipient its still showing {{ customer.name }} (Working partially) 2. Replying a templated message (from point 1 above) does not trigger webhook at all hence I am not able to see any reply in the Chatwoot UI. (Not working at all) 3. A customer initiating a message also doesnt seem to be triggering the webhook (Not working at all) ### To Reproduce Steps for each use cases in the above Sending template message 1. select send message button 2. select an inbox 3. select the template and fill up the `full_name` variable with ` {{ contact.name }} Customer replying a template message 1. Type in any text reply 2. In Chatwoot UI not showing any reply 3. webhook doesnt seem to get trigger upon checking the http log Customer initiating a message 1. Type and send any text message 2. In Chatwoot UI not showing any reply 3. webhook doesnt seem to get trigger upon checking the http log ### Expected behavior _No response_ ### Environment app.chatwoot.com ### Cloud Provider None ### Platform None ### Operating system _No response_ ### Browser and version _No response_ ### Docker (if applicable) _No response_ ### Additional context _No response_,https://github.com/chatwoot/chatwoot/issues/11725,2025-06-13T02:52:17Z,repo:chatwoot/chatwoot is:issue (task OR pipeline OR customer OR quote OR order OR payment),"{""comments"": 36, ""eligibility_rule"": ""Issue from predeclared mature OSS product repo; text>=100; domain term in title/body; native issue ID"", ""native_id"": 3142078713, ""node_id"": ""I_kwDODA66k867SFD5"", ""record_sha256"": ""4f2212aead6e67ef2ade51d83ada295a359e5cbc63c276606a7e24caafa82f6c"", ""repository"": ""chatwoot/chatwoot"", ""retrieved_at"": ""2026-07-19"", ""state"": ""open""}"
69e0a5579cb5e409,Trusted OSS Issues,issue,How to create field like in TASKS,"Hello. I want to create new module, but i can't create field to choose records from many modules. For example in Tasks i have field where i can choose Account, contact, lead, case and etc, but i don't know how to create that one.",https://github.com/espocrm/espocrm/issues/486,2017-04-07T14:46:35Z,repo:espocrm/espocrm is:issue (task OR pipeline OR customer OR quote OR order OR payment),"{""comments"": 37, ""eligibility_rule"": ""Issue from predeclared mature OSS product repo; text>=100; domain term in title/body; native issue ID"", ""native_id"": 220235862, ""node_id"": ""MDU6SXNzdWUyMjAyMzU4NjI="", ""record_sha256"": ""6f7436e7a8fef7feecdbeb0f7584752770cea01a27abe10d8a3a71a77de98250"", ""repository"": ""espocrm/espocrm"", ""retrieved_at"": ""2026-07-19"", ""state"": ""closed""}"
c31e98d1a70ef309,Trusted OSS Issues,issue,[ Feature Request ] New DocType for Call and Appointment,"""To do"" is not best way to manage **call** and **appointment**. I suggest to do this: - [ ] create ""call"" doctype: ( call type: in/out; call purpose: demo/support/commercial contact name: John Smith releted to: campaign (Google AdWords) call details: current call / completed call / schedule call call duration: 36m 46s note: best interest save time to manage document - [ ] create ""appointment"" doctype: title: get document location: Corso Garibaldi 3, 20143 Milan, Italy from: 18/09/2017 13:00 to: 18/09/2017 14:00 Partecipant: Me releted to: lead/contact/opportunity (ex. Giuseppe Lamatrice) - [ ] add ""call"" on lead and customer app - [ ] add ""appointment"" on lead and customer app -------------------------------------------------------------------------------------- **Call example:** ![image](https://user-images.githubusercontent.com/4445879/30536254-62a667fe-9c65-11e7-984a-8a7037ac8415.png) -------------------------------------------------------------------------------------- **Appointment example:** ![image](https://user-images.githubusercontent.com/4445879/30536568-96fdfd54-9c66-11e7-9953-de0cfff7e728.png) -------------------------------------------------------------------------------------- **Customer example:** ![image](https://user-images.githubusercontent.com/4445879/30537472-0f8efdd8-9c6a-11e7-8ee2-77645af79976.png)",https://github.com/frappe/erpnext/issues/10825,2017-09-18T09:45:52Z,repo:frappe/erpnext is:issue (task OR pipeline OR customer OR quote OR order OR payment),"{""comments"": 25, ""eligibility_rule"": ""Issue from predeclared mature OSS product repo; text>=100; domain term in title/body; native issue ID"", ""native_id"": 258421405, ""node_id"": ""MDU6SXNzdWUyNTg0MjE0MDU="", ""record_sha256"": ""f1f1fc04e28a9e5b1b0b2d375c008ab35552ec3218d5a4b53d5593f232d21d91"", ""repository"": ""frappe/erpnext"", ""retrieved_at"": ""2026-07-19"", ""state"": ""closed""}"
df19257e68883ece,Trusted OSS Issues,issue,Cannot remove Do Not Contact from contact profile page,"## Description Manually removing a contact's Do Not Contact status from the contact profile page appears to be broken. I believe this regression is due to a missed reference to the email 'do not email' list in `LeadBundle/Controller/AjaxController.php` during the #1513 review. ## Steps to reproduce 1. Manually set the 'Do Not Contact' status for a contact from the contact list page 2. View the contact profile, find the `Do Not Contact` button and attempt to clear it (https://cloudup.com/cNYuDz_1LIu) For me, this hangs and the error log shows ``` [2016-05-25 22:30:48] mautic.ERROR: Fatal: Call to a member function getLead() on null - in file /var/www/html/mautic/app/bundles/LeadBundle/Controller/AjaxController.php - at line 337 [] [] ```",https://github.com/mautic/mautic/issues/1798,2016-05-25T23:04:33Z,"repo:mautic/mautic is:issue (""follow up"" OR reminder OR inbox OR lead OR appointment OR invoice)","{""comments"": 26, ""eligibility_rule"": ""Issue from predeclared mature OSS product repo; text>=100; domain term in title/body; native issue ID"", ""native_id"": 156869636, ""node_id"": ""MDU6SXNzdWUxNTY4Njk2MzY="", ""record_sha256"": ""ac66623910617c07cfbce29bc13d7f12fd2c34cce074bad0bc135e60b14bb1ac"", ""repository"": ""mautic/mautic"", ""retrieved_at"": ""2026-07-19"", ""state"": ""closed""}"
df01dd8d1216d01a,Trusted OSS Issues,issue,Gift Date,"It would be nice to able to add a date to gifts. 1. For Gift already offered, this would be the date received. 1. For Gift idea, it could be the gift due date, or the date a reminder is supposed to go out? 1. If #122 (Gifts received) is implemented, that would be date received. The date field in each of these modes would be stored in the same column, they would just have different meanings given the gift context. Item 2 might need some more thought. Item 1 and item 3 are pretty straight forward. I came here for item 1, brainstormed and threw out the idea for items 2 & 3.",https://github.com/monicahq/monica/issues/154,2017-06-09T03:16:53Z,"repo:monicahq/monica is:issue (""follow up"" OR reminder OR inbox OR lead OR appointment OR invoice)","{""comments"": 9, ""eligibility_rule"": ""Issue from predeclared mature OSS product repo; text>=100; domain term in title/body; native issue ID"", ""native_id"": 234710985, ""node_id"": ""MDU6SXNzdWUyMzQ3MTA5ODU="", ""record_sha256"": ""ce78ffbfe90d8586ed2484557dcd58bb1bc937a5b822835ab78ac00bbd442742"", ""repository"": ""monicahq/monica"", ""retrieved_at"": ""2026-07-19"", ""state"": ""open""}"
d2f6c03bbdc294f9,Trusted OSS Issues,issue,Chatwoot is not receiving messages from WhatsApp Business Cloud.,"### Describe the bug I’m facing an issue where, despite properly configuring the WhatsApp Cloud API in Chatwoot with the update to Meta's v24 API, messages are not showing up in Chatwoot. I have successfully registered the inbox and set up the webhook with the necessary permissions in Meta's developers portal. Additionally, my Meta app is already published to avoid any issues, yet I still do not receive messages in Chatwoot. ### To Reproduce I am using Chatwoot version 4.8.0, self-hosted. However, I also tried the Cloud version of Chatwoot, and the problem persists. ### Expected behavior _No response_ ### Environment app.chatwoot.com ### Cloud Provider None ### Platform Browser ### Operating system _No response_ ### Browser and version _No response_ ### Docker (if applicable) _No response_ ### Additional context _No response_",https://github.com/chatwoot/chatwoot/issues/13097,2025-12-17T15:46:12Z,"repo:chatwoot/chatwoot is:issue (""follow up"" OR reminder OR inbox OR lead OR appointment OR invoice)","{""comments"": 20, ""eligibility_rule"": ""Issue from predeclared mature OSS product repo; text>=100; domain term in title/body; native issue ID"", ""native_id"": 3739440679, ""node_id"": ""I_kwDODA66k87e41Yn"", ""record_sha256"": ""b0a29f99356d939477a8197ca8d96da5a75d4cda896c02424bad98f569622f7d"", ""repository"": ""chatwoot/chatwoot"", ""retrieved_at"": ""2026-07-19"", ""state"": ""closed""}"
723a09439f987c7d,Trusted OSS Issues,issue,Issue with uploading files - bug?,"Hello. From time to time we're observing problems with attaching files to tasks. We saved some logs. > [2018-03-20 16:44:36] Espo.ERROR: API [GET]:.*, Params:Array ( ) , InputData: - [] [] > [2018-03-20 16:44:36] Espo.ERROR: Display Error: , Code: 404 URL: /?entryPoint=image&id=5aa1335341a674cda&size=medium [] [] > [2018-03-20 16:44:36] Espo.ERROR: Uncaught Exception Slim\Exception\Stop: """" at /home/user/domains/example.com/public_html/vendor/slim/slim/Slim/Slim.php line 1022 {""exception"":""[object] (Slim\\Exception\\Stop(code: 0): at /home/user/domains/example.com/public_html/vendor/slim/slim/Slim/Slim.php:1022)""} [] > [2018-03-20 17:07:49] Espo.ERROR: API [GET]:.*, Params:Array ( ) , InputData: - [] [] > [2018-03-20 17:07:49] Espo.ERROR: Display Error: , Code: 404 URL: /?entryPoint=image&id=5ab13d0b3759eb2bd&size=medium [] [] > [2018-03-20 17:07:49] Espo.ERROR: Uncaught Exception Slim\Exception\Stop: """" at /home/user/domains/example.com/public_html/vendor/slim/slim/Slim/Slim.php line 1022 {""exception"":""[object] (Slim\\Exception\\Stop(code: 0): at /home/user/domains/example.com/public_html/vendor/slim/slim/Slim/Slim.php:1022)""} [] Description: 1. I attached photo to task 2. I saw thumbnail of photo in EspoCRM 3. I saved task 4. My coworker open that task and saw icon of broken file instead of photo. 5. After i reload website i saw that image disappeared",https://github.com/espocrm/espocrm/issues/844,2018-03-21T05:21:24Z,repo:espocrm/espocrm is:issue (task OR pipeline OR customer OR quote OR order OR payment),"{""comments"": 26, ""eligibility_rule"": ""Issue from predeclared mature OSS product repo; text>=100; domain term in title/body; native issue ID"", ""native_id"": 307123265, ""node_id"": ""MDU6SXNzdWUzMDcxMjMyNjU="", ""record_sha256"": ""93117f4977ab05343116b2161817d66dd41ba04a45501941d78c5e08450fa487"", ""repository"": ""espocrm/espocrm"", ""retrieved_at"": ""2026-07-19"", ""state"": ""closed""}"
c8e9b15e0a7a72e1,Trusted OSS Issues,issue,Feature Request: Notification when user is mentioned in comment,"ERPNext offers the awesome feature of basically commenting on everything. However it would be great if I could mention somebody in the comment like ""@Mark please check out this sales order, it's stalling, we have to react before the customer writes us"". Then this should be listed in the users notifications or some sort of inbox/messages so the user can check out whats happening needing his attention. This is how Asana does it and after an ""@"" mention happened the user is automatically a follower of that process and will be informed in the inbox of any further comments.",https://github.com/frappe/erpnext/issues/3495,2015-06-20T14:20:09Z,repo:frappe/erpnext is:issue (task OR pipeline OR customer OR quote OR order OR payment),"{""comments"": 41, ""eligibility_rule"": ""Issue from predeclared mature OSS product repo; text>=100; domain term in title/body; native issue ID"", ""native_id"": 89775326, ""node_id"": ""MDU6SXNzdWU4OTc3NTMyNg=="", ""record_sha256"": ""bffcebe255d4bc11e14b26c622711f8c5bdde16b769a1e5d288224bbdde61d86"", ""repository"": ""frappe/erpnext"", ""retrieved_at"": ""2026-07-19"", ""state"": ""closed""}"
eb790620c1802791,Trusted OSS Issues,issue,Feature request - Events / Actions attached to lead.,"Are you going to implement Events / Actions that leads do? Events can be things like button clicks, scrolling to the bottom of a page, login to page or even things that happen behind the scenes, like a successful credit card charge attached to lead. For example. Users issues an invoice in SaaS. Event -> lead issues an invoice Than I can create an List and filter all leads that issued at least 2 invoices (2 events) for last 14 days. I saw such functionality on customer.io (more about events: http://customer.io/docs/events.html) Regards, Piotr",https://github.com/mautic/mautic/issues/1048,2015-10-23T15:06:27Z,repo:mautic/mautic is:issue (task OR pipeline OR customer OR quote OR order OR payment),"{""comments"": 27, ""eligibility_rule"": ""Issue from predeclared mature OSS product repo; text>=100; domain term in title/body; native issue ID"", ""native_id"": 113038679, ""node_id"": ""MDU6SXNzdWUxMTMwMzg2Nzk="", ""record_sha256"": ""c8f2deac1a9e339d05f3dfea61901ec9d38289297af78c281e65a845891a0008"", ""repository"": ""mautic/mautic"", ""retrieved_at"": ""2026-07-19"", ""state"": ""closed""}"
ed82bc6fdada7acb,Trusted OSS Issues,issue,"""To"" addresses are lost in Email Inboxes when replying via Chatwoot UI","# Description If Chatwoot receives an email like this: ``` From: john@aaa.test To: support@mycompany.example.com, jane@aaa.test Cc: jill@aaa.test ``` then when an agent replies in Chatwoot, the response email will only be delivered to `john@aaa.test` and `jill@aaa.test`, and it won't be delivered to `jane@aaa.test`. This is a common scenario for us, and it results in frustration when people get dropped off the email chain. I believe this is due to this javascript code: https://github.com/chatwoot/chatwoot/blob/608592db0c11db142c9a281d1d34b715ad33d6c0/app/javascript/dashboard/components/widgets/conversation/ReplyBox.vue#L1122-L1148 The `to` variable in that code only gets set in a very particular case and is usually dropped. # Potential Solutions ### Option A: Add ""To"" addresses to the CC field in the editor UPDATE: @pranavrajs [confirmed that](https://github.com/chatwoot/chatwoot/issues/8925#issuecomment-1961997686) we should go with this option. Update the above code to add each address in `emailAttributes.to` to the `cc` variable, **except** when the address is: * The Inbox email address (e.g. `support@mycompany.example.com` in the example above) * A reply email address (e.g. `reply+xxx@mycompany.example.com`) * The current conversation contact's email ### ~Option B: Add a ""To"" field in the message editor and populate it.~ UPDATE: We want to go with the other option. The message editor only has ""CC"" and ""BCC"" fields. Add another field to the editor for ""To"" addresses. Evaluate the addresses in `emailAttributes.to` as described in Option A, but add any relevant addresses to `to` instead of `cc`. We should ensure the current conversation contact's email is in either `to` or `cc`, or else I believe [this code](https://github.com/chatwoot/chatwoot/blob/cb2b75ca17db51f2eaefdafbb349b2ad31b87500/app/mailers/conversation_reply_mailer.rb#L186-L189) will cause the conversation contact to not receive the email. We should also be mindful of [this code](https://github.com/chatwoot/chatwoot/blob/608592db0c11db142c9a281d1d34b715ad33d6c0/app/javascript/dashboard/components/widgets/conversation/ReplyBox.vue#L1133-L1138) and make sure that scenario is still handled correctly. # Other notes/requirements We should add tests covering any new or updated behavior, and covering existing behavior if we don't have tests for that already. ### Environment Linux VM ### Platform Browser",https://github.com/chatwoot/chatwoot/issues/8925,2024-02-13T21:27:00Z,repo:chatwoot/chatwoot is:issue (task OR pipeline OR customer OR quote OR order OR payment),"{""comments"": 18, ""eligibility_rule"": ""Issue from predeclared mature OSS product repo; text>=100; domain term in title/body; native issue ID"", ""native_id"": 2133153397, ""node_id"": ""I_kwDODA66k85_JVZ1"", ""record_sha256"": ""15b0258376fd576d2cec0558c0d9bfa46fb445a621c79d2528acc10317e7a27b"", ""repository"": ""chatwoot/chatwoot"", ""retrieved_at"": ""2026-07-19"", ""state"": ""closed""}"
72c7c3c3869eef69,Trusted OSS Issues,issue,"Missing options of ""Industry"" enum in ""Lead"" entity & validation errors","**Describe the bug** We've updated from 7.1.x to 7.3.2 last week using command line tool. After that update, we are not able to create Leads anymore. This includes the ""Leads"" section as well as ""Lead Captures"". **To Reproduce** A) Configuration in Entity Manager: ""Accounts"" are OK: 1. Go to ""Administration > Entity Manager > Account > Fields > Industry"" 2. Find the ""Options"" section and add some values. 3. ""Default"" combo box is filled with values from the ""Options"". (screenshot 1) ""Leads"" are Broken: 1. Go to ""Administration > Entity Manager > Lead > Fields > Industry"" 2. The form is missing the ""Options"" section. 3. ""Default"" combo box is empty and no value can be selected (screenshot 2) B) Try to create ""Lead"" 1. Go to ""Leads"" > ""Create Lead"" 2. Enter Name and hit ""Save"" 3. See validation error for ""industry"" field (screenshot 3) C) Try to create ""Lead Capture"" 1. Go to ""Admin"" > ""Lead Capture"" 2. Create Entry Point with default settings (First Name, Last Name, Email) (screenshot 4) 3. Test Lead Capture, e.g. with Postman (screenshot 5) **Expected behavior** A) Lead.industry should be optional B) Industry options should be editable, ""Default"" value should be selectable from added ""Options"". **Screenshots** 1. Existing ""Options"" in ""Account > Industry"" enum ![Screenshot 2023-02-06 at 10-47-15 Field Manager](https://user-images.githubusercontent.com/15276813/216941712-7106072c-6196-4a30-ae57-5f88bc52d78b.png) 2. Missing ""Options"" in ""Lead > Industry"" enum ![Screenshot 2023-02-06 at 10-46-47 Field Manager](https://user-images.githubusercontent.com/15276813/216941526-972cca90-b9d3-44ec-85fe-0b4146514d42.png) 3. Validation Error in ""Create Lead"" form ![Screenshot 2023-02-06 at 10-50-10 Create Lead](https://user-images.githubusercontent.com/15276813/216941838-947dbf68-9107-4819-8023-214f4f5aa061.png) 4. Create minimal Lead Capture ![Screenshot 2023-02-06 at 10-52-21 Create Lead Capture Entry Point](https://user-images.githubusercontent.com/15276813/216942001-38c6601d-e2cf-472c-9dcf-22a6f4784af9.png) 5. Validation Error in ""Lead Capture"" test call ![Bildschirmfoto vom 2023-02-06 10-53-43](https://user-images.githubusercontent.com/15276813/216941925-c25afc57-a60c-4110-9c3c-112588f64e2e.png) **EspoCRM version** 7.3.2",https://github.com/espocrm/espocrm/issues/2595,2023-02-06T10:01:17Z,"repo:espocrm/espocrm is:issue (""follow up"" OR reminder OR inbox OR lead OR appointment OR invoice)","{""comments"": 8, ""eligibility_rule"": ""Issue from predeclared mature OSS product repo; text>=100; domain term in title/body; native issue ID"", ""native_id"": 1572264744, ""node_id"": ""I_kwDOAXU4sc5dttso"", ""record_sha256"": ""3f944e86cbbc8e83578445d9a1b130cb222cd2fc0912f4cc65720dcb97648519"", ""repository"": ""espocrm/espocrm"", ""retrieved_at"": ""2026-07-19"", ""state"": ""closed""}"
c9320fe3642c33ad,Trusted OSS Issues,issue,Quotation - Discount on line items gets ignored,"I tried entering a line item with a discount on a quotation. It does not use the line item discount in the calculation, nor save it. It just seems to get dropped. Same thing happens on the sales order, and also the sales invoice?",https://github.com/frappe/erpnext/issues/3305,2015-05-20T16:37:34Z,repo:frappe/erpnext is:issue (task OR pipeline OR customer OR quote OR order OR payment),"{""comments"": 22, ""eligibility_rule"": ""Issue from predeclared mature OSS product repo; text>=100; domain term in title/body; native issue ID"", ""native_id"": 78597558, ""node_id"": ""MDU6SXNzdWU3ODU5NzU1OA=="", ""record_sha256"": ""d19d7fd383faa3af9e35021544bf7600b43d270002f1e37a3e397a6ea3181e9b"", ""repository"": ""frappe/erpnext"", ""retrieved_at"": ""2026-07-19"", ""state"": ""closed""}"
fa7afa6a8bdae8e1,Trusted OSS Issues,issue,500 Internal server error when clicking on link in email,"Bug report ## Description: Since last update (2.13.1), link in email do not work. When user click on link, we have a 500 internal server error. Note the error do not occur if I'm logged in Mautic (but user won't be obviously)... ## If a bug: | Mautic version | 2.13.1 | PHP version | 7.1 ### Steps to reproduce: 1. Send an email to someone from Mautic. Insert link in Email 2. When receiving email, click on the link (usually the link look like http://yourdomain/r/toke&ct=othertoken) ### Log errors: [2018-04-26 15:09:24] mautic.CRITICAL: Uncaught PHP Exception Symfony\Component\Debug\Exception\FatalThrowableError: ""Call to a member function getId() on null"" at /home/lesaintwebmestre/mautic.lesaint.ca/app/bundles/LeadBundle/Helper/ContactRequestHelper.php line 205 {""exception"":""[object] (Symfony\\Component\\Debug\\Exception\\FatalThrowableError(code: 0): Call to a member function getId() on null at /home/lesaintwebmestre/mautic.lesaint.ca/app/bundles/LeadBundle/Helper/ContactRequestHelper.php:205)""} []",https://github.com/mautic/mautic/issues/6008,2018-04-26T19:10:34Z,"repo:mautic/mautic is:issue (""follow up"" OR reminder OR inbox OR lead OR appointment OR invoice)","{""comments"": 81, ""eligibility_rule"": ""Issue from predeclared mature OSS product repo; text>=100; domain term in title/body; native issue ID"", ""native_id"": 318160931, ""node_id"": ""MDU6SXNzdWUzMTgxNjA5MzE="", ""record_sha256"": ""314fe23cdf1c9bc97d7912eee84273bdc71526f80aef8d44218949f19d081d63"", ""repository"": ""mautic/mautic"", ""retrieved_at"": ""2026-07-19"", ""state"": ""closed""}"
f54dbfe460affdef,Trusted OSS Issues,issue,"Email verification not working with Docker Image, do not have access to self hosted site","**Describe the bug** NOTE: I presently have a outage of my local installation! After performing a docker-compose pull for my local installation, I am directed to a login page. Upon entering my credentials the page re-displays with a message saying that I must verify my email and to look for a message in my inbox that never arrives. I also selected the option to change my email address, which then says to check my mailbox, but again I never receive email. I also changed my password, and while that appears to have worked it does not resolve the email validation. I have checked my Spam folder and have not received any emails. I effectively cannot access my information in my local installation, which is a problem. Is there an option that I can add to .ENV? I've enabled debug but I am not seeing any error messages. **Screenshots** If you can, add screenshots to help explain your problem. An image is always helpful. **Which version are you using:** Self hosted, I believe I pulled the latest image from docker hub that I believe has version 2.2.1 per the tag information on docker hub. Can we confirm that the docker image does in fact have version 2.2.1 because the change log suggests what I am seeing is a known error in 2.2.0 and what I am seeing is acting as if I am still using that version. **Additional context** I assume this process is using the same SMTP server as what is used for sending reminders. I did",https://github.com/monicahq/monica/issues/1453,2018-06-04T14:50:06Z,"repo:monicahq/monica is:issue (""follow up"" OR reminder OR inbox OR lead OR appointment OR invoice)","{""comments"": 17, ""eligibility_rule"": ""Issue from predeclared mature OSS product repo; text>=100; domain term in title/body; native issue ID"", ""native_id"": 329088902, ""node_id"": ""MDU6SXNzdWUzMjkwODg5MDI="", ""record_sha256"": ""7da2398a709381cb893f5423c43c65b7758cb97e47802ad4f17c7ad5051d049b"", ""repository"": ""monicahq/monica"", ""retrieved_at"": ""2026-07-19"", ""state"": ""closed""}"
fef8ca57b89fd2af,Trusted OSS Issues,issue,"WhatsApp Embedded Signup fails with ""No WABA scope found in token"" error (TokenValidationService)","### Describe the bug When attempting to create a new WhatsApp inbox using Embedded Signup, the process fails with a 422 error containing ""No WABA scope found in token"", even though the Meta App has all required permissions configured (whatsapp_business_management, whatsapp_business_messaging). The issue is in TokenValidationService which expects whatsapp_business_management in the granular_scopes array returned by Meta's /debug_token endpoint, but Meta is returning business_management instead. Error in Rails logs: [WHATSAPP DEBUG] Token debug data: {""data""=>{""app_id""=>""..."", ""type""=>""USER"", ""application""=>""..."", ""is_valid""=>true, ""scopes""=>[""whatsapp_business_management"", ""whatsapp_business_messaging"", ""business_management"", ""public_profile""], ""granular_scopes""=>[ {""scope""=>""business_management""}, {""scope""=>""whatsapp_business_manage_events""} ], ...}} [WHATSAPP] Token validation failed: No WABA scope found in token Notice that: scopes array correctly contains whatsapp_business_management granular_scopes array contains business_management (not whatsapp_business_management) granular_scopes entries have no target_ids field Root Cause Analysis The TokenValidationService (around line 30-45) does the following validation: rubywaba_scope = granular_scopes.find { |s| s['scope'] == 'whatsapp_business_management' } raise 'No WABA scope found in token' if waba_scope.blank? target_ids = waba_scope['target_ids'] || [] raise ""Token does not have access to WABA #{@waba_id}"" unless target_ids.include?(@waba_id) This fails because: Meta returns business_management instead of whatsapp_business_management in granular_scopes Even if we fallback to business_management, the target_ids array is empty [] This appears to be a change in Meta's API behavior. The [Meta documentation](https://developers.facebook.com/docs/whatsapp/embedded-signup/manage-accounts/) shows whatsapp_business_management with target_ids, but the actual API response differs. ### To Reproduce To Reproduce Self-hosted Chatwoot v4.12.1 Configure WhatsApp Embedded Signup with: WHATSAPP_APP_ID WHATSAPP_CONFIGURATION_ID WHATSAPP_APP_SECRET WHATSAPP_API_VERSION=v25.0 Meta App configured with permissions: whatsapp_business_management, whatsapp_business_messaging Navigate to Settings → Inboxes → Add Inbox → WhatsApp Click ""Connect with WhatsApp Business"" Complete the Facebook authentication flow Select WhatsApp Business Account and phone number Error: 422 Unprocessable Entity - ""No WABA scope found in token"" ### Expected behavior The Embedded Signup should complete successfully since: The token IS valid (is_valid: true) The token DOES have the required scopes in the scopes array The Embedded Signup flow itself already validates WABA access ### Environment Docker ### Cloud Provider Other [please specify in the description] ### Platform Browser ### Operating system Ubuntu (Docker container) ### Browser and version Chrome (latest) / Safari ### Docker (if applicable) Chatwoot v4.12.1 (chatwoot/chatwoot:v4.12.1) Docker version: 24.x or later ### Additional context ## The Bug When creating a new WhatsApp inbox via Embedded Signup, the process fails with 422 error: ""No WABA scope found in token"" ## Root Cause `TokenValidationService` expects `whatsapp_business_management` in `granular_scopes`, but Meta's `/debug_token` API now returns `business_management` instead, with empty `target_ids`. **Actual API response:** - `scopes`: [""whatsapp_business_management"", ""whatsapp_business_messaging"", ""business_management""] ✅ - `granular_scopes`: [{""scope"": ""business_management""}, {""scope"": ""whatsapp_business_manage_events""}] ❌ (no whatsapp_business_management, no target_ids) ## Workaround Modified `TokenValidationService` to: 1. Check `scopes` array instead of `granular_scopes` 2. Accept `business_management` OR `whatsapp_business_management` 3. Skip `target_ids` verification (Embedded Signup already validates WABA access) ## Additional Issue `WHATSAPP_API_VERSION` not passed to frontend - `dashboard_controller.rb` missing the key in `app_config`, causing frontend to default to v22.0. ## Environment Details - Chatwoot: v4.12.1 - WhatsApp API Version: v25.0 - Meta App: Production mode with all required permissions - 14 existing WhatsApp inboxes work fine, only NEW inbox creation fails",https://github.com/chatwoot/chatwoot/issues/14690,2026-06-10T01:42:14Z,"repo:chatwoot/chatwoot is:issue (""follow up"" OR reminder OR inbox OR lead OR appointment OR invoice)","{""comments"": 21, ""eligibility_rule"": ""Issue from predeclared mature OSS product repo; text>=100; domain term in title/body; native issue ID"", ""native_id"": 4627120968, ""node_id"": ""I_kwDODA66k88AAAABE8xDSA"", ""record_sha256"": ""04b20346794b480c2bc654ecf16931ddbff1cdd9b3f2fed35553140d42c11767"", ""repository"": ""chatwoot/chatwoot"", ""retrieved_at"": ""2026-07-19"", ""state"": ""closed""}"
731e002cb6fd0495,Trusted OSS Issues,issue,Lead Capture: Field with Enum returns 500: Internal Server Error,"Given a new Lead field created with EntityManger in Espo 5.6.1 : ``mycode | MyCode | Multi-Enum`` When sending with Postman or node/axios: ```json { ""firstName"": ""John"", ""lastName"": ""Test"", ""emailAddress"": ""john9@test.com"", ""mycode"": ""[\""one\"",\""two\""]"" } ``` Server responds with `` 500: Internal Server Error`` although the record is created correctly and the ``mycode`` field will get the correct ``one,two`` values. Expected: return the normal ``200, ok`` as there seems no error.",https://github.com/espocrm/espocrm/issues/1308,2019-05-08T10:54:12Z,"repo:espocrm/espocrm is:issue (""follow up"" OR reminder OR inbox OR lead OR appointment OR invoice)","{""comments"": 7, ""eligibility_rule"": ""Issue from predeclared mature OSS product repo; text>=100; domain term in title/body; native issue ID"", ""native_id"": 441673776, ""node_id"": ""MDU6SXNzdWU0NDE2NzM3NzY="", ""record_sha256"": ""77bd6c9e53898951cf2dd827a079c6de2e5db3ad61698b55866b3bdbf8f1f0df"", ""repository"": ""espocrm/espocrm"", ""retrieved_at"": ""2026-07-19"", ""state"": ""closed""}"
e0fb2b34dda28fef,Trusted OSS Issues,issue,Malaysia e-Inovice,"Malaysia will start to rolling out e-invoice gradually, By 1st June 2024 for businesses with annual turnover or revenue more than MYR 100 million. This will impact Malaysia SME who are currently using erpnext to run their businesses . A simple request to erpnext community to develop a Malaysia e-invoice compliance feature before 1st June 2024 for current stable version 14 and development version 15. **Reference** https://www.hasil.gov.my/en/e-invoice/ https://www.hasil.gov.my/media/hsulrygk/irbm-e-invoice-guideline-version-10.pdf https://www.cleartax.com/my/en/e-invoicing-malaysia",https://github.com/frappe/erpnext/issues/37599,2023-10-20T06:24:28Z,"repo:frappe/erpnext is:issue (""follow up"" OR reminder OR inbox OR lead OR appointment OR invoice)","{""comments"": 27, ""eligibility_rule"": ""Issue from predeclared mature OSS product repo; text>=100; domain term in title/body; native issue ID"", ""native_id"": 1953620465, ""node_id"": ""I_kwDOABxyKc50ceHx"", ""record_sha256"": ""c35fb29aa2a12722777030833ed6ca3730d83b1ee963ed1be42122ccaad11d2a"", ""repository"": ""frappe/erpnext"", ""retrieved_at"": ""2026-07-19"", ""state"": ""open""}"
fd6eee2dd352ae67,Trusted OSS Issues,issue,Unable to pass DB migrations: Table 'point_groups' already exists,"### Mautic Version 5.0.x series ### PHP version 8.1.26 ### What browsers are you seeing the problem on? Not relevant ### What happened? Unable to pass DB migrations ### How can we reproduce this issue? Step 1: php bin/console doctrine:migration:migrate ### Relevant log output ```shell root@ma:/var/www/html/mautic# php bin/console doctrine:migration:migrate WARNING! You are about to execute a migration in database ""uhlmautic"" that could result in schema changes and data loss. Are you sure you wish to continue? (yes/no) [yes]: > yes [notice] Migrating up to Mautic\Migrations\Version20230627140512 [notice] Table contact_export_scheduler already exists [notice] Migration Mautic\Migrations\Version20220429091934 skipped during Pre-Checks. Reason: ""Schema includes this migration"" [notice] Migration Mautic\Migrations\Version20220722074516 skipped during Pre-Checks. Reason: ""The deduplicate column has already been added to the notifications table."" [notice] Migration Mautic\Migrations\Version20221014061125 skipped during Pre-Checks. Reason: ""Index webhook_id_date_added already exists"" [notice] Migration Mautic\Migrations\Version20221014081742 skipped during Pre-Checks. Reason: ""Schema includes this migration"" [notice] Migration Mautic\Migrations\Version20221128145933 skipped during Pre-Checks. Reason: ""Schema includes this migration"" [notice] Migration Mautic\Migrations\Version20230131133732 skipped during Pre-Checks. Reason: ""The last_built_time column has already been added to the lead_lists table."" [notice] Column asset_downloads.utm_campaign already exists [notice] Column asset_downloads.utm_content already exists [notice] Column asset_downloads.utm_medium already exists [notice] Column asset_downloads.utm_source already exists [notice] Column asset_downloads.utm_term already exists [notice] Migration Mautic\Migrations\Version20230321133733 skipped during Pre-Checks. Reason: ""Schema includes this migration"" [notice] Table plugin_crm_pipedrive_owners was already removed [notice] Migration Mautic\Migrations\Version20230519154448 skipped during Pre-Checks. Reason: ""Schema includes this migration"" [notice] Migration is not required. [notice] Migration Mautic\Migrations\Version20230606111852 skipped during Pre-Checks. Reason: ""Schema includes this migration"" [notice] Table point_groups already exists [notice] Table point_group_contact_score already exists [notice] Column points.group_id already exists [notice] Column point_triggers.group_id already exists [notice] Column lead_points_change_log.group_id already exists [error] Migration Mautic\Migrations\Version20230621074925 failed during Execution. Error: ""An exception occurred while executing a query: SQLSTATE[42S01]: Base table or view already exists: 1050 Table 'point_groups' already exists"" In ExceptionConverter.php line 45: An exception occurred while executing a query: SQLSTATE[42S01]: Base table or view already exists: 1050 Table 'point_groups' already exists In Exception.php line 28: SQLSTATE[42S01]: Base table or view already exists: 1050 Table 'point_groups' already exists In Connection.php line 71: SQLSTATE[42S01]: Base table or view already exists: 1050 Table 'point_groups' already exists doctrine:migrations:migrate [--write-sql [WRITE-SQL]] [--dry-run] [--query-time] [--allow-no-migration] [--all-or-nothing [ALL-OR-NOTHING]] [--configuration CONFIGURATION] [--em EM] [--conn CONN] [--] [ ] root@ma:/var/www/html/mautic# ``` ### Code of Conduct - [X] I confirm that I have read and agree to follow this project's Code of Conduct",https://github.com/mautic/mautic/issues/12993,2023-12-06T00:03:33Z,repo:mautic/mautic is:issue (task OR pipeline OR customer OR quote OR order OR payment),"{""comments"": 52, ""eligibility_rule"": ""Issue from predeclared mature OSS product repo; text>=100; domain term in title/body; native issue ID"", ""native_id"": 2027367403, ""node_id"": ""I_kwDOALo4c8541yvr"", ""record_sha256"": ""b69e1765f93338106304c15c07de87da3319e6d02e4acd93f438ea07ff642662"", ""repository"": ""mautic/mautic"", ""retrieved_at"": ""2026-07-19"", ""state"": ""closed""}"
f6259abdea985ed9,Trusted OSS Issues,issue,Reminder emails do not send from a Heroku deployment,"Thank you for your time reading this! I've attempted to provide all the detail I have. Happy to answer any questions to help triage. **Describe the bug** 1. I've deployed Monica to Heroku. 2. I've followed the instructions [here](https://github.com/monicahq/monica/blob/master/docs/installation/heroku.md). AFAIK, I haven't missed anything. I also read the original thread #1776 that prompted the addition of Mailgun instructions by @tomgs. 3. Reminder emails do not send. 4. I don't think it's Mailgun, as I can use the provisioned Mailgun account to send a test email using `curl`. **Screenshots** A recurring test reminder that was supposed to send today: ![Screen Shot 2019-04-08 at 2 10 36 PM](https://user-images.githubusercontent.com/10335475/55757129-1af4cd80-5a08-11e9-9a5d-894fa40c8bee.png) **Which version are you using:** - A server you maintain yourself (if so, please indicate your current version of Monica) Deployed 2.13.0 The previous version, 2.12.x had the same issue. **Additional context** Questions? Thank you very much for your time and help! 👍🏽",https://github.com/monicahq/monica/issues/2588,2019-04-08T21:14:45Z,"repo:monicahq/monica is:issue (""follow up"" OR reminder OR inbox OR lead OR appointment OR invoice)","{""comments"": 11, ""eligibility_rule"": ""Issue from predeclared mature OSS product repo; text>=100; domain term in title/body; native issue ID"", ""native_id"": 430661898, ""node_id"": ""MDU6SXNzdWU0MzA2NjE4OTg="", ""record_sha256"": ""06f473a852246e8363271a7d33595ff2ab2a77725e186fdc51dad3a659432077"", ""repository"": ""monicahq/monica"", ""retrieved_at"": ""2026-07-19"", ""state"": ""closed""}"
7370b09ad6c13269,Trusted OSS Issues,issue,Let's talk about security in EspoCRM,"Hello guys I think Espo is great, but You should consider few things about security. 1. Two steps verification for login screen (Google Authenticator, codes in e-mail, DUO security, anything) 2. Logs for bad logins - Espo should log every single request from login screen 3. Captcha for login screen - Without captcha, bots can attack using brute force method without any knowledge of espo administator 4. Blocking bad logins by IP - same thing like in point 3 5. Login tokens - even if i turn on notifications about new tokens, if anyone try to connect by API, i don't have any alert 6. Logs for API - I think there should be any logs who and when tried to connect using API 7. White list for API - I think also that before anyone try to connect by api to Espo, He should add his IP to white list in the first place I see potential in Espo. Really, i can move all information about company to Espo, but we should have more security options. In few months in EU We'll be have new law regarding to data processing and security, those thing above should be good shield/firewall for our data.",https://github.com/espocrm/espocrm/issues/832,2018-03-16T05:46:36Z,repo:espocrm/espocrm is:issue (task OR pipeline OR customer OR quote OR order OR payment),"{""comments"": 21, ""eligibility_rule"": ""Issue from predeclared mature OSS product repo; text>=100; domain term in title/body; native issue ID"", ""native_id"": 305809357, ""node_id"": ""MDU6SXNzdWUzMDU4MDkzNTc="", ""record_sha256"": ""3f4a604542910765d5d52e705caacbab42b6671e6d6a80a0ac8628ceb5cd657e"", ""repository"": ""espocrm/espocrm"", ""retrieved_at"": ""2026-07-19"", ""state"": ""closed""}"
ecf550d24a2287c4,Trusted OSS Issues,issue,Add stripe payment service as a 'Pay Now' option on Sales Invoices,"Feature request in User Story: As a customer of a company that uses ERPNext, I want to receive invoices via email, and click a 'Pay Now' link on the invoice, that opens a webpage (https://erpnext.example.net/invoice/036zfd34-c3cd-4dce-a808-32xefaa1302b) so that I can pay the invoice by credit-card quickly and easily. As a billing user of ERPNext, I want to send my customers invoices that have a 'Pay Now' link on the invoice PDF that, when clicked, the customer is taken to a on-line payment screen where the payment is processed via stripe, so that erpnext automatically updates the Sales Invocies as paid. Examples of how a similar feature is implemented in the Xero accounting product; _Image showing payment link on a Invoice PDF_ ![Image showing payment link on a Invoice PDF](https://cloud.githubusercontent.com/assets/1114943/3980401/b21795fe-2861-11e4-9136-99825ee6166a.png) _Image showing invoice on-line and prompting user for payment details._ ![Image showing invoice on-line and prompting user for payment details.](https://cloud.githubusercontent.com/assets/1114943/3980411/db56ecb2-2861-11e4-9e1a-54a7527919e7.png) The Pay Now link on the Payment Invoice has a hashed URL, which makes it a 'private link'. When the customer opens the link, they see their invoice, and the option to pay that invoice via credit-card (in this case stripe). This feature request is related to #2088",https://github.com/frappe/erpnext/issues/2090,2014-08-20T12:10:00Z,repo:frappe/erpnext is:issue (task OR pipeline OR customer OR quote OR order OR payment),"{""comments"": 38, ""eligibility_rule"": ""Issue from predeclared mature OSS product repo; text>=100; domain term in title/body; native issue ID"", ""native_id"": 40691390, ""node_id"": ""MDU6SXNzdWU0MDY5MTM5MA=="", ""record_sha256"": ""499323d2027fcc66abdb8aecd4a9227bd12e87ffd2408d510ec71fe32682d091"", ""repository"": ""frappe/erpnext"", ""retrieved_at"": ""2026-07-19"", ""state"": ""closed""}"
7a2ac0d415f7dbf0,Trusted OSS Issues,issue,Record locking,"**Is your feature request related to a problem? Please describe.** EspoCRM is very versatile and can be used far beyond CRM (as demonstrated in sales pack and other extensions alike). With this usage there can be cases where records need to become locked in specific state. For example invoices in EU, once invoice in EU is handed to customer it cannot be easily edited (legally) without creating a credit note and reissuing the invoice. **Describe the solution you'd like** Ability to define rules (filter-like would be fine) that make entity locked for further edits once the rule is fullfilled. For example: Warehouse Goods Issue, once processed shouldn't be touched in any way as it's an accounting document. Also in addition to this an option where administrator can override the lock would be helpful. **Describe alternatives you've considered** You can lock the records from being edited with before save hook, however this solution is not very versatile and user editable. Dynamic logic can also be applied to make field read only, by setting it for each field, but it's not convenient for future changes, or even setting up and still if adjustment is needed (from CRM admin) the admin would need to edit the dynamic logic beforehand. **Additional context** I saw this feature when I tried vtiger cloud demo and while espocrm definetely beats vtiger, I beleive this feature would be useful to have in core Espo.",https://github.com/espocrm/espocrm/issues/2948,2024-01-20T14:59:20Z,"repo:espocrm/espocrm is:issue (""follow up"" OR reminder OR inbox OR lead OR appointment OR invoice)","{""comments"": 9, ""eligibility_rule"": ""Issue from predeclared mature OSS product repo; text>=100; domain term in title/body; native issue ID"", ""native_id"": 2092084856, ""node_id"": ""I_kwDOAXU4sc58sq54"", ""record_sha256"": ""583cec8e514c483d84099c89c19ff2b599245f553b24e6b1a10e407a746ce136"", ""repository"": ""espocrm/espocrm"", ""retrieved_at"": ""2026-07-19"", ""state"": ""closed""}"
f21d77c7da1948a9,Trusted OSS Issues,issue,Default batch number selection,"How can we use the FIFO method for batch number while doing the sales invoice? Current Scenario: In case of Pharma/FMCG vertical, complete purchase and sales is dependent on batch and expiry date. Currently, ERPNext have the provision to setup batch number against each item while receiving the product. So from purchase perspective this is good. While doing sales invoice, we have to manually select the batch and add the quantity in it. Expected Scenario: While doing the sales invoice, item should automatically fetch the batches as per FIFO method. In case if the first available batch have less quantity it should pickup next available batch and so on. Can we do this?",https://github.com/frappe/erpnext/issues/10562,2017-08-26T10:24:20Z,repo:frappe/erpnext is:issue (task OR pipeline OR customer OR quote OR order OR payment),"{""comments"": 22, ""eligibility_rule"": ""Issue from predeclared mature OSS product repo; text>=100; domain term in title/body; native issue ID"", ""native_id"": 253081828, ""node_id"": ""MDU6SXNzdWUyNTMwODE4Mjg="", ""record_sha256"": ""c227d284976d5f39ac498348bda1c02d089283e4575e1ca4fe33ed435de423d7"", ""repository"": ""frappe/erpnext"", ""retrieved_at"": ""2026-07-19"", ""state"": ""closed""}"
82d1f25171269ca7,Trusted OSS Issues,issue,"addJoin, leftJoin and join methods should prevent code from join a table more than once in SQL","## Problem I was trying to use list reports with workflow's assignment rules. In list report, I added fields assignedUser for lead. Now, I used this report to decide the assignment logic. It gave me that non-unique table. When I checked the sql it had two assignedUser joins. Turns out someone else also makes call to addJoin. It was the assignment rule logic.",https://github.com/espocrm/espocrm/issues/1394,2019-08-14T08:20:12Z,"repo:espocrm/espocrm is:issue (""follow up"" OR reminder OR inbox OR lead OR appointment OR invoice)","{""comments"": 9, ""eligibility_rule"": ""Issue from predeclared mature OSS product repo; text>=100; domain term in title/body; native issue ID"", ""native_id"": 480544670, ""node_id"": ""MDU6SXNzdWU0ODA1NDQ2NzA="", ""record_sha256"": ""4429657069a11810752c0641f952bac93604195d77b7f67592f3cdfa4974db6c"", ""repository"": ""espocrm/espocrm"", ""retrieved_at"": ""2026-07-19"", ""state"": ""closed""}"
874e5cffd82df78a,Trusted OSS Issues,issue,Sort on Lead name does not work,- Currently: Clicking on the arrow in Lead > Name does not do any sorting. - Expected: Sort like in Account and Contact - Espo Version 5.0.5 ![screenshot from 2018-02-27 20-38-55](https://user-images.githubusercontent.com/986182/36750920-038fe730-1bff-11e8-8ce0-767891e8729c.png),https://github.com/espocrm/espocrm/issues/815,2018-02-27T19:45:36Z,"repo:espocrm/espocrm is:issue (""follow up"" OR reminder OR inbox OR lead OR appointment OR invoice)","{""comments"": 12, ""eligibility_rule"": ""Issue from predeclared mature OSS product repo; text>=100; domain term in title/body; native issue ID"", ""native_id"": 300767343, ""node_id"": ""MDU6SXNzdWUzMDA3NjczNDM="", ""record_sha256"": ""ccb35f3ca7414cacc9a7a2fe992e394b7dd2d1980c912e72c7d7a3cbc9b6858f"", ""repository"": ""espocrm/espocrm"", ""retrieved_at"": ""2026-07-19"", ""state"": ""closed""}"
92c9b488b66afb7d,Trusted OSS Issues,issue,Exclude user's email address from CC list when replying to emails,"**Describe the bug** When you reply to an email ~from a Group Email Account~ where you're CC'd, your own email address gets added to the CC list again, even though it's already correctly set in the ""From"" field. **Steps to reproduce the behavior:** 1. Set up EspoCRM with a Group Email Account and a Personal Email Account. 2. Send an email: - Address it to the Group Email Account (in the ""TO"" field). - Include the user's Personal Email Account in the CC list. 3. Log in as the user associated with the Personal Email Account. 4. Reply to the email. 5. Notice that in the reply: - The ""FROM"" address correctly shows the Personal Email Account. - However, the CC list still includes the user's own email address from the Personal Email Account, despite being the sender. This issue arises because the system doesn't filter out the sender's own email address from the CC list when generating the reply, leading to redundancy in email recipients. **Expected behavior** When a user replies to an email: - The ""From"" address should correctly reflect the user's email address. - The CC list should not include the user's own email address, even if it was included in the original email's CC list. **EspoCRM version** 8.3.5 **Possible solutions** 1. Modify the code to filter out the user's primary email address from the CC list. ```js attributes.cc = (model.get('cc') || '').split(';').filter(item => { return item !== this.getUser().get('emailAddress'); }); ``` 2. Ensure that an email address in the ""CC"" list cannot be the same as the email address in the ""FROM"" field.",https://github.com/espocrm/espocrm/issues/3102,2024-07-16T11:40:07Z,"repo:espocrm/espocrm is:issue (""follow up"" OR reminder OR inbox OR lead OR appointment OR invoice)","{""comments"": 17, ""eligibility_rule"": ""Issue from predeclared mature OSS product repo; text>=100; domain term in title/body; native issue ID"", ""native_id"": 2410923408, ""node_id"": ""I_kwDOAXU4sc6Ps8WQ"", ""record_sha256"": ""9735069d78c442a4b51a2e1084bf5d98f1942aecbdf681612ba519f7abc74210"", ""repository"": ""espocrm/espocrm"", ""retrieved_at"": ""2026-07-19"", ""state"": ""closed""}"
975e2ccc3d817aaa,Trusted OSS Issues,issue,Don't archive all mails / delete mails that aren't connected to other items,"We are currently testing EpsoCRM for our usecase and generally really like it - thanks for your work! One question/feature request: I've setup a personal mail account for my user and receiving the mails from this account in general works perfect. However: If I delete some mails from the IMAP server using another mail program (Thunderbird), these deleted mails are still there in EpsoCRM. If I open any mail in EpsoCRM it has the state ""archived"". This makes sense for mails that are connected to any contact/task/item in EpsoCRM, but not for other mails. I do not want to keep track of all mails I'll ever received in EpsoCRM, but only those which are relevant to the system in terms of any relations to contacts/tasks/items. Suggestion for implementation: * Fetch all mails from the account as currently * a) If mails on the IMAP server are deleted and they are not connected to any item in EpsoCRM, also delete them in EpsoCRM. * b) If easier: Add possibility of a cron job that scans all mails and deletes those which are older than a specific date and not connected to any item in the system.",https://github.com/espocrm/espocrm/issues/1359,2019-07-19T09:29:19Z,repo:espocrm/espocrm is:issue (task OR pipeline OR customer OR quote OR order OR payment),"{""comments"": 12, ""eligibility_rule"": ""Issue from predeclared mature OSS product repo; text>=100; domain term in title/body; native issue ID"", ""native_id"": 470229499, ""node_id"": ""MDU6SXNzdWU0NzAyMjk0OTk="", ""record_sha256"": ""ea3d951091d45d8812ef9acac8d8e6639146c05696bd7d13fe9688359131e7e0"", ""repository"": ""espocrm/espocrm"", ""retrieved_at"": ""2026-07-19"", ""state"": ""closed""}"
9bc73b3192a88446,Trusted OSS Issues,issue,PHP path in Windows installation incorrect,"After installing EspoCRM-4.5.0, the install wizard said to create a scheduled task to run this command: ```C:\php\php.exe -f C:\Repositories\EspoCRM-4.5.0\cron.php``` However, that's not the path to php on my system. The correct path is C:\Xampp\php\php.exe. Is that instruction hard-coded or did it actually think the path it presented was correct?",https://github.com/espocrm/espocrm/issues/440,2017-03-03T14:27:02Z,repo:espocrm/espocrm is:issue (task OR pipeline OR customer OR quote OR order OR payment),"{""comments"": 12, ""eligibility_rule"": ""Issue from predeclared mature OSS product repo; text>=100; domain term in title/body; native issue ID"", ""native_id"": 211701863, ""node_id"": ""MDU6SXNzdWUyMTE3MDE4NjM="", ""record_sha256"": ""90b58d03d787ca78bd660319632a9bb0b89a3889f91141f6001bee11d529e76e"", ""repository"": ""espocrm/espocrm"", ""retrieved_at"": ""2026-07-19"", ""state"": ""closed""}"
a00808f150bf1fa5,Trusted OSS Issues,issue,Bounced status Not working in email campaigns,"Hello support, i am using 4.8.3 EspoCRM . I have configured my email on EspoCRM (outbound, preferences, personal account) and also configured cron job, 1: I can see my email campaigns status like open, sent but can't see about bounced email status on right sidebar of campaigns. 2: one thing is, i am running campaigns. when i create campaign and after that setup mass email then by default EspoCRM set sending email (From Email) as i configured in outbound email. If i am sending campaigns with that configured email (outbound configured email) then campaign delivered but if i am using other email address as i configured in preferences (configured email different from outbound email) then i will sent test email and EspoCRM showing success popup but email can't delivered. Please correct me if i am missing some thing in configuration or that's a bug in our CRM. Thanks",https://github.com/espocrm/espocrm/issues/683,2017-11-08T12:44:39Z,"repo:espocrm/espocrm is:issue (""follow up"" OR reminder OR inbox OR lead OR appointment OR invoice)","{""comments"": 13, ""eligibility_rule"": ""Issue from predeclared mature OSS product repo; text>=100; domain term in title/body; native issue ID"", ""native_id"": 272185415, ""node_id"": ""MDU6SXNzdWUyNzIxODU0MTU="", ""record_sha256"": ""154ef90281f40d1a8603d5af79e7be5c4771a4502e821dfcbef1210e7b18b21f"", ""repository"": ""espocrm/espocrm"", ""retrieved_at"": ""2026-07-19"", ""state"": ""closed""}"
a38daa86030a2765,Trusted OSS Issues,issue,Portal: Bad server response,"I tried with upgrade and tried with a fresh 4.00 download but the result is the same ""bas server response"" when it came to this link `{site_root}/api/v1/Portal/?maxSize=20&offset=0&sortBy=name&asc=true` some errors occurs: ( ! ) Strict standards: Declaration of Espo\Repositories\Portal::afterSave() should be compatible with Espo\Core\ORM\Repositories\RDB::afterSave(Espo\ORM\Entity $entity, array $options = Array) in C:\wamp\www\crm\EspoCRM4\application\Espo\Repositories\Portal.php on line 37 Call Stack # Time Memory Function Location 1 0.0005 247088 {main}( ) ..\index.php:0 2 0.0056 603800 Espo\Core\Portal\Application->__construct( ) ..\index.php:38 3 0.0418 4824864 Espo\ORM\EntityManager->getEntity( ) ..\Application.php:48 4 0.0418 4824960 Espo\ORM\EntityManager->getRepository( ) ..\EntityManager.php:144 5 0.0418 4825072 Espo\Core\ORM\RepositoryFactory->create( ) ..\EntityManager.php:162 6 0.0418 4825176 Espo\ORM\RepositoryFactory->create( ) ..\RepositoryFactory.php:38 7 0.0421 4825984 class_exists ( ) ..\RepositoryFactory.php:50 8 0.0421 4826320 spl_autoload_call ( ) ..\RepositoryFactory.php:50 9 0.0421 4826368 Composer\Autoload\ClassLoader->loadClass( ) ..\RepositoryFactory.php:0 10 0.0423 4826504 Composer\Autoload\includeFile( ) ..\ClassLoader.php:301 11 0.0425 4838792 include( 'C:\wamp\www\crm\EspoCRM4\application\Espo\Repositories\Portal.php' ) ..\ClassLoader.php:412 ( ! ) Fatal error: Uncaught exception 'Espo\Core\Exceptions\NotFound' in C:\wamp\www\crm\EspoCRM4\application\Espo\Core\Portal\Application.php on line 51 ( ! ) Espo\Core\Exceptions\NotFound: in C:\wamp\www\crm\EspoCRM4\application\Espo\Core\Portal\Application.php on line 51 Call Stack # Time Memory Function Location 1 0.0005 247088 {main}( ) ..\index.php:0 2 0.0056 603800 Espo\Core\Portal\Application->__construct( ) ..\index.php:38",https://github.com/espocrm/espocrm/issues/120,2016-02-29T15:30:26Z,repo:espocrm/espocrm is:issue (task OR pipeline OR customer OR quote OR order OR payment),"{""comments"": 37, ""eligibility_rule"": ""Issue from predeclared mature OSS product repo; text>=100; domain term in title/body; native issue ID"", ""native_id"": 137286588, ""node_id"": ""MDU6SXNzdWUxMzcyODY1ODg="", ""record_sha256"": ""8e805f75b9c5379271f39a4f584b8c5ad9622609b9987f3caf478faf1efe5b3f"", ""repository"": ""espocrm/espocrm"", ""retrieved_at"": ""2026-07-19"", ""state"": ""closed""}"
a80d5b3154497367,Trusted OSS Issues,issue,Email address invalid set to null when lead converting,"Error 500 is thrown when trying to add email address in lead convert view. ` ERROR: (23000) SQLSTATE[23000]: Integrity constraint violation: 1048 Column 'invalid' cannot be null; POST /Lead/action/convert; line: 70, file: /var/www/htdocs/application/Espo/ORM/SqlExecutor.php [] []`",https://github.com/espocrm/espocrm/issues/2583,2023-01-30T16:42:06Z,"repo:espocrm/espocrm is:issue (""follow up"" OR reminder OR inbox OR lead OR appointment OR invoice)","{""comments"": 15, ""eligibility_rule"": ""Issue from predeclared mature OSS product repo; text>=100; domain term in title/body; native issue ID"", ""native_id"": 1562792528, ""node_id"": ""I_kwDOAXU4sc5dJlJQ"", ""record_sha256"": ""0d15c606634c1e99ff61abc5732e95ebcf1a5b159b494d59383d2d06fcc15fbe"", ""repository"": ""espocrm/espocrm"", ""retrieved_at"": ""2026-07-19"", ""state"": ""closed""}"
ae4acf0c2b7c4a70,Trusted OSS Issues,issue,Duplicate IDs in query results,"When I run this code to check for squential duplicates in an entryPoint I get many hits. ```PHP $leadRepository = $this->getEntityManager()->getRepository('Lead'); $list = $leadRepository->limit(0,100000)->find(); $previousId = ''; foreach ($list as $entity){ if (($previousId) == $entity->id) echo(""DUPLICATE ID: $previousId\n""); $previousId = $entity->id; } ``` Output: ``` DUPLICATE ID: 5a143a290df89d275 DUPLICATE ID: 5a155d2142bd9d663 DUPLICATE ID: 5a1551be81d3d5fd3 DUPLICATE ID: 5a1548dfc4a69803f DUPLICATE ID: 5a565ca624832e994 DUPLICATE ID: 5a565c9dd2f50ed33 DUPLICATE ID: 5a565c987441d1115 DUPLICATE ID: 5a565c8883c758c33 DUPLICATE ID: 5a565c7e0e0768e5d DUPLICATE ID: 5a565c7651e56c4e6 DUPLICATE ID: 5a565c6bb47be1b63 DUPLICATE ID: 5a565c67e07f8bcc4 DUPLICATE ID: 5a565c654da98acb3 DUPLICATE ID: 5a565c6292a74ea75 DUPLICATE ID: 5a565c5e93887891b DUPLICATE ID: 5a565c5a89412a1d0 DUPLICATE ID: 5a565c59538d55bf8 DUPLICATE ID: 5a565c3bcc4a299b9 DUPLICATE ID: 5a565c3b83da9dc14 DUPLICATE ID: 5a565c3aa605ea557 DUPLICATE ID: 5a565c39c22c57fde DUPLICATE ID: 5a565c38e54881827 DUPLICATE ID: 5a565c38c69d7f72f DUPLICATE ID: 5a565c38926d91cdd DUPLICATE ID: 5a565c3877ece471f DUPLICATE ID: 5a565c35f05576e73 DUPLICATE ID: 5a565c303f7bc0d0a DUPLICATE ID: 5a565c2dce63ddd97 DUPLICATE ID: 5a565c1d2b5f9b2d4 ``` I checked the database and those rows are not duplicated. Only in the results it seems. I tried looking for all duplicates and this is the result.... ```PHP $leadRepository = $this->getEntityManager()->getRepository('Lead'); $list = $leadRepository->limit(0,100000)->find(); $previousIds = []; $duplicates = []; foreach ($list as $entity){ if (in_array($entity->id,$previousIds)) {echo(""DUPLICATE ID: $entity->id\n""); $duplicates []= $entity->id;} $previousIds []= $entity->id; } echo count($duplicates)."" duplicate results found.""; ``` Output: ``` DUPLICATE ID: 5a143a290df89d275 DUPLICATE ID: 5a155d2142bd9d663 DUPLICATE ID: 5a1551be81d3d5fd3 DUPLICATE ID: 5a1548dfc4a69803f DUPLICATE ID: 5a565ca624832e994 DUPLICATE ID: 5a565c9dd2f50ed33 DUPLICATE ID: 5a565c987441d1115 DUPLICATE ID: 5a565c8883c758c33 DUPLICATE ID: 5a565c7e0e0768e5d DUPLICATE ID: 5a565c7651e56c4e6 DUPLICATE ID: 5a565c6bb47be1b63 DUPLICATE ID: 5a565c67e07f8bcc4 DUPLICATE ID: 5a565c654da98acb3 DUPLICATE ID: 5a565c6292a74ea75 DUPLICATE ID: 5a565c5e93887891b DUPLICATE ID: 5a565c5a89412a1d0 DUPLICATE ID: 5a565c59538d55bf8 DUPLICATE ID: 5a565c3bcc4a299b9 DUPLICATE ID: 5a565c3b83da9dc14 DUPLICATE ID: 5a565c3aa605ea557 DUPLICATE ID: 5a565c39c22c57fde DUPLICATE ID: 5a565c38e54881827 DUPLICATE ID: 5a565c38c69d7f72f DUPLICATE ID: 5a565c38926d91cdd DUPLICATE ID: 5a565c3877ece471f DUPLICATE ID: 5a565c35f05576e73 DUPLICATE ID: 5a565c303f7bc0d0a DUPLICATE ID: 5a565c2dce63ddd97 DUPLICATE ID: 5a565c1d2b5f9b2d4 DUPLICATE ID: 5a565be3b505460e8 DUPLICATE ID: 5a565be2ae8af7ccd DUPLICATE ID: 5a565be1776744cf0 DUPLICATE ID: 5a565bdccd4256aab DUPLICATE ID: 5bb1cf9f067a3dc58 DUPLICATE ID: 5bbee212ddc5ccf21 DUPLICATE ID: 5bbee226d3920f42c DUPLICATE ID: 5bc75292df1a48fa2 DUPLICATE ID: 5bc76ae467bc2b23a DUPLICATE ID: 5bc89997cba73e7e7 DUPLICATE ID: 5bbdfb801c1d149c5 40 duplicate results found. ``` Sounds like a bug...",https://github.com/espocrm/espocrm/issues/1504,2019-11-11T00:18:45Z,repo:espocrm/espocrm is:issue (task OR pipeline OR customer OR quote OR order OR payment),"{""comments"": 13, ""eligibility_rule"": ""Issue from predeclared mature OSS product repo; text>=100; domain term in title/body; native issue ID"", ""native_id"": 520681686, ""node_id"": ""MDU6SXNzdWU1MjA2ODE2ODY="", ""record_sha256"": ""5e889e971cc27d228b1653144aa14b57f988cdf9bead798b99f2bdac8ca7bace"", ""repository"": ""espocrm/espocrm"", ""retrieved_at"": ""2026-07-19"", ""state"": ""closed""}"
b26c8ad3ee28d159,Trusted OSS Issues,issue,Global search not ordering results correctly (with full-text),"**Describe the bug** When I search for a contact name written the full name on the Global Search, my target contact coming at the end of the list instead of being the first one. **To Reproduce** Just post the full contact name on global search input, may need to try several full names, sometimes will work as expected. **Expected behavior** Most relevant contact must be on the top always. **Screenshots** https://user-images.githubusercontent.com/2862528/165056564-c2ea9d4e-fae1-4766-89d7-9f6da4ad77be.mov **EspoCRM version** 7.0.9 **Additional context** In the video above I added the relevance value to the return array, it is working perfectly , the problem is that it is ordering as string, so it consider that 9 is before 10 because it compare the first character. I tried to make a workaround but seems better if you look after it. So it ordering as following: 9, 8, 7, .......3, 2, 1, 10, .....",https://github.com/espocrm/espocrm/issues/2293,2022-04-25T09:05:53Z,repo:espocrm/espocrm is:issue (task OR pipeline OR customer OR quote OR order OR payment),"{""comments"": 12, ""eligibility_rule"": ""Issue from predeclared mature OSS product repo; text>=100; domain term in title/body; native issue ID"", ""native_id"": 1214199086, ""node_id"": ""I_kwDOAXU4sc5IXzUu"", ""record_sha256"": ""157247445f936988367df702d5fbf67844236d89575860fd50d13747a0d59dec"", ""repository"": ""espocrm/espocrm"", ""retrieved_at"": ""2026-07-19"", ""state"": ""closed""}"
b82d5fb6bf0e54e4,Trusted OSS Issues,issue,"Introduce ""_setName()"" override for middleName as default input to Name for German / Dutch","We need to make Espo usefull in Germany & Netherlands with middleName(s). Is it enough to add a field ""middleName"" with Entity Manager in Contact and override the php file ``/application/Espo/Core/Entities/Person.php`` ? (see also [forum](https://forum.espocrm.com/forum/feature-requests/21033-addition-of-middle-name?p=44052#post44052)) ```php namespace Espo\Core\Entities; class Person extends \Espo\Core\ORM\Entity { public function _setLastName($value) { $this->setValue('lastName', $value); // replacing code to update the name field into one generic function _setName(); } public function _setFirstName($value) { $this->setValue('firstName', $value); _setName(); } // new function to set the name based on lastName, firstName and the NEW middleName fields public function _setName() { $firstName = $this->get('firstName'); // @TODO: should we also test existence of middleName field to avoid errors ??? $middleName = $this->get('middleName'); $lastName = $this->get('lastName'); $name = ''; if (!empty($firstName)) { $name = $firstName . ' '; } if (!empty($middleName)) { $name = $name . $middleName . ' '; } if (!empty($lastName)) { $name = $name . $lastName; } $name = trim($name); $this->setValue('name', $name); } } ```",https://github.com/espocrm/espocrm/issues/1145,2018-12-12T16:11:57Z,repo:espocrm/espocrm is:issue (task OR pipeline OR customer OR quote OR order OR payment),"{""comments"": 17, ""eligibility_rule"": ""Issue from predeclared mature OSS product repo; text>=100; domain term in title/body; native issue ID"", ""native_id"": 390297839, ""node_id"": ""MDU6SXNzdWUzOTAyOTc4Mzk="", ""record_sha256"": ""42b21c3028b006488de10c8e0cdb09c7f4159e8436a6b80ef75be040ebf1ee34"", ""repository"": ""espocrm/espocrm"", ""retrieved_at"": ""2026-07-19"", ""state"": ""closed""}"
c0af3564ede00b9a,Trusted OSS Issues,issue,"Can't install - MariaDB, PHP7.4 Error","`[2021-06-16 09:09:34] ALERT: Rebuild database fault: PDOException: SQLSTATE[42000]: Syntax error or access violation: 1064 You have an error in your SQL syntax; check the manual that corresponds to your MariaDB server version for the right syntax to use near 'lead (id VARCHAR(24) NOT NULL COLLATE `utf8mb4_unicode_ci`, deleted TINYINT(...` Webserver: | Apache/2.4.38 (Debian) PHP-Version: | 7.4.20 MySQL-Server-Version: | 5.5.5-10.3.27-MariaDB-0+deb10u1",https://github.com/espocrm/espocrm/issues/2019,2021-06-16T09:22:32Z,"repo:espocrm/espocrm is:issue (""follow up"" OR reminder OR inbox OR lead OR appointment OR invoice)","{""comments"": 19, ""eligibility_rule"": ""Issue from predeclared mature OSS product repo; text>=100; domain term in title/body; native issue ID"", ""native_id"": 922365325, ""node_id"": ""MDU6SXNzdWU5MjIzNjUzMjU="", ""record_sha256"": ""a10e360fa02df8208c721701f6424bb086f8c904c0c585a55bb08023ae0eb21a"", ""repository"": ""espocrm/espocrm"", ""retrieved_at"": ""2026-07-19"", ""state"": ""closed""}"
d69c76f065c8c671,Trusted OSS Issues,issue,Case: Mail: Reply to mail in the case stream does not include case number in mail subject,"**Describe the feature** When creating a mail in context of a case through the activity area mail button on the right, the case number is included with hashtag in brackets as prefix of the mail subject. I also want to enable this, when replying to a mail in the stream of the case, but I cant find a way to configure/script it. Typically, the inital customer mail creates the case and assigns the original mail subject as case name. When opening the mail in the stream, you can see it is associated with the case, but when hitting reply, the case number prefxing does not happen. We want to always include the case number in the subject when writing back to the customer, so that further replies are easier to be associated and the customer also has a better overview to what request the mail is sent for, if they used the same subject multiple times for different cases in the past or if differnt people from the originating company answer to same case after it got internally distributed. **To Reproduce (MANDATORY, DO NOT REMOVE)** Explicit steps to reproduce the behavior: 1. In context of a configuration, where new cases are create from group mail account receival, create a case by sending a mail to the group mail account. 2. A case to mail auto reply is sent with the case number and so on, the case is created and listest in the cases section 3. Open the case and create a new mail through activity area on the right: see case number is prefixed to the subject like: ""[#number] "" 4. In the stream of the case, open the inbound mail which created the case, and see it is associated to the case. 5. Hit reply in context of the mail and see, that the case number is not prefixed to the subject. It is just ""Re: "". **Expected behavior** I want to enable/configure, that the case number is always included in case related mails (at best it should always be a prefix or suffix and not be included multiple times in reply chains). **Screenshots** 1. Shows case from mail with auto reply 2. Shows automatic case number in subject when using the Activity > Mail button 3. Shows no case number when hitting reply on the original message **EspoCRM version** 9.2.5 **Additional context** Advanced Pack + Sales Pack + Outlook Integration licensed and installed in latest versions",https://github.com/espocrm/espocrm/issues/3546,2025-12-16T12:33:37Z,repo:espocrm/espocrm is:issue (task OR pipeline OR customer OR quote OR order OR payment),"{""comments"": 11, ""eligibility_rule"": ""Issue from predeclared mature OSS product repo; text>=100; domain term in title/body; native issue ID"", ""native_id"": 3734603264, ""node_id"": ""I_kwDOAXU4sc7emYYA"", ""record_sha256"": ""4cbf0198089866cfc41c2d82cea050fd6c9dc5ed736bece25d6c0516395ce660"", ""repository"": ""espocrm/espocrm"", ""retrieved_at"": ""2026-07-19"", ""state"": ""closed""}"
d7b326a66a5bed3a,Trusted OSS Issues,issue,"Problem in the Tasks module, unable to add an account (customer) to a task","**Describe the bug** In the Tasks module, when creating and selecting an account (customer) from the list and saving a task, no account (customer) is assigned. The only solution is to edit this field and select account (customer) again. **To Reproduce (MANDATORY, DO NOT REMOVE)** Explicit steps to reproduce the behavior: 1. Task -> create task 2. selecting an account (customer) from the list 3. completing the required fields and saving the task **Expected behavior** the account (customer) should be added to tasks **Screenshots** ![image](https://github.com/espocrm/espocrm/assets/162130021/94e9880f-a654-41ca-a8cf-953312c5431f) **EspoCRM version** 8.1.5 **Additional context** Please solve the problem quickly. Thank you",https://github.com/espocrm/espocrm/issues/3003,2024-03-04T12:41:39Z,repo:espocrm/espocrm is:issue (task OR pipeline OR customer OR quote OR order OR payment),"{""comments"": 15, ""eligibility_rule"": ""Issue from predeclared mature OSS product repo; text>=100; domain term in title/body; native issue ID"", ""native_id"": 2166759819, ""node_id"": ""I_kwDOAXU4sc6BJiGL"", ""record_sha256"": ""3476d6ad2d52b1321114816f3de149fd747ee900409c132de36189c55319a739"", ""repository"": ""espocrm/espocrm"", ""retrieved_at"": ""2026-07-19"", ""state"": ""closed""}"
e982da6c89949415,Trusted OSS Issues,issue,custom checkAllResultMassActionList not working for (follow) action,"**Describe the bug** We need to enable a follow massAction on checkAllResultMassActionList, based on documentation i have added the element to checkAllResultMassActionList on scope clientDefs, however the follow action still doesn't appear on the massAction list. when investigated i found that addMassAction method requires a second params true in order to display the item on the massAction Button. i have checked all and it seems that it should work if only a true boolean is added to the method here https://github.com/espocrm/espocrm/blob/9f9e2d75071b407225ce077398e7496c7f9cef56/client/src/views/record/list.js#L2178C40-L2178C40 **To Reproduce** Steps to reproduce the behavior: 1. add ""checkAllResultMassActionList"": [ ""__APPEND__"", ""follow"" ] to account clientDefs 2. rebuild and clear cache 3. go to accounts selectAll (the follow action is still not visible) ... **Expected behavior** Based on code the follow button should be added to the massAction button list item when added to the clientDefs checkAllResultMassActionList **Screenshots** If applicable, add screenshots to help explain your problem. **EspoCRM version** version 7.5 **Additional context** Add any other context about the problem here.",https://github.com/espocrm/espocrm/issues/2814,2023-08-02T10:00:14Z,repo:espocrm/espocrm is:issue (task OR pipeline OR customer OR quote OR order OR payment),"{""comments"": 13, ""eligibility_rule"": ""Issue from predeclared mature OSS product repo; text>=100; domain term in title/body; native issue ID"", ""native_id"": 1832858974, ""node_id"": ""I_kwDOAXU4sc5tPzVe"", ""record_sha256"": ""bc529fdf10a2b9b6e46e9d8504a8afaec4b71964d51ba8c7e4f15db09b72e3bb"", ""repository"": ""espocrm/espocrm"", ""retrieved_at"": ""2026-07-19"", ""state"": ""closed""}"
eadc42eca66419d2,Trusted OSS Issues,issue,Duplicate checking fields,The ability to specify which fields to check when performing duplicate checking. Can be configured at Administration > Entity Manager > {Entity Type} > Edit. Supported entity types: * Account * Contact * Lead Supported custom entity types of templates: * Base * Base Plus * Company * Person Supported field types: * Person Name * Varchar * Email * Phone * URL * Barcode,https://github.com/espocrm/espocrm/issues/2790,2023-07-10T08:23:18Z,"repo:espocrm/espocrm is:issue (""follow up"" OR reminder OR inbox OR lead OR appointment OR invoice)","{""comments"": 7, ""eligibility_rule"": ""Issue from predeclared mature OSS product repo; text>=100; domain term in title/body; native issue ID"", ""native_id"": 1796247555, ""node_id"": ""I_kwDOAXU4sc5rEJAD"", ""record_sha256"": ""4b75f204bc0ccfe44be999015ede0e5d02b20bf1082a5802381d8f05698f8c5f"", ""repository"": ""espocrm/espocrm"", ""retrieved_at"": ""2026-07-19"", ""state"": ""closed""}"
edf8b372b521bbc8,Trusted OSS Issues,issue,removing a field does not clean up orderBy resulting in HTTP 500,"Removing a field in entity manager which is used in metadata/entityDefs/ ""orderBy"" the columns will not be removed from OrderBy statement which ends up in HTTP 500 accessing the entity. In the log only the following line is shown (after removing an foreign field accountName pointing to account.name): ```` Espo.ERROR: (42) SQLSTATE[42S22]: Column not found: 1054 Unknown column 'account.name' in 'order clause'; GET /api/v1/Account/5d98509cc93534998; line: 266, file: /var/www/html/espocrm/application/Espo/ORM/DB/Mapper.php [] [] ```` I guess there are other cases not fully remove field names in the json files after removing a field.",https://github.com/espocrm/espocrm/issues/1537,2019-12-05T17:29:54Z,repo:espocrm/espocrm is:issue (task OR pipeline OR customer OR quote OR order OR payment),"{""comments"": 17, ""eligibility_rule"": ""Issue from predeclared mature OSS product repo; text>=100; domain term in title/body; native issue ID"", ""native_id"": 533492284, ""node_id"": ""MDU6SXNzdWU1MzM0OTIyODQ="", ""record_sha256"": ""5a3e960ea653af638805a94f75b336f7c7ab67b7d73e615267b60c368f4a4cce"", ""repository"": ""espocrm/espocrm"", ""retrieved_at"": ""2026-07-19"", ""state"": ""closed""}"
b01a24c9117e5d83,Stack Exchange Questions,question,How to elaborate functional documents (or samples),"I have doubts regarding the process of collecting customer expectations and turning then into a functional document that we both can follow up to measure if the project reaches expectations. I have a rough idea in this regard - such as: 1 - The document should specify the different pages and their content 2 - The document should specify what actions the user can do in them 3 - The document should specify what sort of behavior the project should have when facing errors But I am not sure about this. Any help, tutorials, videos, books or whatever related will be very appreciated. Update My client asked for a website and sent a PDF with a design of what he wants. The design showed some parameters from where I could extract the database requirements and the approximate logic I would have to build. There are even pages that do not appear in such document, like the admin section which they obviously need. My question is about a document, I believe it's called functional document, that would be build before starting to create the software. In that document there should be specifications regarding: Database entities 2.1. - How they relate to each other 2.2. - Parameter validation (min length, max length, Names without non-alphabetic characters, etc) Application pages 2.1 - Content 2.2 - Actions",https://freelancing.stackexchange.com/questions/2984/how-to-elaborate-functional-documents-or-samples,1425654335,follow up customer,"{""answer_count"": 1, ""eligibility_rule"": ""Full Stack Exchange question; title/body contains domain term; request/problem-shaped title; native question ID"", ""is_answered"": true, ""native_id"": 2984, ""record_sha256"": ""3f743930584aa938aa438859188927b2bef3fd160594e7adc6a5bbc808ebffcc"", ""retrieved_at"": ""2026-07-19"", ""score"": 0, ""site"": ""freelancing""}"
14d1ec8596ee3e87,Stack Exchange Questions,question,"Client terminated access after project delivery, refuses full payment, and demands invoice manipulation — what legal and ethical steps should I take?","I'm seeking advice regarding a situation I encountered as a freelance IT consultant. I signed a service contract with a company to build a complete 3D configurator system (backend, frontend, and integration). The contract was valid from May 12, 2025, to December 31, 2025, with a clear hourly billing clause and a two-month notice for termination. Here is what happened: On July 4, 2025, without any notice or justification, they blocked my company email, disabled my access to internal systems (project delivery platforms, timesheet logs), and cut communication entirely. They later claimed the contract was terminated, after I attempted to contact their German HQ to report the issue. They refused to sign a property rights amendment (IP ownership), while still holding my delivered code. They attempted to force me to edit an already issued invoice down to match a previous advance, despite the full work being completed and documented. They accused me of ""non-cooperation"" because I refused to train their internal developers, despite the contract explicitly stating I am the sole developer. They retrieved a loaned laptop/headset under the pretext of software installation, then kept them and didn’t return the handover form, while blocking project access entirely. All my hours and deliveries are well documented. What I'm asking: Have other consultants experienced similar issues with clients abusing system access or refusing invoice payments after blocking communication? Is there a known escalation path or precedent for this kind of abuse, especially in Tunisia or under international tech contracting? Should I issue a formal technical notice or report via a professional organization or platform? In our case, we anticipated a possible issue and captured all screenshots, logs, and delivery records before access was revoked. But we’re still interested in how others prevent or respond to such client behavior — especially if it happens suddenly or under pressure. Any insights — especially from IT consultants, contract developers, or professionals who've faced similar cases — are welcome. Note: All materials (invoices, communications, screenshots, timesheets) have been securely documented and archived prior to the access termination. Thanks in advance.",https://freelancing.stackexchange.com/questions/10992/client-terminated-access-after-project-delivery-refuses-full-payment-and-deman,1752275343,late payment invoice,"{""answer_count"": 1, ""eligibility_rule"": ""Full Stack Exchange question; title/body contains domain term; request/problem-shaped title; native question ID"", ""is_answered"": true, ""native_id"": 10992, ""record_sha256"": ""46d87bcff20783b9d2c3755cc6a3333428862ab94984a36b603a41297a75645f"", ""retrieved_at"": ""2026-07-19"", ""score"": 2, ""site"": ""freelancing""}"
8c24c1fc84ba14f3,Stack Exchange Questions,question,Project bigger than what was initially planned. How to tell the customer the higher price and different contract conditions?,"I agreed with a customer to import data from excel files and build a report with them. Since it was not a big project I did not charge too much. I also asked for an annual fee for bug fixing and maintenance. As in the boiling frog story , the customer asked for little changes now and then (the frog is me). After more than a year I realized that I'd built a sort of ERP, where importing excel data was used only once to avoid the initial manual data entry phase. In order to get the report, I had implemented (for free) a lot of business logic and many statistical calculations just to have a ""correct"" model (bespoke to the customer). I'd like to give to my customer a new version of the contract I use for ERP programs (and not for import/export utilities as I did with him), with higher prices for the initial software cost, annual maintenance and other contract conditions. The project is nearly completed. How can I tell all of this to the customer? I'm afraid he could reply ""Hey, we have agreed to this price, I'll pay you only that. The changes you made are part of annual maintanence after all"". And as I managed the things he wouldn't be completely wrong. I'd like just to try to recover the situation if possible. Thanks for your help. Update - 7th July 2017 I followed the advise to list all the extra features, but the customer kept changing point of view just to be right whatever I said. After sending him a copy of old e-mails to show how his mind (hem...) was not serving him well, he started to say he has an intellectual property on the calculations (it's a weighted average that I suggest to use...). I offered him the option to pay me nothing more, keeping the part of software he payed, but he had to delete my software (the part not payed) otherwise he was infringing my copyright. I sent also a license agreement. He never answered. After that, I talk with a lawyer, a friend of mine, who offered to send him an order for payment just to unblock the situation. After a few days he asked if he had to talk to his lawyer or we could find an agreement. I offer the possibility to an agreement. He told me he wanted to wait for a change in the law since maybe my software (not payed) could be useless for him after that. I tried to let him understand that I worked for that software and the fact he had to pay me had nothing to do with the fact that law can change. After more than 6 months the law eventually changed and he needed no more my unpaid software... but he don't want to delete it neither. Nearly a year has passed since that time. He even said to me that that piece of software could be helpful for him even with change in the law, I just have to fix bugs before he can pay... (obviously I don't trust him anymore). I'm upset and annoyed. I don't know if the story will end in some other way. For sure I learned the lesson. In case of news I will update this post. I think it can be of help to others, just as an example not to follow.",https://freelancing.stackexchange.com/questions/1970/project-bigger-than-what-was-initially-planned-how-to-tell-the-customer-the-hig,1402315390,manual data entry,"{""answer_count"": 4, ""eligibility_rule"": ""Full Stack Exchange question; title/body contains domain term; request/problem-shaped title; native question ID"", ""is_answered"": true, ""native_id"": 1970, ""record_sha256"": ""bc11044597ee201d880792609db6775fd8d2b1241fea310e141fa8c2e47fefd5"", ""retrieved_at"": ""2026-07-19"", ""score"": 8, ""site"": ""freelancing""}"
50d79814840150e6,Stack Exchange Questions,question,How to deliver work and procedure for freelancing in Android app development,"When freelancing in android app development, what is the best way to work with the client(employer): 1) Should one deliver work and take payment in parts. Do clients pay in advance? 2) Whose credentials(email id, website) should be used when creating package name or using firebase. 3) What is the best way to share the UX of the app with the client. Is there any way to take the screenshot or display the UX like graphic designers do. 4) If the client wants to see the app before final payment. How to provide the app yet hold the full code. 5) What to deliver to the clients after the full payment (full project file, apk,source code). I use Android Studio 3.1.4 6) How to provide the final code to the clients. Is it possible to email the client on gmail or on internal inbox of freelance website. How to email the final code. 7) If the client wants to upload on playstore then whose account/ credentials should be used - clients or developer? 8) Is freelancer, upwork good for finding app work. How to find genuine clients? 9) Is it necessary to have own website or company name registered for freelance app developers?",https://freelancing.stackexchange.com/questions/7883/how-to-deliver-work-and-procedure-for-freelancing-in-android-app-development,1537091384,shared inbox email,"{""answer_count"": 1, ""eligibility_rule"": ""Full Stack Exchange question; title/body contains domain term; request/problem-shaped title; native question ID"", ""is_answered"": true, ""native_id"": 7883, ""record_sha256"": ""3d5e5ba9c9c76b2df3748d6df156619eae7a276f4165bd6916bb362f931e3ed0"", ""retrieved_at"": ""2026-07-19"", ""score"": 0, ""site"": ""freelancing""}"
bfcb7be59bf14015,Stack Exchange Questions,question,Claimed Card Fraud with a Token?,"A customer, a reasonably regular one, is claiming that an order on their account was not authorised and is demanding a refund. The order was placed on their account, to their address, using a token payment system. The system sells perishable goods - returning the goods isn't a realistic option as they would be of no use before then. My question is - what can/should be done in this scenario? Should it be reported as possible fraud to the bank/police? We have the IP address and dates from which the claimed unauthorised transactions took place from. To explain a bit further: The order did not go through 3D secure - 3D secure is enabled for the site but is presumably disabled for the customer's card as the payment gateway didn't request 3D Secure authorisation. An order was placed last month for delivery this month - the system sells perishable goods for delivery on a specific date in up to 3 months time. Indeed the system allows editing an order, which effectively cancels the previous order and places another one, and the customer edited their order twice. Each order / edit would have sent the customer a confirmation email. 24 hours before the order is sent out the customer is sent a reminder in case they want to edit or delay their order. They also would have received an email on the day of dispatch to inform them of the shipment. The customer emailed after the goods arrived claiming that they did not order them and demanding a refund. Nothing in our logs indicates that the order is anything but the customer logging in and placing an order. It is going to their address. It could possibly have been placed by someone who was not the customer if someone else had been given their password. Who is at fault in this case?",https://money.stackexchange.com/questions/76877/claimed-card-fraud-with-a-token,1488542659,customer reminder,"{""answer_count"": 1, ""eligibility_rule"": ""Full Stack Exchange question; title/body contains domain term; request/problem-shaped title; native question ID"", ""is_answered"": true, ""native_id"": 76877, ""record_sha256"": ""9ee83979303655f2e66a8e0ea3f442431c557a60a0b137edaab179d684d7befb"", ""retrieved_at"": ""2026-07-19"", ""score"": 0, ""site"": ""money""}"
1a8282a963683cd9,Stack Exchange Questions,question,Credit card issued against my express refusal; What action can I take?,"About a year ago, I walked into my local Wells Fargo branch, where I have several personal and business accounts. I had several transactions to take care of and I asked the banker to be quick because I had an international flight to catch. Despite my request, the banker launched into a sales pitch for a new credit card offer. The offer was clearly outrageous - 5% cash back on all purchases forever - so naturally I questioned her about the ""all"" and ""forever"" claims. She went back and forth with me, assuring me over and over that it was indeed all purchase categories and no time limit. It was very specific, too, for example I'd say ""Are you telling me that if I spend $100 on Amazon.com I will receive $5 back?"", and she'd say yes, and then I'd say ""And you are telling me it doesn't expire after 6 months or something?"", and she'd say no. This went on for about 15 minutes, during which I repeatedly stated that I simply do not believe the offer and need to see it in writing before I consent to anything and begged her to move on because I didn't want to miss my flight. Only after I threatened to leave, my banker agreed to move on, confirming (per my request) that she would not open the card but would instead have the credit card company send me a detailed offer letter. She then appeared to take care of my other transactions as there was a lot of typing and comments about screens taking a while to load. A week later I came back from my trip to find the new credit card in my mail - along with a standard CC disclosure which predictably spelled out cash back terms nowhere near what my banker had claimed - and to add insult to injury, not a single one of my other transactions were actually done, including one that resulted in me not having access to my money during the trip. (If it weren't for my husband's cards, I would have been in real trouble). Needless to say I was quite upset by it all, so I drove to the bank to complain in person. I spoke to the assistant manager who performed the expected customer service dance act. Per my request, he promised a follow up via a phone call or a letter where someone would tell me what specific measures they took to discipline the banker and/or to prevent this from happening in the future. I've never heard from them again. (Quick research suggests that bank employees are commonly required to sign up a certain number of people to hit their performance targets, so there is clearly a conflict of interest as far as my complaint is concerned, after all, the bank is not going to punish an employee for doing as they are told). My question is, what meaningful action can I take? In my opinion, this banker is not someone who should have access to other people's money, and I am not happy about Wells Fargo's laissez-faire attitude towards what I perceive to be outright fraud. If a regular person did this to me I could file a police report, but if it's my banker, it's just a customer service issue? Tell me it ain't so.",https://money.stackexchange.com/questions/45024/credit-card-issued-against-my-express-refusal-what-action-can-i-take,1425074379,follow up customer,"{""answer_count"": 4, ""eligibility_rule"": ""Full Stack Exchange question; title/body contains domain term; request/problem-shaped title; native question ID"", ""is_answered"": true, ""native_id"": 45024, ""record_sha256"": ""4d2d06dfa4f955733e352a3425c91a1764a98ad429ccf8d885aac009bc15369b"", ""retrieved_at"": ""2026-07-19"", ""score"": 15, ""site"": ""money""}"
01d9bce6d4b59df9,Stack Exchange Questions,question,How can I rent cloud computing services without risking getting into a high debt?,"I rent cloud-computing services from a large and reputable company. Each year, I charge $500 into my account, and use the money to buy droplets, which cost between $5 and $20 per month (depending on their size). All went well for several years. But a few days ago, I noticed that my account has a debt of $681, which is much more than the monthly cost of all my droplets together. I checked and found out that someone hacked into one of my droplets, and used it for some activity with outgoing traffic at a rate of about 2 GB per second. The company charges extra outgoing traffic at a rate of 1 cent per GB, which means $72 per hour. I was lucky to catch this on time - if I had been in a vacation for a week, my debt would have been more than $10,000, which is way more than I can afford. My questions are: Can I dispute this debt? My claim is that, when I pre-paid $500, I bought services for $500, and did not agree to buy any further services. When my balanced drops to $0, the company should just stop serving me (e.g. stopping all my droplets); it should not continue selling me services that I did not pay for. In the future, how can I rent cloud services without taking the risk of getting into an unaffordable debt? For example, would it help if I use an anonymous pre-charged debit card? EDIT: here are the TOS . The most relevant section seems to be 6.3: By entering into this TOS and using the Services, you agree to be billed on a recurring basis and to be automatically charged by us or our Payment Processors using your Payment Methods upon invoicing. If your Payment Method or payment of fees is subject to other terms and conditions, as set forth in order forms, invoices or otherwise, then those other terms and conditions apply in addition to this TOS. You may also be billed an amount up to your current balance at any time to verify the accuracy of your account information. We reserve the right to deactivate, terminate, prevent access to, disable services for, and/or delete any Accounts or access to the Websites and Services at any time at our sole discretion, including for nonpayment, late payment, or failure to charge your Payment Methods upon invoicing"". It does not say what happens when I have no payment method on file - only a previously-charged balance. Also, it does not explicitly discuss debt; it only says that, if I do not pay, they can delete my account (which is fair enough).",https://money.stackexchange.com/questions/157448/how-can-i-rent-cloud-computing-services-without-risking-getting-into-a-high-debt,1688864289,late payment invoice,"{""answer_count"": 2, ""eligibility_rule"": ""Full Stack Exchange question; title/body contains domain term; request/problem-shaped title; native question ID"", ""is_answered"": true, ""native_id"": 157448, ""record_sha256"": ""7650c2cc63ac2a24ba3f123ba7c82a5826d0de8b42be0cfbd822920907800d8c"", ""retrieved_at"": ""2026-07-19"", ""score"": 1, ""site"": ""money""}"
0ded38088ea5676a,Stack Exchange Questions,question,Which mutual funds is Dave Ramsey talking about in The Total Money Makeover?,"In the 2007 edition of Dave Ramsey's book The Total Money Makeover: A Proven Plan for Financial Fitness (ISBN 978-0-7852-8908-1), on pages xv & xvi, he states the following: Many intelligent but ignorant people seem to think that making a 12 percent rate of return on your money in a long-term investment is impossible. He goes on to provide some evidence from his own portfolio: I purchased a Growth and Income Stock Mutual Fund many years ago, that I still invest in, and it has average 12.78 percent per year since 1934 (72 years as of this writing). I bought another last week that has averaged over 15.43 percent per year since 1959, as of this writing. And yet another with average annual returns of 13.55 percent since 1984, and another averaging 13.51 percent since 1973, and yet another averaging 12.67 percent since 1952. Any decent broker with the heart of a teacher can, in his or her sleep, lead you to funds with long track records averaging over 12 percent. 1934 + 72 = 2006, so presumably he came up with those numbers at some point during 2006. He never identifies the specific mutual funds--not here, nor anywhere else that I've been able to find. When asked, he refers you to an ""Endorsed Local Provider,"" i.e., to someone who pays Mr. Ramsey for leads. Given specific numbers, and a specific date range (15.43% per year from 1959 to 2006) it should be possible to determine the exact mutual funds that Mr. Ramsey is referring to. This question is two-fold: What mutual funds fit Mr. Ramsey's description? What tool did you use to determine this? One of the challenges I have found is that all the free, online mutual fund performance & rating tools I've reviewed don't look back more than 10 or perhaps 20 years. Additionally, there numbers are always use ""today"" or ""this year"" as an endpoint--you can't arbitrarily pick your endpoint. Note that this answer suggests that perhaps the first fund (12.78% per year) is The Investment Company of America® (growth-and-income fund) (symbol AIVSX for Class A, or front-loaded, shares, which is what Mr. Ramsey recommends ). The numbers don't quite align, but the question uses numbers Mr. Ramsey provided during 2012, so you would expect them to be slightly different.",https://money.stackexchange.com/questions/27563/which-mutual-funds-is-dave-ramsey-talking-about-in-the-total-money-makeover,1390334404,lead tracking,"{""answer_count"": 1, ""eligibility_rule"": ""Full Stack Exchange question; title/body contains domain term; request/problem-shaped title; native question ID"", ""is_answered"": true, ""native_id"": 27563, ""record_sha256"": ""d578111d697082b92db18a3dafb0b229e413493e92a971a127dae546a6fc9831"", ""retrieved_at"": ""2026-07-19"", ""score"": 1, ""site"": ""money""}"
121386bb401df39d,Stack Exchange Questions,question,How to account for human error?,"Sometimes people make mistakes. The checkout process at stores often involves manual data entry which is error prone. For example, as a customer I could be charged $49.99 for a product priced $49.49 . It's often not worth it to try to recover these tiny differences. However, they cause transactions to become unbalanced in ledger : 2021-09-07 * Store Expenses $ 49.49 Credit Card $ -49.99 I think it's important to record the fact that an error occurred. Adjusting the real value of the product to reflect the mistake would cause this information to be lost. How do I properly account for this in ledger ?",https://money.stackexchange.com/questions/144781/how-to-account-for-human-error,1631034346,manual data entry,"{""answer_count"": 3, ""eligibility_rule"": ""Full Stack Exchange question; title/body contains domain term; request/problem-shaped title; native question ID"", ""is_answered"": true, ""native_id"": 144781, ""record_sha256"": ""de03765762f59f7597b339182baa74bca1191174e7305a27379eeee3c6b99910"", ""retrieved_at"": ""2026-07-19"", ""score"": 15, ""site"": ""money""}"
366bbe0f74e28ef7,Stack Exchange Questions,question,What is the cost basis for my RSU? My 1099-B says $0,"Block 14 of my W2 says $40,000 RSU. My paystub itemized the $15,000 tax deductions (fed, state, SSA, etc..). Out of the remaining $25,000, twenty thousand dollars were deposited to my E-Trade account, kept it there and did not sell. The remaining $5,000, although I did not receive, was added to my total income and taxes deducted from it. Will my cost basis be $25,000 so that the $5,000 will be deducted from my total income. Further explanation: My employer sold 400 shares of company stock @ $100 per share ($40,000 total) and paid to me as my year’s RSU indicated at block 14 of my W2 form. Fifteen thousand dollar taxes were deducted from the $40K as indicated by my paystub. Out of the remaining $25,000, two hundred shares of company stock at $100 per share ($20,000 total) were deposited to my E-Trade account (I kept it invested and did not sell). The rest, $5,000, which is part of my year’s income and paid taxes to it was unaccounted for. My 1099-B from E-trade says the cost basis is 0. You were right that if I put cost basis as 0, I will be double taxed. However, if I put my cost basis as $20,000, what happened to the unaccounted $5,000. To me it make sense to put $25,000 as my cost basis because that’s how much it cost to get my vested $20,000 RSU. It also resolved the question about the $5,000 shortfall. I asked my payroll as some of you suggested but I was told to ask E-trade or hire a tax professional. E-trade does not know what the cost basis was that’s why they put 0. I have been doing my taxes since I started working and it pains me to think that I can’t solve what seems to me a minor problem that I might need a tax professional to do what I have been doing for quite a while (That’s my pride talking) I might need their help this time around. However, besides my math was wrong, talk to my employer or ask e-trade, is there any other answer there? Appreciate your help. Found it! To all those good people who tried to help, I found the answer. I followed the advice of my peers and searched all the documents I can get from my E-Trade account. I found the ""Stock Plan Transaction Supplement"" that has a column that says ""adjusted cost basis"" of $19,900. The form still says $0 on its ""cost basis' column just like the 1099-B but with a ""adjusted cost basis"" column that the 1099-B lacks. I cancelled my appointment to a tax accountant and filed my return myself. I felt marvelous. Thank you all for your efforts. BTW, I rounded up all the numbers so as not to confuse. The missing $5,000? It wasn't, It is on my W-2 and paystub, which means it was paid to me.",https://money.stackexchange.com/questions/140538/what-is-the-cost-basis-for-my-rsu-my-1099-b-says-0,1620269393,missed appointment,"{""answer_count"": 3, ""eligibility_rule"": ""Full Stack Exchange question; title/body contains domain term; request/problem-shaped title; native question ID"", ""is_answered"": true, ""native_id"": 140538, ""record_sha256"": ""32b6821e2160b8727c18c76174891370c0a397241663b2ecabea2bbe1f59e5c2"", ""retrieved_at"": ""2026-07-19"", ""score"": 3, ""site"": ""money""}"
6dfaa1b24a92b32e,Stack Exchange Questions,question,How to format a cell to change color on a future date,"I'm trying to format a cell in google sheets to change colors when it reaches a certain date. For example, if I call a customer on 10/10/2021, I want to format a cell in the row to turn red on 10/20/2021 so I know it's time to follow up. I can't seem to figure out how to do that. Any suggestions?",https://webapps.stackexchange.com/questions/159561/how-to-format-a-cell-to-change-color-on-a-future-date,1634055333,follow up customer,"{""answer_count"": 1, ""eligibility_rule"": ""Full Stack Exchange question; title/body contains domain term; request/problem-shaped title; native question ID"", ""is_answered"": false, ""native_id"": 159561, ""record_sha256"": ""6afcfcec97e20138fdc141f843218c1062ffaecc70209bbdc97007388d813a8b"", ""retrieved_at"": ""2026-07-19"", ""score"": 1, ""site"": ""webapps""}"
0da3fd901744fce8,Stack Exchange Questions,question,What is the minimum amount of an AWS bill?,"I've been using AWS (mostly S3 and Glacier) for a few years, but my usage is very low. Each month, I receive an invoice of $0.07, but Amazon never charges my credit card. Is this because the amount is lower than the cost of processing the payment? Does Amazon just discard these, or are they accumulated and charged later?",https://webapps.stackexchange.com/questions/86603/what-is-the-minimum-amount-of-an-aws-bill,1447337901,late payment invoice,"{""answer_count"": 2, ""eligibility_rule"": ""Full Stack Exchange question; title/body contains domain term; request/problem-shaped title; native question ID"", ""is_answered"": true, ""native_id"": 86603, ""record_sha256"": ""ed2b6d3e2e4ee9c05bd85e99b6eb0aee72ad9c2eb99b8fdd7bcbfd1f141fb1f2"", ""retrieved_at"": ""2026-07-19"", ""score"": 9, ""site"": ""webapps""}"
02303dd13e40b036,Stack Exchange Questions,question,How do I reference the value of multiple cells from one spreadsheet to another?,"The real kicker here is that I only want to reference certain cells if a cell has been selected. I am creating a ""leads"" Spreadsheet on Google. Once a target has been contacted, their information needs to be populated to a different sheet to better track the lead. I am looking for a formula that would only reference the information if a certain cell (or checkbox) is selected. Example: ""A property owner is being sent marketing information from our company; this process is being tracked on Spreadsheet1. If the property owner calls our company, we would put an ""X"" in the cell titled ""Lead Responded"" (H2). Once an X is placed in H2, the Owners Name (A2), Address (B2), Phone Number (C2) and Community Name (D2) will be populated into Spreadsheet2. Is this possible?",https://webapps.stackexchange.com/questions/110456/how-do-i-reference-the-value-of-multiple-cells-from-one-spreadsheet-to-another,1507157196,lead tracking,"{""answer_count"": 1, ""eligibility_rule"": ""Full Stack Exchange question; title/body contains domain term; request/problem-shaped title; native question ID"", ""is_answered"": true, ""native_id"": 110456, ""record_sha256"": ""47f7c5d0d45d2c5a29fd450bd773ce845eff6fc6076ea8c55d2689e7ad2cd0a5"", ""retrieved_at"": ""2026-07-19"", ""score"": -1, ""site"": ""webapps""}"
4704dad22b60f3d5,Stack Exchange Questions,question,Good application for tracking member subscriptions?,"I'm starting a small non-profit, that accepts donations from ""members"" in the form of monthly dues. Is there any web app that will help me track their payments? Something easier than keeping a spreadsheet in Excel. Integration with PayPal automatically to update the data if they pay online would be nice, but it also needs to support manual entry, as some will pay via cash / check.",https://webapps.stackexchange.com/questions/6397/good-application-for-tracking-member-subscriptions,1283465446,manual data entry,"{""answer_count"": 1, ""eligibility_rule"": ""Full Stack Exchange question; title/body contains domain term; request/problem-shaped title; native question ID"", ""is_answered"": true, ""native_id"": 6397, ""record_sha256"": ""8f96de757d59ed0aef6749a1a86757ef75ad55499d6cda75b9049ee476eaaf55"", ""retrieved_at"": ""2026-07-19"", ""score"": 1, ""site"": ""webapps""}"
9390b49d7a81e8fb,Stack Exchange Questions,question,Why aren't ics attachments send to my IEEE address working in Gmail anymore?,"When I get emails about appointments from our Outlook server, they attach a .ics file to the email which contains the account details. This used to work fine, giving me the option to add the event to my Google Calendar. However, now this only works if the email is sent directly to my Gmail account, and not when I use my ieee.org forwarding email address (which just forwards to Gmail). If I send the invite to my Gmail address, the calendar event is automatically added to my Google Calendar, and I am given the option to respond in the email. In this case the raw email (without tx details) looks like this: From: David Dean <xxxx@qut.edu.au> To: ""xxxx@gmail.com"" <xxxx@gmail.com> Date: Thu, 23 Jun 2011 09:52:36 +1000 Subject: Test Thread-Topic: Test Thread-Index: AcwxN3ZO6sDlD9SYT1KvfHhbcj4GVw== Message-ID: <0A52784B9330A94A9357569C34E81F5E92C4AA80BB@QUTEXMBX03.qut.edu.au> Accept-Language: en-US, en-AU Content-Language: en-AU X-MS-Has-Attach: X-MS-TNEF-Correlator: acceptlanguage: en-US, en-AU Content-Type: multipart/alternative; boundary=""_002_0A52784B9330A94A9357569C34E81F5E92C4AA80BBQUTEXMBX03qut_"" MIME-Version: 1.0 Return-Path: d.dean@qut.edu.au --_002_0A52784B9330A94A9357569C34E81F5E92C4AA80BBQUTEXMBX03qut_ Content-Type: text/plain; charset=""utf-8"" Content-Transfer-Encoding: base64 V2hlbjogVGh1cnNkYXksIDIzIEp1bmUgMjAxMSAxMDowMCBBTS0xMTowMCBBTS4gRS4gQXVzdHJh bGlhIFN0YW5kYXJkIFRpbWUNCldoZXJlOiB0ZXN0DQoNCip+Kn4qfip+Kn4qfip+Kn4qfioNCg== --_002_0A52784B9330A94A9357569C34E81F5E92C4AA80BBQUTEXMBX03qut_ Content-Type: text/calendar; charset=""utf-8""; method=REQUEST Content-Transfer-Encoding: base64 QkVHSU46VkNBTEVOREFSDQpNRVRIT0Q6UkVRVUVTVA0KUFJPRElEOk1pY3Jvc29mdCBFeGNoYW5n ZSBTZXJ2ZXIgMjAwNw0KVkVSU0lPTjoyLjANCkJFR0lOOlZUSU1FWk9ORQ0KVFpJRDpFLiBBdXN0 cmFsaWEgU3RhbmRhcmQgVGltZQ0KQkVHSU46U1RBTkRBUkQNCkRUU1RBUlQ6MTYwMTAxMDFUMDAw MDAwDQpUWk9GRlNFVEZST006KzEwMDANClRaT0ZGU0VUVE86KzEwMDANCkVORDpTVEFOREFSRA0K QkVHSU46REFZTElHSFQNCkRUU1RBUlQ6MTYwMTAxMDFUMDAwMDAwDQpUWk9GRlNFVEZST006KzEw MDANClRaT0ZGU0VUVE86KzEwMDANCkVORDpEQVlMSUdIVA0KRU5EOlZUSU1FWk9ORQ0KQkVHSU46 VkVWRU5UDQpPUkdBTklaRVI7Q049RGF2aWQgRGVhbjpNQUlMVE86ZC5kZWFuQHF1dC5lZHUuYXUN CkFUVEVOREVFO1JPTEU9UkVRLVBBUlRJQ0lQQU5UO1BBUlRTVEFUPU5FRURTLUFDVElPTjtSU1ZQ PVRSVUU7Q049Y2ViaWRhZUBnbQ0KIGFpbC5jb206TUFJTFRPOmNlYmlkYWVAZ21haWwuY29tDQpE RVNDUklQVElPTjtMQU5HVUFHRT1lbi1BVTpXaGVuOiBUaHVyc2RheVwsIDIzIEp1bmUgMjAxMSAx MDowMCBBTS0xMTowMCBBTS4NCiAgRS4gQXVzdHJhbGlhIFN0YW5kYXJkIFRpbWVcbldoZXJlOiB0 ZXN0XG5cbip+Kn4qfip+Kn4qfip+Kn4qfipcbg0KU1VNTUFSWTtMQU5HVUFHRT1lbi1BVTpUZXN0 DQpEVFNUQVJUO1RaSUQ9RS4gQXVzdHJhbGlhIFN0YW5kYXJkIFRpbWU6MjAxMTA2MjNUMTAwMDAw DQpEVEVORDtUWklEPUUuIEF1c3RyYWxpYSBTdGFuZGFyZCBUaW1lOjIwMTEwNjIzVDExMDAwMA0K VUlEOjA0MDAwMDAwODIwMEUwMDA3NEM1QjcxMDFBODJFMDA4MDAwMDAwMDA2RkY0RDA3NTM3MzFD QzAxMDAwMDAwMDAwMDAwMDAwDQogMDEwMDAwMDAwNjk5RUY3RkEzMDQyNzA0MzlBNjM4MEFCOTE4 RUVCNzINCkNMQVNTOlBVQkxJQw0KUFJJT1JJVFk6NQ0KRFRTVEFNUDoyMDExMDYyMlQyMzUyMzVa DQpUUkFOU1A6T1BBUVVFDQpTVEFUVVM6Q09ORklSTUVEDQpTRVFVRU5DRTowDQpMT0NBVElPTjtM QU5HVUFHRT1lbi1BVTp0ZXN0DQpYLU1JQ1JPU09GVC1DRE8tQVBQVC1TRVFVRU5DRTowDQpYLU1J Q1JPU09GVC1DRE8tT1dORVJBUFBUSUQ6MjEwOTEyNzAyMw0KWC1NSUNST1NPRlQtQ0RPLUJVU1lT VEFUVVM6VEVOVEFUSVZFDQpYLU1JQ1JPU09GVC1DRE8tSU5URU5ERURTVEFUVVM6QlVTWQ0KWC1N SUNST1NPRlQtQ0RPLUFMTERBWUVWRU5UOkZBTFNFDQpYLU1JQ1JPU09GVC1DRE8tSU1QT1JUQU5D RToxDQpYLU1JQ1JPU09GVC1DRE8tSU5TVFRZUEU6MA0KQkVHSU46VkFMQVJNDQpBQ1RJT046RElT UExBWQ0KREVTQ1JJUFRJT046UkVNSU5ERVINClRSSUdHRVI7UkVMQVRFRD1TVEFSVDotUFQxNU0N CkVORDpWQUxBUk0NCkVORDpWRVZFTlQNCkVORDpWQ0FMRU5EQVINCg== --_002_0A52784B9330A94A9357569C34E81F5E92C4AA80BBQUTEXMBX03qut_-- However, if I forward the email through my ieee.org email address, The only thing I see in the email is the details of the appointment in text (and sometimes not even that). I certainly don't get any Google Calendar integration. The raw text in this case is: From: David Dean <xxxx@qut.edu.au> To: ""xxxx@ieee.org"" <xxxx@ieee.org> Date: Thu, 23 Jun 2011 09:53:42 +1000 Subject: TEst2 Thread-Topic: TEst2 Thread-Index: AcwxN52gf7e8V9MZRjux1SIjrpggsg== Message-ID: <0A52784B9330A94A9357569C34E81F5E92C4AA80BC@QUTEXMBX03.qut.edu.au> Accept-Language: en-US, en-AU Content-Language: en-AU X-MS-Has-Attach: X-MS-TNEF-Correlator: acceptlanguage: en-US, en-AU Content-Type: multipart/alternative; boundary=""_002_0A52784B9330A94A9357569C34E81F5E92C4AA80BCQUTEXMBX03qut_"" MIME-Version: 1.0 X-Spam-Score: undef - spam scanning disabled X-CanIt-Geo: ip=131.181.191.3; country=AU; region=04; city=Brisbane; latitude=-27.5000; longitude=153.0167; http://maps.google.com/maps?q=-27.5000,153.0167&z=6 X-CanItPRO-Stream: ddcc (inherits from 90_OPT_OUT,default) X-Scanned-By: IEEE Spam Scanner (https://uce.ieee.org/) on 140.98.193.230 --_002_0A52784B9330A94A9357569C34E81F5E92C4AA80BCQUTEXMBX03qut_ Content-Type: text/plain; charset=""utf-8"" Content-Transfer-Encoding: base64 V2hlbjogVGh1cnNkYXksIDIzIEp1bmUgMjAxMSA5OjAwIEFNLTEwOjAwIEFNLiBFLiBBdXN0cmFs aWEgU3RhbmRhcmQgVGltZQ0KV2hlcmU6IFRlc3QyDQoNCip+Kn4qfip+Kn4qfip+Kn4qfioNCg== --_002_0A52784B9330A94A9357569C34E81F5E92C4AA80BCQUTEXMBX03qut_ Content-Type: text/calendar; charset=""utf-8""; method=REQUEST Content-Transfer-Encoding: base64 QkVHSU46VkNBTEVOREFSDQpNRVRIT0Q6UkVRVUVTVA0KUFJPRElEOk1pY3Jvc29mdCBFeGNoYW5n ZSBTZXJ2ZXIgMjAwNw0KVkVSU0lPTjoyLjANCkJFR0lOOlZUSU1FWk9ORQ0KVFpJRDpFLiBBdXN0 cmFsaWEgU3RhbmRhcmQgVGltZQ0KQkVHSU46U1RBTkRBUkQNCkRUU1RBUlQ6MTYwMTAxMDFUMDAw MDAwDQpUWk9GRlNFVEZST006KzEwMDANClRaT0ZGU0VUVE86KzEwMDANCkVORDpTVEFOREFSRA0K QkVHSU46REFZTElHSFQNCkRUU1RBUlQ6MTYwMTAxMDFUMDAwMDAwDQpUWk9GRlNFVEZST006KzEw MDANClRaT0ZGU0VUVE86KzEwMDANCkVORDpEQVlMSUdIVA0KRU5EOlZUSU1FWk9ORQ0KQkVHSU46 VkVWRU5UDQpPUkdBTklaRVI7Q049RGF2aWQgRGVhbjpNQUlMVE86ZC5kZWFuQHF1dC5lZHUuYXUN CkFUVEVOREVFO1JPTEU9UkVRLVBBUlRJQ0lQQU5UO1BBUlRTVEFUPU5FRURTLUFDVElPTjtSU1ZQ PVRSVUU7Q049ZGRlYW5AaWVlZQ0KIC5vcmc6TUFJTFRPOmRkZWFuQGllZWUub3JnDQpERVNDUklQ VElPTjtMQU5HVUFHRT1lbi1BVTpXaGVuOiBUaHVyc2RheVwsIDIzIEp1bmUgMjAxMSA5OjAwIEFN LTEwOjAwIEFNLiANCiBFLiBBdXN0cmFsaWEgU3RhbmRhcmQgVGltZVxuV2hlcmU6IFRlc3QyXG5c bip+Kn4qfip+Kn4qfip+Kn4qfipcbg0KU1VNTUFSWTtMQU5HVUFHRT1lbi1BVTpURXN0Mg0KRFRT VEFSVDtUWklEPUUuIEF1c3RyYWxpYSBTdGFuZGFyZCBUaW1lOjIwMTEwNjIzVDA5MDAwMA0KRFRF TkQ7VFpJRD1FLiBBdXN0cmFsaWEgU3RhbmRhcmQgVGltZToyMDExMDYyM1QxMDAwMDANClVJRDow NDAwMDAwMDgyMDBFMDAwNzRDNUI3MTAxQTgyRTAwODAwMDAwMDAwRjU3NjQxOUQzNzMxQ0MwMTAw MDAwMDAwMDAwMDAwMA0KIDAxMDAwMDAwMDhDNjI0RDVBRjkxRTZBNDZCNUVFM0QxREM5NTY5MDgx DQpDTEFTUzpQVUJMSUMNClBSSU9SSVRZOjUNCkRUU1RBTVA6MjAxMTA2MjJUMjM1MzQxWg0KVFJB TlNQOk9QQVFVRQ0KU1RBVFVTOkNPTkZJUk1FRA0KU0VRVUVOQ0U6MA0KTE9DQVRJT047TEFOR1VB R0U9ZW4tQVU6VGVzdDINClgtTUlDUk9TT0ZULUNETy1BUFBULVNFUVVFTkNFOjANClgtTUlDUk9T T0ZULUNETy1PV05FUkFQUFRJRDoyMTA5MTI3NjY5DQpYLU1JQ1JPU09GVC1DRE8tQlVTWVNUQVRV UzpURU5UQVRJVkUNClgtTUlDUk9TT0ZULUNETy1JTlRFTkRFRFNUQVRVUzpCVVNZDQpYLU1JQ1JP U09GVC1DRE8tQUxMREFZRVZFTlQ6RkFMU0UNClgtTUlDUk9TT0ZULUNETy1JTVBPUlRBTkNFOjEN ClgtTUlDUk9TT0ZULUNETy1JTlNUVFlQRTowDQpCRUdJTjpWQUxBUk0NCkFDVElPTjpESVNQTEFZ DQpERVNDUklQVElPTjpSRU1JTkRFUg0KVFJJR0dFUjtSRUxBVEVEPVNUQVJUOi1QVDE1TQ0KRU5E OlZBTEFSTQ0KRU5EOlZFVkVOVA0KRU5EOlZDQUxFTkRBUg0K --_002_0A52784B9330A94A9357569C34E81F5E92C4AA80BCQUTEXMBX03qut_-- Other than some minor differences in the name and time of the events, the main difference appears to be --- to xxxx@ieee.org +++ to xxxx@gmail.com -X-Spam-Score: undef - spam scanning disabled -X-CanIt-Geo: ip=131.181.191.3; country=AU; region=04; city=Brisbane; latitude=-27.5000; longitude=153.0167; http://maps.google.com/maps?q=-27.5000,153.0167&z=6 -X-CanItPRO-Stream: ddcc (inherits from 90_OPT_OUT,default) -X-Scanned-By: IEEE Spam Scanner (https://uce.ieee.org/) on 140.98.193.230 +Return-Path: d.dean@qut.edu.au If this is the difference that is causing the problem (I may have missed something, I guess), then why would the addition of these extra headers cause Gmail to not integrate with Calendar on these messages any more. I'm also interested in what has changed, because this used to work. It looks like older emails send through my IEEE address that I know had Calendar integration at the time no longer do, so I suspect that it is Gmail that has changed, and not IEEE.",https://webapps.stackexchange.com/questions/16459/why-arent-ics-attachments-send-to-my-ieee-address-working-in-gmail-anymore,1308718348,missed appointment,"{""answer_count"": 1, ""eligibility_rule"": ""Full Stack Exchange question; title/body contains domain term; request/problem-shaped title; native question ID"", ""is_answered"": true, ""native_id"": 16459, ""record_sha256"": ""cf77418f56a5b93ca4d616c7e8e2e6d80d0712199fe3fc3b83a951bd12f4d08e"", ""retrieved_at"": ""2026-07-19"", ""score"": 2, ""site"": ""webapps""}"
01b34323aee7effe,Stack Exchange Questions,question,"How do I achieve a ""shared inbox"" in Google Apps?","I have searched here and on Google for the best solution to achieve a similar function to a shared inbox here at my office setup. I also spent one hour with the Google Apps Support team in the States over the 'phone without finding a perfect solution. Your ideas might be much better. Here is the situation: We have eight users at the office, setup as name@example.com . Our umbrella company has five subsidiary companies. Using one subsidiary as an example, let us call it subcompany-x . I would like customers to be able to send an email to subcompany-x@example.com Three users should be able to receive this email and reply to it without exposing their personal email address. They should be able to reply as subcompany-x@example.com . All users should be able to read each others replies and follow all customer conversations. the CEO is using a Blackberry 'phone to check email and is not a techie person. The different options I see have different pros/cons: Creating a Google Apps User for subcompany-x@example.com and delegating this account to my three users. Problem: requires the users to login to a new account to read/reply. the CEO is not able to read/reply to emails from his 'phone. Creating a Google Group for subcompany-x@example.com and the other four subsidiary companies. Problem: 1. Expensive to add extra users. 2. When a user replies to a customer email from his Gmail inbox it appears as being sent from the user's personal email address and does not keep the other users informed of the reply. The Groups web interface does this perfectly, not the email setup. Creating email aliases. Problem: Only one user can have subcompany-x@example.com as alias . Making advanced settings in the Google Apps Control Panel Settings for Email routing. I don't understand these so well. Please let me know if I am missing something here. I really cannot get my head around this issue. It seems so simple, but it is not! Even Google themselves could not solve it for me.",https://webapps.stackexchange.com/questions/40967/how-do-i-achieve-a-shared-inbox-in-google-apps,1361942095,shared inbox email,"{""answer_count"": 2, ""eligibility_rule"": ""Full Stack Exchange question; title/body contains domain term; request/problem-shaped title; native question ID"", ""is_answered"": true, ""native_id"": 40967, ""record_sha256"": ""a8238abc0f0aa55d0f16f1ea552d4ddb819db26c11f6f443b0af853cd3cea3e3"", ""retrieved_at"": ""2026-07-19"", ""score"": 4, ""site"": ""webapps""}"
2b47c49e3dc44751,Stack Exchange Questions,question,Establishing a productivity measurement for an outbound-only Call Center?,"I am currently trying to establish how to hold a team of outbound-only reps accountable for production each day. I don't want to set an arbitrary number, but I do find it increasingly difficult to get an accurate production number. It first started off as: Calls Made/Calls Scheduled = Production % 120 Calls Made/140 calls Scheduled = 85% Production Then I realized this isn't a fair assessment, as it isn't taking into account other factors, such as: Handling Emails from customers After Call Work Scheduled meetings and other offline time Breaks Working with other departments offline (i.e. getting help from out IT or design group) They may not need to call every person I assigned them, like if a business is listed twice with the same phone number. System downtime Calls they didn't have to make (but were scheduled to make) So then the problem turned into this trainwreck, that I needed to calculate each week, for each person. Production Hours / Scheduled hours - (email hours + ACW - meetings and offline hours + system issue hours + a guesstimate of the time they spent working with other departments + calls they didn't have to make) This is nearly impossible to calculate as most of the info isn't fully tracked (we're a small, small business) and if it is tracked, it's across multiple systems. My questions: Do you see an easier way? Do you have any experience? Is there any software that does this or connects to a third-party CRM? Can you help me keep my sanity?",https://workplace.stackexchange.com/questions/150969/establishing-a-productivity-measurement-for-an-outbound-only-call-center,1578577342,crm difficult,"{""answer_count"": 3, ""eligibility_rule"": ""Full Stack Exchange question; title/body contains domain term; request/problem-shaped title; native question ID"", ""is_answered"": true, ""native_id"": 150969, ""record_sha256"": ""3915ccfae0c7bd91a7fa191f31a36495ac61b9dc8d6baceeb9154e8739729545"", ""retrieved_at"": ""2026-07-19"", ""score"": 0, ""site"": ""workplace""}"
b5eacb654f5a2657,Stack Exchange Questions,question,How do I respond to constant small criticism from a supervisor?,"I work part-time at an ice cream shop with overall a great team. However, one of my supervisors seems to always be giving me small reminders or criticism when I do a task. It almost seems like they want to snub me on every little thing. For example, small things like this: I was told to replace garbage bags an hour prior to closing, and I followed through. However, I thought it was too early because we were still receiving customers and it would give us a bad impression, but I decided to continue doing it because they had asked me to. So five minutes later, they tell me that it doesn't look good because there are still customers but I was literally instructed to do the task from them. Or when I wipe down counters, I'll forget to wipe a tiny spot and they call me out in front of other employees. Or I get reminded on tasks that are not part of my duty but another person's. I understand that I could overlook some things and will gladly accept any reminders but they are constantly reminding me every hour or so on different small things. They could simply be trying to help me out and remind me for the future, but other supervisors never have that much to say to me. Additionally, when I apologize they'll tell me that it's not something I need to apologize for and make me feel almost guilty for saying sorry. I know that I perform quite well because during performance review meetings I score quite high so I don't understand why that supervisor is so nitpicky. I have four other supervisors who are never on my case like that, just this one specifically. I'm not sure if I should speak up or if I should just tolerate it and assume that she is saying things to help me improve my performance. I just feel stressed whenever I see that I'm scheduled to work with them and brace myself for the constant small criticism.",https://workplace.stackexchange.com/questions/105766/how-do-i-respond-to-constant-small-criticism-from-a-supervisor,1517128869,customer reminder,"{""answer_count"": 3, ""eligibility_rule"": ""Full Stack Exchange question; title/body contains domain term; request/problem-shaped title; native question ID"", ""is_answered"": true, ""native_id"": 105766, ""record_sha256"": ""4467df7c56f2ae568fc877b7d61232c1ea30a367d70f5f1d61199ba906aad379"", ""retrieved_at"": ""2026-07-19"", ""score"": 4, ""site"": ""workplace""}"
1282e9a24c0c2ace,Stack Exchange Questions,question,"Interview Qs (eg 'dealing with difficult people', 'X happens - how to respond?') when many of my experiences are from an extreme environment","I have around 15 years working experience already so I'm not a workplace newbie, but I've never actually ""prepared"" for an interview or role-played answers or anything like that (I just turn up and talk!). I've had my share of success and failure with that 'technique' - as you can imagine - so I am working on proper interview technique in the hope of improving. I am also looking to move on to a more senior level role (in a different company) due to 2 reasons - I'm now ""stagnating"" here, and I'm not sure about the long term viability of the job (layoffs etc) due to signals I'm picking up. I am curious about how to handle interview questions like: (I made these up based on examples on websites so there may be a better way that a real interviewer would word them...) ""Can you describe a situation where you had to deal with a difficult person in another team?"" ""Deliverable X has to go to the customer tomorrow, but it will still take 3 days based on your estimates -- what do you do?"" ""What's a time you exhibited leadership?"" My problem is that out of those 15 years experience, my most recent (and largest amount of time / most senior / most relevant - edited to add: 8 years here) workplace is sort of ""extreme"" in that I can think of examples of those situations/scenarios but have been 'conditioned' into responses that I don't think are typical or are what interviewers are looking for. For example... In the 1st question (difficult people in other teams) we have a very ""conflict averse"" culture on the whole (which isn't the way I am naturally) and any 'difficult behaviour' with people in other teams is handled - if you can call it that - by passive aggressive behaviour and/or escalating it to their manager... Due to this I've mostly been on the ""receiving"" end (manager speaking to me because of my perceived being difficult towards others) rather than handling it. I am quite comfortable with conflict myself and don't really see ""difficult people"" other than I have to figure out this person's motivations and then make it work for them as well as for me. Maybe I'm lucky but I don't have too many ""difficulties"" with people as a result! With the 2nd question about the customer wanting Deliverable X tomorrow but it will take 3 days -- the response in my workplace is to somehow find a way to make it work, even if that takes an all-nighter or two, you have to call in favours ""off the record"" from people in other teams, cut corners in an undetectable way (that still produces the results). I know that isn't the ""right"" answer to that interview question and was struggling to think what was the right answer! I asked a friend (not at this company) who said a normal response would be more like -- ""figure out what we can complete by tomorrow and if we can agree with the client/product owner/sales person to deliver that ""minimum"" product, explain what the problem is and commit to follow up later with the ""full"" product in 3 days time."" Thinking about ""exhibiting leadership"" I have a limited amount of that in my normal role, but was faced with a situation last year where due to a combination of circumstances my manager, and her manager (so the 2 levels of management above me) were unexpectedly out of the workplace for a sustained period and I had to pick up a lot of responsibilities that weren't really my place. I didn't have anyone to ask (I was the 'senior' in the team but not their manager) and had to make it up as I went along. I didn't have a 'strategy' or anything like that, I was really just surviving day to day. 'Difficult/demanding customers' - my experiences with customers mostly seem mundane compared to the time I was 16 and the shop I worked in at the time was ""held up"" by an armed robber and I had to defuse that situation myself! I don't think an interviewer wants to hear about that though. Question: How should I respond to interview questions similar to the above, when I don't have 'sane' recent experiences to draw on? I have come across the situations, but my examples relate to more extreme experiences. I also want to get across that I'm more than capable of dealing with (what I perceive as) ""mundane"" situations compared to experiences I have already. NB: I looked at this question ('Spinning' a dysfunctional workplace) from the suggested duplicates but I don't think it's a duplicate because I'm asking how to come up with sensible answers to questions like ""dealing with difficult people"", rather than presenting the ""dysfunctional"" experiences in a positive light. Added a country tag but I don't think this is country specific.",https://workplace.stackexchange.com/questions/129116/interview-qs-eg-dealing-with-difficult-people-x-happens-how-to-respond,1550173443,follow up customer,"{""answer_count"": 2, ""eligibility_rule"": ""Full Stack Exchange question; title/body contains domain term; request/problem-shaped title; native question ID"", ""is_answered"": true, ""native_id"": 129116, ""record_sha256"": ""3846988c71ad96205e54639594bca727d3d980c4cf1c5f40bdd4b9a032972c13"", ""retrieved_at"": ""2026-07-19"", ""score"": 6, ""site"": ""workplace""}"
0d736c97a4a8e336,Stack Exchange Questions,question,How to respond to a customer's demand for payment extension?,I have a client who wants to purchase an artwork. After three weeks of questioning about my artwork finally he is convinced to buy it. I have offered him discount after his multiple request and 15 days of payment time in invoice. Now he is asking for payment extension. I think that he might ask for extension again! I'm actually tired of him because he is not paying and wasting my time. How to deal with it? Your expert opinions are appreciated. I have not mentioned late fee or due date interest fee in the invoice.,https://workplace.stackexchange.com/questions/66310/how-to-respond-to-a-customers-demand-for-payment-extension,1462209392,late payment invoice,"{""answer_count"": 1, ""eligibility_rule"": ""Full Stack Exchange question; title/body contains domain term; request/problem-shaped title; native question ID"", ""is_answered"": true, ""native_id"": 66310, ""record_sha256"": ""a7ad99c24d2c62dcf0e72b8245cc9fd47b37be5dbe60124abde283dab098b751"", ""retrieved_at"": ""2026-07-19"", ""score"": 1, ""site"": ""workplace""}"
13137926a01be379,Stack Exchange Questions,question,"First software job is miserable. First, are my concerns valid? Second, if they are, what do I do?","I'm in my first job as a software engineering grad in Canada. I took a job with a government agency this September after an offer fell through late (April) and I took the first job I could (as you will see, I am a person who needs proof that I am capable and that offer was a beacon in a mess). It has good pay (especially for my area which is not a software hub), but I can't wait to get out of there every day. The problems: They are extremely cheap when it comes to software spending for the developers. Bug tracking system? Too expensive. So we just don't track bugs in a centralized way. Independent QA systems? No, the three QA testers must either use one test server or learn to compile software themselves. We were told to just keep renewing our IDE trials every 30 days, so they don't pay for those either. We have very minimal access to cloud services because of the cost. We have to go easy on Jenkins to conserve hard drive space. The team is inexperienced as everyone gets hired on a temp to hire contract. The median time for a developer there is currently 6 months. The only person to be there more than a year is our lead. As a result, nobody knows anything about the systems. They oppose documentation because of ""Agile."" Forget documenting code, they don't even document features. I have been repeatedly assigned to develop features which already exist. Things just move so slowly. Each developer is supposed to do 21 points of work a sprint and a sprint is two weeks. I have consistently finished in under 6 days, including unit and Selenium tests (myself and the new QA are the only ones to do this type of testing). They don't finish and accuse me of ""pushing the pace."" My background. I have never had a proper software job before, so I don't know if it the environment or the job I hate. Past jobs were in quantitative finance, where the work was highly individual, as well as at a startup, where I was one of two developers. This is the first job where I don't make my own calls as to the pace of work or how complex things are, or don't get much insight into the project and just get handed widgets to do. What are my options after 6 months? A friend offered me a spot with her startup (I have done all their prior dev work), but with a recession plausible in the near future in Canada, I'm worried that 6 months as a government worker and time as the main dev at a startup will look absurd on a resume. I realize this isn't a discussion forum, so I have two clear questions. Is this normal for software development? Is it representative of your experiences? If it is not, then what can I do for my market value in the next few months (I'll stick around until at least March to avoid seeming like a job hopper).to exit effectively? I have a good engineering degree from a top Canadian university, good grades, a pile of hackathon awards (and can get more if they are useful), have a decent project to show off (my friend's tech startup website), etc. I have an ok StackOverflow profile too if that is worth anything (2000-3000 points and 150ish answers). It's just how to deal with landing badly after university which scares me.",https://workplace.stackexchange.com/questions/149499/first-software-job-is-miserable-first-are-my-concerns-valid-second-if-they-a,1575952976,lead tracking,"{""answer_count"": 7, ""eligibility_rule"": ""Full Stack Exchange question; title/body contains domain term; request/problem-shaped title; native question ID"", ""is_answered"": true, ""native_id"": 149499, ""record_sha256"": ""602e1c5c56581700a9ce0fa085a797d628a150c2ed06ee07deb54f9d93412230"", ""retrieved_at"": ""2026-07-19"", ""score"": 19, ""site"": ""workplace""}"
0392a20d4fc55629,Stack Exchange Questions,question,How do you handle being the only tech guy in a non tech team?,"The company I currently work for has a terrible amount of processes that require manual work, thus they are very limited in the amount of projects they can take, as their processes do not scale up, they have reached a point where they have to reject projects. These processes largely depend on manual setups, manual execution and writing Excel and Word documents and the like, an example of this, one of these processes involves filling more than 800 cells in a spreadsheet manually, another one exporting all those cells manually to another internal tool and so on. I was hired by this company around six months ago with a technical lead role, with the intention of transitioning the current department I am in from manual work to automated work with Python as a programming language. My profile is purely technical, I am a software developer and software architect with a decade of experience. During these six months, I have performed two different roles, building the Python infrastructure to automatically perform the processes and also use this same infrastructure to deliver results in a very important project they have, this is all working fine and I have been praised by the high quality of the deliverables. The infrastructure is as generic and flexible as it can be, and it can be customized via Python to satisfy the different needs of the projects. The logic is the same as for example project in React or in Django. Everything complicated is abstracted out in the infrastructure and available via a function call in Python, it is all designed so that the user only needs to program project specifics and combine blocks together using Python. The problem is, because other people in the department have been busy with other projects and the manual processes take so long, no one other than me has been working in this infrastructure or the projects derived from it, and no one else in the department is a programmer nor knows anything about Python, the little programming they have done is VBA. I showed my colleagues how everything worked and they recognize the value it delivers and find it amazing, but completely dislike Python, implementing the project specifics or maintaining the infrastructure. They are not programmers and the role they are supposed to transition to requires programming to a certain degree, implementing the project specifics requires knowledge of simple Python so I was hoping they would start from there in each project and witness the results themselves, but I am starting to believe this is never going to happen with the excuse they are busy doing the manual work in other projects. I have recently learned that an external company was hired in the past for the same thing I am doing but didn't get far. The other problem is that neither my manager nor other higher ups know anything about software, there are no hours allocated for the infrastructure so I put all the hours I spent doing the infrastructure, which is not project specific, to a specific project, as I was told, and now they believe that automated processes take too much time because that project took longer than expected, despite me explaining multiple times that most hours are infrastructure related and very little in actual project functionality. So I am looking for advice as I feel alone and I am not sure if I am hitting a wall, right now I have limited the growth of the infrastructure before it becomes too much for one person to handle, and focusing on gathering interest and getting proper statistics of what is possible to do and how much time it takes. EDIT: I will provide more context based on the answers provided. A process itself can consist in measuring a physical magnitude 800 times and reporting the results between certain thresholds or some criteria in an Excel spreadsheet 800 hundred times, right now this is done manually by a well paid engineer, who presses the button of a tool 800 hundred times every five seconds or so (as fast as he can) and does the filtering in his head and writes the data to a spreadsheet manually. The communication with the tool can't be done with VBA for several reasons including technical limitations of the language, nor this would scale or be maintainable to all the tools that measure that magnitude because they use different protocols and belong to different manufacturers. Note this is just a process in a huge framework of processes and projects that vary a lot and can change, and note that this is also required to be in real time despite it not being done in real time due to the existing technical limitations of it being done manually, customers have complained but it is not addressed. This is the reason why they praised the results of my work, because this kind of concerns were also addressed. So I need a proper language, and I chose Python because I know it well and it is the easiest to learn and start with, with Python I can handle all this well enough in real time and abstract away all the technicalities of tools, drivers and so on and just I expect from the user some Python code to establish the filtering criteria for the results and where the tool is located by its IP. I personally do not find this complicated. I could abstract this to a graphical user interface to avoid users using Python, but note that if I do this for every process, it would mean I would be implementing everything piece of functionality myself in every project while my colleagues just press a button. And not all processes adapt well to a GUI, they require some logic to be implemented via Python, I would not be able to handle this volume of work myself nor it is the intention, the intention is that people start automating things like I am doing myself. The intention is that I handle the infrastructure and complex problems myself, while they automate the needs for other projects with this infrastructure using Python. I spoke with everyone involved and shared the vision for the infrastructure before starting and explicitly mentioned that Python would be used unless and the multiple reasons for this, specifically the growing complexity of the projects and the fact that the current way of working implied that a lot of customer requierements were not being addressed. I now realize that perhaps they said OK without thinking too much. The adoption of this tool is being encouraged by giving me time to show other members how it works, and two people have been selected to start working on it with me, and I have to teach them as much as I can throughout this year, but I am not sure if they are happy about it, and if you do not like programming life can be hell. By generic and flexible as it can be I do not mean it is complicated or there is too many pieces of functionality, it means that they have a single entry point to a functionality regardless of the setup, and the infrastructure handles all the underlying details of communication, protocols and algorithms behind the scenes, they can use whatever tool is available with the infrastructure and reproduce the same results, by generic and flexible I mean that it is not dependant on specific tools or hardware, you simply call a function in Python to get a value from a combination of tools and it handles all the details and intercommunication for you and gives you a value. In my oppinion, I find that learning a bit of Python is required for what the company intends to do with the department. The company is explicitly getting projects that require a high level of custom automation of processes to get results in very short timeframes. REGARDING NON-TECH I am supposed to be the technical lead for the transition, but the title is the same as everyone else in the department if not for the senior tag. By non tech I did not mean that I am working with people from other areas, I meant that I do not consider the manual work that is being done in the department as technical as anyone can press buttons and fill spreadsheets. By other companies standards, we are way behind in terms of processes and timeframes.",https://workplace.stackexchange.com/questions/183202/how-do-you-handle-being-the-only-tech-guy-in-a-non-tech-team,1646490930,manual data entry,"{""answer_count"": 5, ""eligibility_rule"": ""Full Stack Exchange question; title/body contains domain term; request/problem-shaped title; native question ID"", ""is_answered"": true, ""native_id"": 183202, ""record_sha256"": ""bcaeddca2714c8a60849ec6196cd061dad699cedbe7fa089cd943e1f2f32637b"", ""retrieved_at"": ""2026-07-19"", ""score"": 0, ""site"": ""workplace""}"
69e01ed1d79a896b,Stack Exchange Questions,question,How can I deal with a very lazy co-worker?,"I'm working as a software developer at a startup in Istanbul/Turkey where there are only 2 full-time developers (including me) and 3 part-time staff (tester, developer, ux designer). Yesterday I had an appointment with a dentist, and while I wasn't at the office, my fellow full-time developer changed the data format of a webservice from which I gather data for our iPad application. He changed it because the part-time developer and I are developing another version with Apple's new programming language (Swift). An hour ago I realized the old version (which is still in use by our client in Germany) is crashing in a very ungraceful way due to last changes he made. I tested the app last weekend and it was fine, so I definitely know it crashes because of his code. I suggested he make a copy of his latest work and simply undo his changes for me. After undo, he could add his latest work, so both versions will run properly. The reaction I received was in a very loud sound, and he was saying (politely and shotly translated here) ""I'm not doing it"". If i simply said ""shut up"" and left the room, I might have to punch him in the face. We were really good colleagues; I did nothing to upset him. He's also the cousin of the founder but it's not all good between them. I've had to cover up his big messes twice already. Just 2 weeks ago I was with my boss at 23:00 at the office because of his mess. Eventually I fixed the problem but it's now causing a delay on my deadlines. Next month my masters degree courses begin in addition to a Microsoft certification course. I don't want to cover for him anymore and miss my deadlines, but sometimes parts he makes are used in my work. What should I do? I only wrote problem on Trello and tagged him along with freelance dudes, and take a screenshot of it.",https://workplace.stackexchange.com/questions/32920/how-can-i-deal-with-a-very-lazy-co-worker,1409041920,missed appointment,"{""answer_count"": 3, ""eligibility_rule"": ""Full Stack Exchange question; title/body contains domain term; request/problem-shaped title; native question ID"", ""is_answered"": true, ""native_id"": 32920, ""record_sha256"": ""edabf4a976a3075e96eff5d89b91723fbcb6aa74b79b380a7d8cd0d8475e7f58"", ""retrieved_at"": ""2026-07-19"", ""score"": -3, ""site"": ""workplace""}"
0614bf61781441bd,Stack Exchange Questions,question,Is it the manager's job or the employee's job to set expectations?,"Who should set work expectations / goals? Employee or Manager? Hoping some managers out there can weigh in. I recently had a performance review that was lacking in some categories and was surprised as I had a good mid-year check-in and had not received any negative feedback. After speaking with me manager, I discovered there were goals they had that I was not aware of. They feel my work is not always related to the team's priorities. We have weekly team meetings so I should be able to derive the team's priorities from the discussions and make sure what I work on is related that priority. I should take on more tasks from the shared team email. If unsure about points 1 and 2, I should ask questions or walk over to the manager's office during our in-office days to check-in (1:1 meeting). I feel like point 1 doesn't make a lot of sense. A lot of times team meetings are about what others are working on so it doesn't really pertain to my tasks. Therefore there really isn't anything for me to ""prioritize"" . My manager also used the words ""read between the lines"" when talking about the team meeting discussions, which I think is silly; if the manager wants something, I think they should just tell me. For points 2 and 3, I think that gets to the heart of my question about work expectations. It sounds like my manger wants me to the be the one seeking out what I need to do / what work goals I should have. E.g., for the shared inbox, if something comes in I'll see it and then wait for my manager to assign the task to one of the team members. But it sounds like they would prefer I jump on it first and then ask them if I can take on that new request. Overall, I can't really see any good arguments for point 1 since that requires making assumptions about what people are thinking, but I'm second guessing myself for points 2 and 3. We haven't had any 1:1 meeting. I just figured since my manager didn't schedule any, it was not interested and was satisfied with my work. But sounds like they wanted me to schedule them / start them impromptu? Should I be the one constantly going out and asking ""Hey what do you need this week? Are their new priorities today from higher-ups? Should I work on that request that came in today?"" I was originally thinking no, but then I thought about how for other things in life if I need something I have to seek it out. e.g. if I want to file taxes, I need to look up what to do; the burden is on me since I face consequences for not doing it. Similarly, maybe since I want to keep my job, the burden is on me to make sure I'm doing it correctly and meeting all expectations, and therefore I should be the one figuring out what those expectations are so I don't face the consequence of a poor review / being fired. Thoughts? Thanks!",https://workplace.stackexchange.com/questions/190828/is-it-the-managers-job-or-the-employees-job-to-set-expectations,1680279654,shared inbox email,"{""answer_count"": 3, ""eligibility_rule"": ""Full Stack Exchange question; title/body contains domain term; request/problem-shaped title; native question ID"", ""is_answered"": true, ""native_id"": 190828, ""record_sha256"": ""257847e39b770a800ebf9dc9a1992258ed7a3c160467b17f60a04e6b762213e0"", ""retrieved_at"": ""2026-07-19"", ""score"": 3, ""site"": ""workplace""}"
49a1a69c92a9bf08,Stack Exchange Questions,question,Is scope creep before work has even started a warning sign?,"Awhile back, I was approached by a prospective client with a project. She had a pretty grand vision of what she wanted, but I managed to get her to agree to a limited scope for a first iteration. She seemed happy, and we started to move forward. A contract was drafted, and an invoice for a down payment was sent out. A week later, she wanted to meet again, and she had some changes to make to the scope. Specifically, she wanted to expand it. As soon as she said this, I felt my stomach twist, but I didn't know why. I explained that the additional scope would mean higher cost and later delivery date, which she was ok with (even though she had initially indicated that there was a hard deadline on the project). I recommended that we start with a limited scope so that we can create an MVP before adding more features, but she was adamant that the additional features were necessary for the initial iteration (even though there would have been no difference in terms of pricing and time between producing the MVP in iteration one and then immediately beginning the second iteration to add the extra features that she wanted). But, I agreed to the increased scope, she agreed to the increased cost and new delivery date, everybody seemed happy, and we got ready to start up again (at this point, the contract was still unsigned, and the initial invoice was still unpaid). A week later, she emailed me to let me know that she was dropping the project. Was my instinct correct? Is increasing the scope before work has started a ""red flag""? Or is that not usually a problem, and there was more likely something else going on here?",https://freelancing.stackexchange.com/questions/546/is-scope-creep-before-work-has-even-started-a-warning-sign,1374499168,late payment invoice,"{""answer_count"": 6, ""eligibility_rule"": ""Full Stack Exchange question; title/body contains domain term; request/problem-shaped title; native question ID"", ""is_answered"": true, ""native_id"": 546, ""record_sha256"": ""613ba8de4b66e9020fcf345df8e7165ae086d1832602166ff8d7bf39ea54c4c3"", ""retrieved_at"": ""2026-07-19"", ""score"": 9, ""site"": ""freelancing""}"
f9b7afc2fb112fec,Stack Exchange Questions,question,Is it allowed to transfer money between countries to make profit from currencies fluctuation?,"I will try to be more specific as I expect rules/taxes to be country specific. I am a French currently living in UK. I have both EUR and GBP account in each country. Because of brexit, GBP has fallen down and I was thinking about taking advantage of it. My question is: Is it allowed to tranfer 50-100k EUR to my GBP UK bank account, wait few months/years then transfer it back to my EUR french bank account? If so, is it taxable and how? I would be surprised that currency speculation is allowed without any controls/rules. As a reminder, UK is still part of EU for now. Thank you for the replies. Edit : I am concerned with customs. Importing a quantity of money higher than the one exported will probably have to be justified. I am not sure ""currency speculation with profit"" would be legal. Edit 2 : Here an example to clarify the situation ( Various bank fees won't be included ): Initial situation: EUR French bank account: 100k EUR GBP UK bank account: 0 GBP 100k EUR are transfered from France to UK Temporary situation is: EUR French bank account: 0 EUR GBP UK bank account: 100k EUR However my UK bank account is in GBP therefore UK bank immediately exchanges EUR to GBP with internal rate Situation is now: EUR French bank account: 0 EUR GBP UK bank account: 80k GBP Fortunately, GBP/EUR rate is increasing and I decide to send all the money in EUR back to France Temporary situation is: EUR French bank account: 0 EUR GBP UK bank account: 150k EUR I patiently wait for the conversion + transfer Final situation is: EUR French bank account: 150k EUR GBP UK bank account: 0 GBP Conclusion: French customs will see 100k EUR leaving then 150k EUR incoming few months later. My concern is about 50k EUR difference justification. I cannot imagine that France/UK won't try to tax this profit. I hope this example was clearer.",https://money.stackexchange.com/questions/67237/is-it-allowed-to-transfer-money-between-countries-to-make-profit-from-currencies,1468324921,customer reminder,"{""answer_count"": 1, ""eligibility_rule"": ""Full Stack Exchange question; title/body contains domain term; request/problem-shaped title; native question ID"", ""is_answered"": true, ""native_id"": 67237, ""record_sha256"": ""97be4b28c4599fa749e1d51a1841dd24c75d5a3e2d483505cc44376c6d494c29"", ""retrieved_at"": ""2026-07-19"", ""score"": 1, ""site"": ""money""}"
1f3dead820b9776c,Stack Exchange Questions,question,Why would a lender raise interest rates if you are in danger of not being able to pay your loan?,"This is a follow-up to this question . It is established that lenders charge higher interest rates to customers less likely to be able to repay their loan in full, but this increased rate shouldn't affect the borrowers ability to pay much because they will be loaned a lower amount. But what about the case where the lender increases the rate after the loan is already established? For instance, if a borrower is 60 days late on paying their credit card, the credit card company can impose a penalty APR of 29.99% which applies to the existing balance. But why would they do this? If the borrower is having trouble making their payments - say they lost part of their income and their cash flow is marginal, then an increase in interest rate is going to increase how much they have to pay, and could push them into a debt spiral they can't recover from.",https://money.stackexchange.com/questions/98761/why-would-a-lender-raise-interest-rates-if-you-are-in-danger-of-not-being-able-t,1534570435,follow up customer,"{""answer_count"": 3, ""eligibility_rule"": ""Full Stack Exchange question; title/body contains domain term; request/problem-shaped title; native question ID"", ""is_answered"": true, ""native_id"": 98761, ""record_sha256"": ""1c3bc3673a65c8aad30c98f2e1c07d669852f6fd640b93f17d6185624d0db298"", ""retrieved_at"": ""2026-07-19"", ""score"": 3, ""site"": ""money""}"
0d57000d7957eea7,Stack Exchange Questions,question,As a sole proprietor can I charge a fee for being paid by check or card,My Background I am a sole proprietor (freelance programmer) and usually receive payment for projects by check. I send an invoice to my clients with a breakdown of my work and payment terms. Because of the long turn around checks are becoming for getting paid I setup a Google Wallet account and taught my clients how to pay me through that. Now I get paid much faster. For any tax implications to this question and answer my business operates out of Idaho and California. My Question To discourage future clients from choosing the check option I would like to charge a $5 fee per check; which of course based on the client and situation I would waive. This is legal to do correct? Does this fee count towards what I have to pay taxes on (1099) since I'm charging it to discourage that option but not because I have a check processing fee? If I state it in the terms can I charge a $25 late/ bounce fee and does this also count towards what I have to pay taxes on (1099). Similar Scenarios That Could Benefit Others Does the answer(s) to the above question(s) change if: I do have some kind of fee from my bank for cashing checks. My bank or payment processor charges a 3.5% fee on payments made by card and I want to pass that fee on to my client.,https://money.stackexchange.com/questions/71753/as-a-sole-proprietor-can-i-charge-a-fee-for-being-paid-by-check-or-card,1476551378,late payment invoice,"{""answer_count"": 1, ""eligibility_rule"": ""Full Stack Exchange question; title/body contains domain term; request/problem-shaped title; native question ID"", ""is_answered"": true, ""native_id"": 71753, ""record_sha256"": ""636a72c4a18e313172c45e3b1c3daccf3ce1cba7d9d4879b11b8d65e58d75bc8"", ""retrieved_at"": ""2026-07-19"", ""score"": 3, ""site"": ""money""}"
1a9d6a59ea245b47,Stack Exchange Questions,question,What do the scammers do when they get access to someone's online banking?,"Lately all the banks around here (Latvia) have been sending out warnings about scammers that try to get access to your online banking. Fair enough. But what confuses me is - so, what can they do after that? I mean, obviously they can transfer my money wherever, but... those transactions will be traceable. They'll just be leaving a trail of breadcrumbs leading straight to them. Sure, if they hoodwink just one or two people the bank might not notice (and not believe the victims, since all the operations will be properly authorized), however it's obviously gotten to the point where the banks are quite annoyed and would probably be very interested in tracking them down. So why don't they? What can the scammers do that can get them money yet leave them untraceable?",https://money.stackexchange.com/questions/146435/what-do-the-scammers-do-when-they-get-access-to-someones-online-banking,1637536304,lead tracking,"{""answer_count"": 9, ""eligibility_rule"": ""Full Stack Exchange question; title/body contains domain term; request/problem-shaped title; native question ID"", ""is_answered"": true, ""native_id"": 146435, ""record_sha256"": ""d6f70f4a08681dcfbb4bf8335bda989d7bd85022a4ec4b3d24b58ff31f539b65"", ""retrieved_at"": ""2026-07-19"", ""score"": 26, ""site"": ""money""}"
b81cf9fd01909c0a,Stack Exchange Questions,question,How do I configure canned responses in GMail so that it only sends the auto response to the original email and not to follow-up emails?,"The Company I work for deals with many customer enquiries and we rely a lot on email correspondence. I know how to create a canned response in GMail and am aware of its filters, but I was wondering if there's a way for the canned response to only be sent out to the original email enquiry and NOT the consequent follow-up emails (this would get annoying for the receiver!). E.g. Whenever let's say an email comes from abc@gmail.com we can trigger the canned response to get sent, but if that same email address is replying to add to his/her enquiry, then that same canned response would no longer be appropriate. Is there a way for GMail to track follow-up emails for canned responses?",https://webapps.stackexchange.com/questions/57608/how-do-i-configure-canned-responses-in-gmail-so-that-it-only-sends-the-auto-resp,1393553939,follow up customer,"{""answer_count"": 1, ""eligibility_rule"": ""Full Stack Exchange question; title/body contains domain term; request/problem-shaped title; native question ID"", ""is_answered"": true, ""native_id"": 57608, ""record_sha256"": ""3384c3a7b4e51c50f2b3ae1fdd93902f0377c4f6b23c426f5c7c63c7fe8f051d"", ""retrieved_at"": ""2026-07-19"", ""score"": 1, ""site"": ""webapps""}"
8c44d476306defbc,Stack Exchange Questions,question,Do I have to add a payment account with Stripe before I can change the Require Payments setting?,"I am using the form so that parents know how much tuition and fees they have to pay, based on their requirements - essentially I am creating an invoice. However, I don't want to actually process payments with Stripe. So, the option for them to ""Pay Later"" would be my option for payments. All the help documents on the site show that I can change the ""Require Payment"" setting to Never, within the Payment Settings window. However, when I am in the Payment settings, that option is not available. Am I missing something? Do I have to add a payment account with Stripe before I can change the Require Payments setting?",https://webapps.stackexchange.com/questions/76127/do-i-have-to-add-a-payment-account-with-stripe-before-i-can-change-the-require-p,1429300979,late payment invoice,"{""answer_count"": 1, ""eligibility_rule"": ""Full Stack Exchange question; title/body contains domain term; request/problem-shaped title; native question ID"", ""is_answered"": true, ""native_id"": 76127, ""record_sha256"": ""6a81703efdaf037ac9b439d1a239938f0aa2c2a1629b96513d87020b8c535607"", ""retrieved_at"": ""2026-07-19"", ""score"": 0, ""site"": ""webapps""}"
26379bd75af48266,Stack Exchange Questions,question,Which field sales automation software offers the best value for money?,"I'm currently evaluating field sales automation software for my business and want to understand which solutions offer the best value for money. My team is growing, and we're looking for features like live GPS tracking, lead management, customer visit tracking, reporting, and mobile access without paying for unnecessary enterprise features. I'd love to hear from people who have actually used these tools. Which software has worked well for you, and why? What factors should I consider before making a decision?",https://webapps.stackexchange.com/questions/182469/which-field-sales-automation-software-offers-the-best-value-for-money,1782818370,lead tracking,"{""answer_count"": 0, ""eligibility_rule"": ""Full Stack Exchange question; title/body contains domain term; request/problem-shaped title; native question ID"", ""is_answered"": false, ""native_id"": 182469, ""record_sha256"": ""a93985f2441b410896d5c60036bbfcc4350477556408e44e15588d27b452f07f"", ""retrieved_at"": ""2026-07-19"", ""score"": -2, ""site"": ""webapps""}"
5e61d5ce64047ea0,Stack Exchange Questions,question,"Recommendation for a web app to track Time, like a Time Clock at work?","I'm an independent contractor, and work on many different jobs throughout a given day... I'm trying to find a decent web-app based time clock so I can use my phone or the computer to access it. It is important for me to easily dump this data out to another usable format (CSV / API / Reports / etc). Requested Features: Note: not all features are required, just some ideas of what will become my accepted answer Clock In / Clock Out entries Manual entries (1 hour doing something where I wasn't at the computer) Job Tracking (which client am I working for, what task?) Reporting I would love to see reports per day/week/client/etc. Even a CSV export of data would be usable for me Assistance with Billing using paypal/or even printable invoices would be amazing. Ability to have multiple users on the same ""time clock"" account would be a bonus as well. (Imagine being the boss of 2 or 3 employees and needing to see their time clocks as well)",https://webapps.stackexchange.com/questions/1866/recommendation-for-a-web-app-to-track-time-like-a-time-clock-at-work,1278541305,manual data entry,"{""answer_count"": 20, ""eligibility_rule"": ""Full Stack Exchange question; title/body contains domain term; request/problem-shaped title; native question ID"", ""is_answered"": true, ""native_id"": 1866, ""record_sha256"": ""a4bbbfd345d8c249dd614607118e76a7dfa67ecb87098504572857253752e183"", ""retrieved_at"": ""2026-07-19"", ""score"": 19, ""site"": ""webapps""}"
0839d616a9e0626d,Stack Exchange Questions,question,"How can I make Gmail re-route all incoming mail to a specific folder except from addresses I ""whitelist?""","The problem is, I'm getting tons of marketing emails, newsletters, etc., and all of these companies share their email lists with their partners. Plus, my unsubscribe requests aren't always honored, despite what the confirmation page says. It makes it really hard to catch the emails I actually want to see. What I want is to tell Gmail to 'skip the inbox' and send all email directly to a folder called 'incoming.' From that folder, I can identify the types of emails I want to see and have them go to my inbox. ...basically a reverse filter--a filter that includes email that meets my criteria instead of excluding it. Any ideas? Thanks in advance!",https://webapps.stackexchange.com/questions/139199/how-can-i-make-gmail-re-route-all-incoming-mail-to-a-specific-folder-except-from,1583157158,shared inbox email,"{""answer_count"": 0, ""eligibility_rule"": ""Full Stack Exchange question; title/body contains domain term; request/problem-shaped title; native question ID"", ""is_answered"": false, ""native_id"": 139199, ""record_sha256"": ""2d68542b1a6a4dbf433cb0e69e2c2b73013274a042216bb2dde40ab6490ef63d"", ""retrieved_at"": ""2026-07-19"", ""score"": 1, ""site"": ""webapps""}"
5d32ad72ef76d854,Stack Exchange Questions,question,How to delegate work and still keep relationships with colleagues,"I had recently started a job, some time back. At first, I took on everything that was given to me, in terms of workload. I took on other people’s work, as I was afraid of getting fired, or, not making probation. I made probation and then senior management realised that I was doing work which was the responsibility of other staff,..., and at the end of the month,..., which was an extremely busy period,..., with extreme deadlines,... it was way too much for me to do. It was decided that data be entered into a CRM, by the Sales Team, and that I would be responsible for double checking the data and making amendments,..., and other tasks. At first, this was very difficult to enforce. Teams were up in arms,..., regarding the newly delegated tasks, complaining constantly to management and even taking personal shots at my personal life,..., as they did not want to do this. Management kept enforcing that they needed to do it,..., but with great resistance and anger from teams. When the team member would leave the entire worksheet of the CRM blank,..., I would screenshot the blank sections and kindly remind them in an email, cc’ing their manager that these were the fields that they would needed to complete. They would call their manager, angrily,..., saying that they were way too busy,..., (which was clearly a lie),..., and the decision would be enforced by their manager,..., but with great difficulty. The teams then made comments at lunchtime to each other which were personal negative comments regarding my personal life,..., and would rather than see this as a decision that was now being enforced by management,..., they would view this as a playground school fight,..., where they would now need to bully. Trying to now build a relationship with the team which I was to support was very difficult. My question is,...; Anytime that a decision is made to delegate work to another team member,..., there is always resistance. People always don’t understand the logical reasons behind it. There will always be those who will resist it,..., and it will now need to be enforced. How do I go abouts ensuring that a decision made for a logical reason by management is enforced,..., and still keep relationships with the team?",https://workplace.stackexchange.com/questions/141554/how-to-delegate-work-and-still-keep-relationships-with-colleagues,1564877994,crm difficult,"{""answer_count"": 2, ""eligibility_rule"": ""Full Stack Exchange question; title/body contains domain term; request/problem-shaped title; native question ID"", ""is_answered"": true, ""native_id"": 141554, ""record_sha256"": ""947b8d84769394b3efeb342bca06ac4997f23ae8bb3532c0693dddaba8213fc1"", ""retrieved_at"": ""2026-07-19"", ""score"": 3, ""site"": ""workplace""}"
cdda1dc4dbab7004,Stack Exchange Questions,question,How to respond to someone who condemns behavior similar to what they exhibit?,"I am an independent contractor working remotely for Company A. I have worked on and off with this company (or a version of it) since the mid 90's either remotely, at their HQ, and also on occasion at their customer's sites as a part of Company A's team. As a result I personally know and have worked with many of the main people in the group I contract to. In recent years I have been working on projects with Sam, who is sort of PM/Team lead, but I see him more as a colleague than anything else as we both work on separate aspects of the same projects and he doesn't direct or architect my work. Last week I had need of some basic information about some technology that I haven't directly worked with. So I jumped on the company IM and called up some SMEs that I know in order to get some general information on said technology. (The sort of thing that if I was at HQ I would go around to their cube for a casual chat about it.) Later I had a phone conference with Sam and during it I used my newfound knowledge to point out where we really need direct input from an SME - but did not mention my previous IMs. Today Sam went and saw one of the same SME's that I'd IM'ed and discussed the project with them (and who apparently related that I had previously chatted with him). Then this afternoon Sam sent me an email about that discussion which ended with this statement: As a reminder, if you are contacting any team member regarding the projects you are working on with me, I would like to be copied. Else, you are making me look bad! This was a bit of a shock to me. If I had written an explicit email to an SME asking about specific requirements, then I would have CC'ed Sam. However I considered this IM to be similar to a casual chat around the water cooler. I am considering a response along the lines of Sam it would never be my intention to make you look bad, but IMHO in this case I think you are overreacting. All I was doing was chatting via IM with the SMEs in order to get general ideas about how this technology operates and how we need to apply it. However I am not sure if this is getting to the crux of the matter that prompted Sam's comment, as Sam has previously exhibited desires to be in control of things he doesn't need to be in control of. So does my proposed response seem reasonable, or is there something that I am totally missing? Update After sleeping on it and reading the current answers and comments I realized that I was leaving something out of the picture. First of all I see @Sander's point that my IM with the SME did cross the line of a casual conversation. Point taken. Also, the environment that I work in is very casual and fluid, and the projects are so horrendously under specified that people are always jumping on IM/phone and asking casual questions. Second point @Justin - it's rather hard to forward a transcript of an IM that morphed into a voice call (as regularly happens when IM'ing as voice is more dense than text). The bit that is missing is that Sam pulls this similar stuff to this on me all of the time, so I find it a bit off-putting that he is complaining to me about doing it. As an example of what Sam has done in the past: A few weeks ago I wrote a 60 page technical document describing proposed changes that Sam needed to read in order to understand the scope of the work we are undertaking. Sam had a meeting with another SME without telling me and spent a couple of hours reviewing that document and inserting cryptic single line comments in various places. I only found out after the fact and then had to go back to the SME and go over each comment line by line in order to understand what they were saying. It would have saved me a lot of time if I had known about that meeting ahead of time and been able to participate in it. Thus in hindsight part of what I am reacting to feeling like I am being held up to standards that Sam himself doesn't adhere to. Update 2 After reading Gregory's answer I am now thinking he is onto something with his comments about teamwork in general, and that Sam and I are a slightly dysfunctional team (even though we still deliver the goods) and that my reply needs to take that into account. Thus I think that my reply should now be along the lines of: Sam, I should have told you that I spoke with the SMEs, but at the time I didn't see the need to do it. In hindsight I can see that I could have put you in a bad position, and for that I apologize. However there have also been times where I have felt left out of the loop by you under similar circumstances (EG reviewing document with SME). Thus I feel we both need to step up in this aspect in order to improve our teamwork.",https://workplace.stackexchange.com/questions/139545/how-to-respond-to-someone-who-condemns-behavior-similar-to-what-they-exhibit,1562039213,customer reminder,"{""answer_count"": 4, ""eligibility_rule"": ""Full Stack Exchange question; title/body contains domain term; request/problem-shaped title; native question ID"", ""is_answered"": true, ""native_id"": 139545, ""record_sha256"": ""43cedc0f3cb6aacd1e5cab3f80be0ffea1a62a9033825624c683fa271ebd12b3"", ""retrieved_at"": ""2026-07-19"", ""score"": 29, ""site"": ""workplace""}"
151b416bb9882ba2,Stack Exchange Questions,question,How to deal with under-performing coworker during leadership change,"I work in IT, in a healthcare facility in the US. The IT department manager was fired. Unrelated, the next level boss—the CFO—transferred to another facility. It has been declared that the manager position was closed and will be replaced with a supervisor position. I am certain I will be given the supervisor position— and my tech position will not be replaced . As a byproduct of the strenuous circumstances, I have come to realize that one of my coworkers—a junior tech—is under-performing. Although his technical skills are competent, his workplace-skills are severely lacking. The rest of the team has a difficult time interacting with him, the majority of his work requires follow-up & re-completion, and other departments have complained about his attitude and performance. Prior to these circumstances, I deferred judgement to my manager. Additionally, I have become friends outside of work with this under-performing coworker. Admittedly, I've been a terrible example to my coworker due to burn-out . I privately discussed his attitude and performance with him, and he has slightly improved. However, I don't know how to approach the rest. We have met our new CFO, and discussions have started concerning the supervisor position and the structure changes. With the expectation that I will be the new supervisor, how should I approach and communicate the issue concerning my under-performing coworker? The morale in the department is fairly low and this is causing additional stress. Additionally, I believe my coworker may be capable of maliciously retaliating. These are the ideas I came up with Privately encourage him to seek alternate employment. Being a junior, his position may be eliminated in further re-structuring (unlikely). Discuss the issue outright—risk losing a friend Morale is low enough that the outcome may be disastrous Bring the issue to HR and new CFO I feel like this would appear political and give a bad impression. Do nothing until leadership and structure changes are in-place. This actively harms the department and customers.",https://workplace.stackexchange.com/questions/99379/how-to-deal-with-under-performing-coworker-during-leadership-change,1505976877,follow up customer,"{""answer_count"": 7, ""eligibility_rule"": ""Full Stack Exchange question; title/body contains domain term; request/problem-shaped title; native question ID"", ""is_answered"": true, ""native_id"": 99379, ""record_sha256"": ""cd85cef405f96c0e4ffc731addbf36fc84c71e267cd9b364d77d7126f2f6b4ff"", ""retrieved_at"": ""2026-07-19"", ""score"": 28, ""site"": ""workplace""}"
443c66c3be9ccbd9,Stack Exchange Questions,question,"Company late to pay for software engineering contract, unsure what to do next","I just completed a one month software engineering contract. Halfway through, I sent an invoice for half (specified in the contract), and it was viewed but not acknowledged. Yesterday, the last day of the contract, I rolled it into a full invoice. The CEO apologized for being late, and said the admin side of the company was hectic since they were busy closing a funding round this week, and that he was ""fixing this."" However, there is currently no payment sent so I'm not sure what to make of this response and what to do next. Normally I would just be patient and wait a few business days, but the fact that the halfway payment also hasn't been sent is making me feel uneasy.",https://workplace.stackexchange.com/questions/177331/company-late-to-pay-for-software-engineering-contract-unsure-what-to-do-next,1628376021,late payment invoice,"{""answer_count"": 1, ""eligibility_rule"": ""Full Stack Exchange question; title/body contains domain term; request/problem-shaped title; native question ID"", ""is_answered"": true, ""native_id"": 177331, ""record_sha256"": ""b33676166401e55254eeff87ce597fe2e3eff34e84477423490f90cf08057c20"", ""retrieved_at"": ""2026-07-19"", ""score"": 0, ""site"": ""workplace""}"
1350f36bf3e24ac8,Stack Exchange Questions,question,How to effectively transition portion of a complex project to a 2nd developer?,"I work at a consulting company as a data engineer. Over the last 1.5 years, I built out a highly complex data lake/data wrangling implementation for a client. Everything is documented pretty extensively. Now that we finished Phase 1, I'm starting to build out a whole new section as a Phase 2. While that's going on, there is still a nice list of enhancements that the client wants for the Phase 1 section - in addition to regular maintenance. We have the scope/hours for that, so no issues with enhancing/supporting Phase 1. But in order to load balance my time & allow me to focus on building out Phase 2, we've added another developer to help support/enhance Phase 1 based on their requests. (Up till now, it was just me & a non-technical project lead who managed the project overhead and the client relationship). This developer who's joining the project is excellent - In fact she actually was one of the people who trained me in when I joined the company. However, the implementation is very complex, and it's taking a while for her to get ramped up on the project & the setup (for example, difference between certain tables; where to add logic; how to effectively troubleshoot oddities; etc) even with the existing documentation. In theory I wouldn't have an issue with a long ramp up, since I fully recognize how many pieces she needs to learn about the implementation. However, I'm having issues getting enough time to focus on Phase 2 building, since I'm still needed to be pretty involved with requests/discussions regarding phase 1. I only have a specific amount of hours allotted to this project per week, and due to my other projects it's not likely that I'll be able to increase those hours/week. So here are my questions: What are ways to effectively hand off ownership of a complex setup? I've thought about how this would look if I was leaving the company or got hit by a bus, and honestly I think the whole project would take a massive hit backwards for a while (and that's assuming it wouldn't blow up totally) but it definitely wouldn't be pretty. But I'm really not sure what I could've done differently to avoid having me as the single point of failure - after all, I was the only one working on it. So far I've made sure things are documented, used a running to-do for the desired enhancements, and starting next week I set up a weekly touchbase for her to ask any questions. Is there anything else I can do to help this transition go faster? Do I just need to slow down on Phase 2 for a while? Working slowly when building something new lowers my productivity by at least 50% b/c it means my work time for it will be very disjointed & broken up. Thinking long term, should I consider myself the Lead Developer for this implementation, or should I consider this a project which will have two side-by-side developers (each managing different pieces) without a real lead? Is that naive of me to think this project could manage without a tech lead? If I was going to be the Lead long-term, I would stop focusing on making sure she knew the full Phase 1 setup, and I'd focus on just trying to hand off ownership of specific tasks. I have the flexibility here to set this up in whichever way makes most sense (leading vs splitting), but I'm not sure - which option is more likely to set us up for success while solving this load-balancing issue? The client still prefers to come to me with their questions about Phase 1. I get why - I'm the one who knows the answers at this point. But that's not good for this transition since it moves my focus back to Phase 1. The client is not technical, so a lot of questions are just explaining logic & processing steps. Should I push the client to ask this other developer their questions, even though I know she will likely end up coming back to me to discuss it first anyways? The project manager is very non-technical but usually pretty helpful in keeping track of open items & progress. We have a great relationship. When I communicate to him why I'm making so little progress per week on building Phase 2, he's going to ask what he can do to help the situation. Is there anything he can do to help?",https://workplace.stackexchange.com/questions/140204/how-to-effectively-transition-portion-of-a-complex-project-to-a-2nd-developer,1562901709,lead tracking,"{""answer_count"": 1, ""eligibility_rule"": ""Full Stack Exchange question; title/body contains domain term; request/problem-shaped title; native question ID"", ""is_answered"": true, ""native_id"": 140204, ""record_sha256"": ""e5fb8fa7893776da782b38d3c8d5f7e443e2b07005223d1ff4bd2c4ff5e206ee"", ""retrieved_at"": ""2026-07-19"", ""score"": 0, ""site"": ""workplace""}"
915f6f453cadbeb8,Stack Exchange Questions,question,How appropriate is it to forward interview requests mistakenly sent to me to the right person?,"I just received an email from an HR recruiter requesting a phone interview followup for a job application. However I did not apply for the job. The company is reputable and the recruiter has a valid Linked-In profile so I am inclined to believe this email. However, I happen to know there is another person who has the email address of firstMlast@gmail.com (mine is firstlast@gmail.com)*. Honestly, I would feel a bit uncomfortable taking much action. Generally I just ignore/delete all mistaken communication directed to this person (well except the jury duty related one). It seems creepy to know what I know already let alone take actions on it. But it seems unfair to just delete/ignore this email knowing why I mistakenly got it and knowing someone will not get an interview as a result. Should I just forward this email to the right person ? Reply to or call the recruiter? Just not respond? What's the appropriate etiquette here? * I am very confident there is a person with the same name as me in the location in question, whose email address is first(MI)last@gmail.com (mine is firstlast@gmail.com). I found this out when I was looking for firstlast.com. Someone with this email had registered the domain and his address was in that city/state. Additionally I have received many emails directed to him in the past, such as jury duty notifications, jewelry purchase confirmations (congrats dude!), misc hobby related emails, flight confirmations, etc. It's actually really creepy how much I know about this person from people typing email addresses incorrectly... it also shows how many manual data entry jobs there are. Edit: I got an auto reply rejection after responding to the initial email saying that they had the wrong email. Poor guy...",https://workplace.stackexchange.com/questions/54768/how-appropriate-is-it-to-forward-interview-requests-mistakenly-sent-to-me-to-the,1442845009,manual data entry,"{""answer_count"": 7, ""eligibility_rule"": ""Full Stack Exchange question; title/body contains domain term; request/problem-shaped title; native question ID"", ""is_answered"": true, ""native_id"": 54768, ""record_sha256"": ""4ad041ad6ad5fa6e78f955cccb718d9e8db31148fcb1f183bc120efc9fbb0855"", ""retrieved_at"": ""2026-07-19"", ""score"": 49, ""site"": ""workplace""}"
af26b95664512336,Stack Exchange Questions,question,How to juggle interview and job,"I will be having an interview tomorrow. It is scheduled during work hours. I don't know if I should take the entire day of, or if I should leave work early. Part of what makes the whole thing complicated is I would like to keep the interview discreet. I don't want my current company to know about it. I've considered the following scenarios so far: Leave early. Since I want to keep my interview discreet, it would involve lying to my colleagues. Additionally, to make things more complicated I have another engagement later during the day, with someone from the company. And I cannot miss that appointment. This option is basically, at some point going ""hey, I need to go, I have a friend I need to meet, but I'll be back for the evening meeting"" Take the entire day off. While it avoids lying and the awkward situation of just disappearing for a few hours and then returning, I fear it would make me interviewing obvious since it's out of the blue and I will have to take others as well, for future interviews. What is your advice? What would you do in this situation? Thanks!",https://workplace.stackexchange.com/questions/81121/how-to-juggle-interview-and-job,1481232590,missed appointment,"{""answer_count"": 1, ""eligibility_rule"": ""Full Stack Exchange question; title/body contains domain term; request/problem-shaped title; native question ID"", ""is_answered"": true, ""native_id"": 81121, ""record_sha256"": ""af1821bce44c3f7a37a019bdc352b722b729526096abdc2f9e98011ef28447f9"", ""retrieved_at"": ""2026-07-19"", ""score"": 1, ""site"": ""workplace""}"
6a012c7f66cc8013,Stack Exchange Questions,question,How to deal with a manager who deliberately overloads you with work,"I work at an in-house creative agency as a UX/UI Designer. My line manger is the creative director, I am the only person in the team other than him who does UX UI work. It seems to me he believes that everyone should ALWAYS be working and working outside of work hours as well. However, he is careful to never suggest this out loud or in writing. I track all my work and give weekly reports, usually when he sends new work I tell hime I am working on X and won’t have time to do Y. His response is typically “oh, you should be able to do that in 15 min” To which I usually respond by explaining the true complexity of the task, how long similar tasks have taken in the past and the tradeoffs relative to the other work I am doing making it clear that I don’t have enough time. His typical follow up is just do the most you can But also work on the other projects. Let me share some examples: Example 1: If I come close to 9 o’clock and if while turning on my computer, I begin chatting with a colleague for a few min. He’ll notice, email me some work and say “hay could you look at xyz, this is urgent just came in” (even though its one of his tasks or has been sitting in the task inbox unassigned for a while and I have plenty of stuff to do already. Example 2: He always sets team meeting to 9am on a Monday or Friday to get people to come in early, even though he himself rarely joins and if he does so its typically towards the end. Example 3: After tracking my time for months and developing a reasonable model of how long a task typically takes, and present this to him infant of this manager he agreed to take some work off me. But first of all he took the most high-profile work that requires face-time with the CEO, of the three tasks he took on he failed to do any work on 2 of them, took a sick day, called me and asked me to look at the two projects, after he came back the next day and I tried to hand them back he said I was doing a great job already. Example 4: We track time to bill to clients using an internal system. He regularly drops hints at me to overestimate the amount of work I’ve done for clients e.g. the other week I noted you did this over the weekend make sure you track that. Or I noticed you came in 2hrs early to get this done make sure you track that. Or my favourite: “Make sure you quote for the value provided not the time spent” I have tried everything I could think of: tracking time, emailing him my daily activity and priorities and informing him of every trade off. Raising the workload issue with his manager. After his manager forced him to look at workloads he ask the team to come up with a number of projects they each think they can work on simultaneously which was 4 or 5, with 3x with clients for feedback and 2x active. But he told me to that this doesn’t apply to my work and that we ought to catchup later. I hate playing an armchair psychologist but by my estimation he has ADHD, he only works on projects last minute, is terrible at estimating how long something will take, constantly over promises to clients, and routinely avoids doing work by coming in late, having very long lunches, and then doing work last minute outside of working hours. When I suggested that we ought to get a project manager and work in an agile fashion like the developers he refused. Later I over-heard him say to his manager: “there is good things about agile, but I don’t think its right for UX work”. If I work closely with developers it makes sense for me to use their methodology as I have to attend stand-ups anyway. Sorry for the long post but I just wanted to illustrate how he consistently tries to make sure that everyone is always working on 110% capacity such that they are forced to stay late or work weekend. The rest of the company outside of his direct reports follows an agile methodology, people don’t setup meetings for 9 o’clock and estimate time in afternoons to account for switching costs, and even a little office banter, which in my option is completely acceptable. I have started applying for jobs and going for interviews, but since I have a 3-month notice period I am still stuck here for three months, what do I do ? P.S. I also think my co-workers who are managed by him are showing signs of stress one has difficulty sleeping, another keeps chewing their nails and spoke about how she has started seeing a therapist, and a third is concerned she might have heart issues because she has palpitations.",https://workplace.stackexchange.com/questions/149896/how-to-deal-with-a-manager-who-deliberately-overloads-you-with-work,1576516286,shared inbox email,"{""answer_count"": 2, ""eligibility_rule"": ""Full Stack Exchange question; title/body contains domain term; request/problem-shaped title; native question ID"", ""is_answered"": true, ""native_id"": 149896, ""record_sha256"": ""0507d7f1573136e321a3b9368564c94ffeb22026c62db1a59b3adf283fa9bde4"", ""retrieved_at"": ""2026-07-19"", ""score"": -4, ""site"": ""workplace""}"
69434e8fa4a13942,Stack Exchange Questions,question,How to get paid and figure out if I want to keep this client,"I have a client who is not paying on time, but it looks like the specifics don't match similar questions on this SE site. I got a call from a client I did website work for years ago. I had not done this kind of work for many years and frankly I'm not sure I want to now, but nevertheless about a month ago I agreed to bring his website, SEO, social media, and overall marketing for his small business up to speed. Why? He has told me many times how I'm the most honest, most well-informed contractor he's had experience with. And I personally kind of like him too. So I started working on an hourly basis. I sent one very small invoice and got paid. Then we talked a whole lot about all sorts of feature he would like me to implement. I started that work, and sent a second invoice on the first of the month (one of my two stated billing days). I didn't get paid. On every invoice it states that I charge a whopping ten percent per week late. I sent many voicemails and emails asking to please let me know what's going on with payment, and didn't get replies. Then the 15th of the month rolled around (which I stated initially as one of my invoicing dates). Since I hadn't been paid for the last invoice, I simply didn't send him an invoice at that time but emailed him and said that I will combine it with the next scheduled invoice for this reason (probably a bad idea I realize). Eventually he sent a portion of the invoice payment. I emailed back to let him know that he's three weeks late and what the remaining balance is. Finally we got in touch via phone. He basically told me that he thought I hadn't done all of the work I said I did. He looked at the page source code and it didn't look complete to him. I explained why his perception would be different and what work I had done as specified. He accepted this and said that part of the reason he didn't pay in full is that he's been swamped with personal family stuff, and part of the reason is that he didn't think I did all the work. That struck me as pretty weird. He also expressed concern that he has no idea now how much all the changes he has asked for are going to cost. And once again, he told me how honest and high-quality my services are compared to others he has dealt with. He also said he would pay me more (but not all) of the now three weeks overdue invoice that day. I didn't receive any payment. Basically this is how the client relationship strikes me: He's not good at communication. He's very busy and English isn't his first language. He almost never replies to emails but phone calls are fine. He's asked me to avoid emails for communication and I've asked him to please use email. He might not have enough money to afford all the things he has asked for. But so far I have been working for an hourly fee (which is quite high). He also has started paying monthly for hosting and social media services from me. What seems very abnormal is for a client to be so overdue on payments and to actually withhold payment of an invoice without any communication because he didn't think the work was done. I told him that I will send dollar estimates of each module of remaining work so that we can decide which ones are the highest priority if he cannot afford them all. I also reiterated that in the future if he has doubts about the work or an inability to pay, he must contact me immediately to say so. I basically plan to state the following to him: I would like to work for him and help his business. I also have sympathy for his recent family difficulties. I am happy to figure out payment plans that would work better for him, but first I need to be paid in full for all outstanding invoices, especially given that I skipped one of them just to be nice. The most crucial thing I need is communication about any problems with my work or his ability to pay. Once again, he heeds to pay in full immediately before we negotiate anything else. Does the above seem like an appropriate communication? Is anything missing from it? Is anything I'm doing here really abnormal?",https://freelancing.stackexchange.com/questions/479/how-to-get-paid-and-figure-out-if-i-want-to-keep-this-client,1372537359,late payment invoice,"{""answer_count"": 2, ""eligibility_rule"": ""Full Stack Exchange question; title/body contains domain term; request/problem-shaped title; native question ID"", ""is_answered"": true, ""native_id"": 479, ""record_sha256"": ""987731f4f5c6446631a67d45473aae1af7cb960408fe17db904b8d40fe62eecb"", ""retrieved_at"": ""2026-07-19"", ""score"": 19, ""site"": ""freelancing""}"
34ccc39d6ca7d76a,Stack Exchange Questions,question,"Internationally issued Visa Credit Card fraudulently used in the US, possibly because merchant bypassed card security features. What are my options?","My internationally issued credit card was stolen, along with a lot of my personal items in the US. There was also a Apple credit card issued in the US that were stolen, but the fraudulent charges were amicably resolved by the card issuer in this case (Apple says their cards have no PIN attached to it, so it can simply be swiped and used - and so perhaps they also cover for the customer against fraud). On the other hand, for my internationally issued card (issued outside the US), I had to follow up with the police department in the US, where the robbery took place. The cop painstakingly emailed all the merchants where the card was used, and obtained a response from one Safeway store where it was used - they pulled up a security camera photograph of the woman who used the card at the establishment. But unfortunately the lead dried up there and they couldn't do much else, apart from placing the photographed woman on a watch list. Now, after several dozen emails to my bank and following all the dispute procedures, the credit card issuing bank managed to reverse $1100 worth of transactions (with no comment on why they were reversed). But there remains another $2000 worth of transactions that remain in dispute. The bank has basically said the following during the course of my interaction with them: ""We would like to inform you that upon investigation, we observe from our records that the said charge is secure transaction incurred on secure merchant web site and was authenticated using the card credentials which is confidential and known only to the cardholder. In view of the above, we wish to inform you that the said transaction was incurred by an authorized person and hence the transaction remain payable on the card account."" To the above response from the bank, I shared the Police Investigation report as proof with them that the card was used at physical merchant establishments in the US like fuel stations, super markets/grocers, restaurants, etc. I also informed them that merchants in the US are known to bypass the security features of the credit cards, and that any card can simply be swiped without the need to enter the secret PIN. Then they changed the response to, ""We would like to inform you that upon investigation, we observe from our records that the said charges can be operated only with the help of physical presence of card . In view of the above, we wish to inform you that the said transaction was incurred by an authorized person and hence the transaction remain payable on the card account."" I tried once more with the bank's highest dispute office, stating that the card was stolen and there is photographic proof with the police in the US, so how could it possibly be an authorized use, and was told this: ""Basis your comments expressed we had taken up your query for appropriate review and as an outcome of our investigations, it is observed that the transaction is secured transaction incurred authenticating / using the details which is confidential and known only to the cardholder. In view of the above, we wish to inform you that the said transaction was incurred by an authorized person. In view of the above, we are constrained to conclude that the liability of the said transactions rests with you."" Now there was no way that the person who was going around using my credit card had knowledge of my credit card PIN code. Rather the case has to be that merchants have the capability to bypass the PIN, and there by creating a PIN-less/swipe transaction. The central banking authority of my home country has stringent rules for 2 factor authentication to be enabled for credit cards within the country, but they left a loop hole for transactions that take place outside the country, possibly due to logistical reasons that stop the enforcement of the same. I have contacted a lawyer in my home country and have sent him the communications to go through. In the meantime, I am trying find evidence that is either published, or an expert of US payments systems who could provide comments that confirm that the US payments system does have the case where credit cards can be swiped bypassing the PIN of the card. If it can be confirmed/proved that this is indeed the case, then the case can be proven that the liability lies with the merchant, since if the PIN less transaction wasn't made possible, the security features of the card would have stopped the fraudulent transaction. Could some with experience about the US credit card payments system, please comment on the simple question: ""Can merchant establishments in the US, at their discretion disable the need to enter the PIN of a credit card?"" If it so that the merchant can disable the need for a PIN, to authenticate a credit card transaction, can this be the basis for placing the burden of fraud liability on the merchant? Per my research, VISA as a payments processor, promises a 100% fraud protection in the US and UK. So if my bank in India, issues a ""International Visa Credit Card"", that can be used anywhere in the world, and ended by being fraudulently used in the US, is there any basis to approach Visa, to ask them to enforce their 100% fraud protection promise? Or this is void, since the card was issued in India, and Visa makes no such promises in India? It is likely that I will have go to court against the bank, in such a case what merits do my case have? The bank has been quite shady with their flip-flops from ""online merchant website transaction"", to ""physical card was used"". I have never in the 5+ years of having the card made a late payment or used more than 30% of my credit limit, but in this case the cards was maxed out in a few days, and the card issuer made no attempts to block the fraud. I realize this post has ended up becoming very long. My apologies for the same, and thank you for reading so far. If any one can help me with my above questions, I will be very grateful.",https://money.stackexchange.com/questions/145083/internationally-issued-visa-credit-card-fraudulently-used-in-the-us-possibly-be,1632274601,follow up customer,"{""answer_count"": 0, ""eligibility_rule"": ""Full Stack Exchange question; title/body contains domain term; request/problem-shaped title; native question ID"", ""is_answered"": false, ""native_id"": 145083, ""record_sha256"": ""2ade9a675be107200431c1b1403819788ecfcf46e4116c0b3593546015f5e1c0"", ""retrieved_at"": ""2026-07-19"", ""score"": 3, ""site"": ""money""}"
20130a67ee07c1d5,Stack Exchange Questions,question,"What are the options to beat the returns of an index fund, taking more risk?","I am young, and will start my career in about three years. I do NOT live nor have any intention of ever moving to the United States, and I will probably be based in Europe for my career and after (retirement). I want to work towards a financially healthy retirement. I've been doing my share of studies lately, and I found out (and so far, makes a lot of sense to me) that the periodical, steady ""buy-and-forget"" in a low-fee investment fund that tracks X companies is the best strategy for a long term investment averaging a return of 7% when summing up dividends and capital gains. Since I am young, however, I am willing to take on more risk (for now). I would like to know how its possible to have higher returns than these funds, albeit taking more risk. I am aware that if someone had bought 300 shares of Amazon stock in 2002 they would have averaged a ridiculous return in the last 18 years. Sadly though I am not capable of reading the future, so I am looking for an investment strategy that could potentially lead to higher gains. I can only think of stock picking; is there any other better option? Disclaimer 1: I am interested in investing strategies, and not day-trading. Disclaimer 2: I do not plan, at any point in the future, to have this investment strategy as the only one in my portfolio. I would ideally like to expose only part of my assets to the higher risk.",https://money.stackexchange.com/questions/131566/what-are-the-options-to-beat-the-returns-of-an-index-fund-taking-more-risk,1601897777,lead tracking,"{""answer_count"": 8, ""eligibility_rule"": ""Full Stack Exchange question; title/body contains domain term; request/problem-shaped title; native question ID"", ""is_answered"": true, ""native_id"": 131566, ""record_sha256"": ""07e68d7ec4f87f996692b755119a79e6bffd2c471ab402e067a5da6c504e644d"", ""retrieved_at"": ""2026-07-19"", ""score"": 29, ""site"": ""money""}"
d1f92b75b2d7151e,Stack Exchange Questions,question,How to add additional data to a series?,"I'm pretty new in this, so i'm sorry if I'm not asking the question with the correct terms. In the photo there is a simple example to a follow up we do for our customer support team. The yellow series represent the number of answered inbound calls. I want to add on top of that column also the percentage of calls not answered.In the most right group of columns, the inbound calls are 20, and the answered calls are 10. I want to see on top of that 10 - 50% abandon rate - so only 10 out of the 20 calls were answered. I have a function to auto calculate it in the table I made, but I can't add it to this Graph as a column, because I can't compare in the same graph numbers and percentages.",https://webapps.stackexchange.com/questions/143055/how-to-add-additional-data-to-a-series,1591718220,follow up customer,"{""answer_count"": 1, ""eligibility_rule"": ""Full Stack Exchange question; title/body contains domain term; request/problem-shaped title; native question ID"", ""is_answered"": true, ""native_id"": 143055, ""record_sha256"": ""d729970cd6ec441a06dc7cd53c3c83a036025417c4466a897ed8de1656b201f7"", ""retrieved_at"": ""2026-07-19"", ""score"": 1, ""site"": ""webapps""}"
5dcc242fa0677fb4,Stack Exchange Questions,question,Do any tools exist to combine template based transactional email with CRM?,"I am between a rock a hard place right now with a decision relating to CRM capabilities and general email marketing for our company. We have simply used very basic (think Gmail contacts, outlook, excel spreadhsheets) customer relationship management tracking to date but have some ambitious sales goals ahead and want to get serious about our methods. We currently use Google Apps for our email provider and I have done some research into most of the big names in the CRM game (that have links with Google Apps Marketplace) and think I have at least narrowed down our choices to the following: Zoho Insightly Pipedrive Nutshell SalesForce All have their benefits and we aren't quite sure which will choose so far but pricing is certainly a factor as we are a small company. Unfortunately, our sales people can be a bit thick-headed at times and fail to follow instructions. Our goal is this: Create an HTML formatted email with some basic customizable fields (name, email, small text clip) Sales person can enter the name of the contact they are trying to reach out to (ideally this is a contact already entered in one of the CRM systems mentioned before) along with the custom message field included in each email. Once the system recognizes it is a new lead email (doesn't have to be automatic, manual selection is fine), it will pull the HTML email content, populate with the fields entered or selected and send off to the prospect. I want to make sure the client cannot modify the template content in anyway. I know I could accomplish this by setting up a web-form on any of our existing sites for our agents and allow them to enter the information then send through a transaction email API (we currently use Mandrill but SendGrid / Mailjet /etc would all work) but looking for something with tighter integration with a CRM and something that goes ahead and forces our sales reps to enter the contact in before sending a blank canvas email. I have looked at something like Yesware but I would prefer the email origination comes from the CRM because it does not look like I can mandate the email used the ""new prospect template"" from such a tool. Are there any tools which can accomplish this currently?",https://webapps.stackexchange.com/questions/41480/do-any-tools-exist-to-combine-template-based-transactional-email-with-crm,1363033245,lead tracking,"{""answer_count"": 4, ""eligibility_rule"": ""Full Stack Exchange question; title/body contains domain term; request/problem-shaped title; native question ID"", ""is_answered"": true, ""native_id"": 41480, ""record_sha256"": ""dd60335969ab61e0c3ee8aad93cc40f4867c19be89ade287c2e1ce87a3aa5fb9"", ""retrieved_at"": ""2026-07-19"", ""score"": 1, ""site"": ""webapps""}"
7831aafcc0dbd185,Stack Exchange Questions,question,How to use Google Scripts w/ spreadsheet and jotform to auto sort so the newest entry is always listed on the top row?,"I'm trying to setup a form and spreadsheet database to track inventory on a daily basis at a remote location. The idea is that the person at the remote location can update our stock via a simple online form (using jotform integrated w/ google spreadsheets) and then take the raw data on sheet1 and make a nice looking/organized front page with all the pertinent info plus some basic calculations (re: does this mornings opening stock match yesterdays closing level, etc). The best way I can figure to do this is to setup some basic call functions on the ""clean"" front page, but in order to make sure I'm using the latest data I need to ensure that I'm always pointing to the most recent time. The simplest way that I can think of to do this is have the spreadsheet autosort every time a new entry is made so that the last entry is always at the top. That way I can just write something like ""='sheet1'!C2"" in order to post the last entry in column 2 which should be the latest entry. And as new entries are made the front page should be updated with the latest numbers. (and also, I can know what I need to drive out in the morning before opening) I've tried using both an onEdit and onOpen approach to the problem, but the onEdit only works when I go in and make manual changes to column D, which is annoying. when I use onOpen, it doesn't sort at all. I've read something about the possibility of sorting on change rather then on edit, will this work for me? Here are the two sample scripts I've been working with that haven't produced what I wanted it to. // LinkBack to this script: // http://webapps.stackexchange.com/questions/7211/how-can-i-make-some-data-on-a-google-spreadsheet-auto-sorting/43036#43036 /** * Automatically sorts the 1st column (not the header row) Ascending. */ function onEdit(event){ var sheet = event.source.getActiveSheet(); var editedCell = sheet.getActiveCell(); var columnToSortBy = 4; var tableRange = ""A2:AQ149""; // What to sort. if(editedCell.getColumn() == columnToSortBy){ var range = sheet.getRange(tableRange); range.sort( { column : columnToSortBy, ascending: false } ); } } ==================== function onOpen(event) { var sheet = SpreadsheetApp.getActiveSpreadsheet(); var columnToSortBy = 4; var tableRange = ""A2:AQ149""; var range = sheet.getRange(tableRange); range.sort( { column : columnToSortBy, ascending: false } ); }",https://webapps.stackexchange.com/questions/44763/how-to-use-google-scripts-w-spreadsheet-and-jotform-to-auto-sort-so-the-newest,1369694463,manual data entry,"{""answer_count"": 1, ""eligibility_rule"": ""Full Stack Exchange question; title/body contains domain term; request/problem-shaped title; native question ID"", ""is_answered"": false, ""native_id"": 44763, ""record_sha256"": ""9c85732cda0acc21e8ad92bbf82ace3051e09a578cf70ff0998dba2218cdd8d1"", ""retrieved_at"": ""2026-07-19"", ""score"": 2, ""site"": ""webapps""}"
19d621b855eb2ea8,Stack Exchange Questions,question,G Suite: Multiple shared inboxes for groups or aliases for groups?,"I'm working on setting up my company on G Suite and are currently working on migrating all our existing mailboxes. I know that private mail accounts is coupled together with the users, which is fine. And for shared inboxes (should as support, contact, etc.) I use Groups for Business . I've two related questions regarding the Groups setup. First, can I add an mail alias to the group? I've a group called ""Inbox"" which has the email hello@business.com but I would also like to setup an alias for hi@business.com so that go into same group/inbox. Secondly, and this is perhaps very much the same question but can I add multiple email address (not aliases) for an group? So I've one collaborate inbox which receives emails / posts from outsiders from both support@business.com , contact@business.com and so on? The main difference from aliases is, that I can reply from each of the emails. Essentially, all the shared inboxes would require quite a lot of groups but if this is the only way, so be it.",https://webapps.stackexchange.com/questions/117098/g-suite-multiple-shared-inboxes-for-groups-or-aliases-for-groups,1526283889,shared inbox email,"{""answer_count"": 1, ""eligibility_rule"": ""Full Stack Exchange question; title/body contains domain term; request/problem-shaped title; native question ID"", ""is_answered"": true, ""native_id"": 117098, ""record_sha256"": ""7574b1a9466fc8522e32627a51b4b2e971116ca18a755e1211ab2c0e23170bd7"", ""retrieved_at"": ""2026-07-19"", ""score"": 0, ""site"": ""webapps""}"
4642e499d3edb625,Stack Exchange Questions,question,How to handle it when boss (also business owner) publicly shamed an employee for their mistakes in meeting with all employees,"During a meeting, my boss, also the founder and owner of this education-as-a-service startup, publicly (claimed to be for ""transparency"") criticized an employee because she refused to do tasks my boss asked for. By the limited context that my boss provided, it seems like she refused ""immediately"" and gave ""excuses."" Some of his claims are: there is no workplace where employees ever refuse to do legal tasks their manager asks for; she doesn't want to contribute more than her responsibilities, so she won't be successful. Some troublesome wordings he called (yelled at) her included: ""no common sense"", ""problems with EQ"", etc. He was dismissive when she tried to explain her side. More information is filtered for brevity. I can understand his perspective about quiet quitting, especially with a startup, but criticizing an employee with humiliating names in public is injustifiable and unprofessional. Private criticism and public sharing of advice/expectations could be alternative solutions. To say I'm angry is an understatement. It doesn't relate to me directly, but it concerns me about where this business is heading and the tense (or toxic) environment. I have been thinking about my future should I make mistakes, and also I partially follow quiet-quitting. I was about to file a complaint to HR until I realize we don't really have an HR team dedicated to employees (only a team dedicated to customers). My objective is to improve the seemingly unhealthy environment, but I don't know where to start or if I should even attempt to do anything as nobody has a problem with what he did (only I voiced my opinion in the meeting, and it was dismissed). Should this issue be addressed at all and if so, how to navigate this situation? Update: There have been valuable solutions, and I appreciate them as I've had the time to reflect on this business. I filed an anonymous complaint but there have not been any follow-ups so it's unsure whether they have seen it or not. I will make my last attempt in discussing with one of the managers with whom I'm comfortable sharing my concerns. It's not easy to be mentally checked out of this job where I've been working since it was founded, but if there are no improvements, I'll wrap up my remaining work and prepare to leave at any time.",https://workplace.stackexchange.com/questions/190761/how-to-handle-it-when-boss-also-business-owner-publicly-shamed-an-employee-for,1679952054,follow up customer,"{""answer_count"": 4, ""eligibility_rule"": ""Full Stack Exchange question; title/body contains domain term; request/problem-shaped title; native question ID"", ""is_answered"": true, ""native_id"": 190761, ""record_sha256"": ""ce30fba6f156c4084a0396fb02c5990286717ec9c89fcb6538073a656cd71b89"", ""retrieved_at"": ""2026-07-19"", ""score"": 31, ""site"": ""workplace""}"
9ca2a5e503928579,Stack Exchange Questions,question,How to preserve professionalism in a difficult environment,"I work as software engineer in a pretty young company (5 years old) and I'm making a lot of errors that can ruin my career. Until some months ago everything was great: the compensation is just ok. We had almost always enough time to do things the right way and I felt I would have great career opportunities (like new important large-scale projects to lead). I always had exceptional feedback from my manager and the other company departments I worked with, about the software I wrote or managed. About 8 months ago a new project arrived, this was a ""career changing project"", a large scale application that would open the company to a new market, potentially generating lots of revenues. Since I was striving for career advancements and I always had great feedback, I ended up to leading the development of this new project. I was prepared for the pressure, from my manager and from the executives, but then real problems started to arise. Starting from a technical point of view, I wasn't able to take any significant choice. In order to ""develop things faster"" I was forced to use an already written software made from another software department of another company (part of the same holding). Initially I was ok with that, because on the paper it sounds good, until I noticed big problems in the software structure (this software wasn't really used anywhere before) and a data model and business logic that were completely different from what I need to do. On top of that, we started work on this software before the requirements were really defined, because an unrealistic deadline was set, before doing any analysis before. The process in the company has been more or less like this: someone important decided that we will launch this new product on date X, whatever it takes I was forced to start working on this stuff before any defined requirement the ""business people"" produced some requirements and kept changing them until 1 month before launch I and my team worked about 11/12h per day, for about 6 months, with Saturday included for 1/2 months, in order to release the project. I personally also worked more, after leaving the office. In these months I raised my concerns to the management but the reply was always the same: ""the project must be finished on time, no matter what"". I also tried to expose the risks of doing that (bugs, data loss here and there...) but I was forced to stay silent. Somehow, we managed to launch the product on time but with big sacrifices: no proper software testing was done, the code is pretty much unmaintainable and bugs are not rare. I feel that I have completely lost my credibility with this project; I feel guilt when I look at my code. Some really bad bugs arose, things like creating some duplicate invoices or charging some users more than one time, in particular circumstances (bugs I caused personally, with my code). I would say that the software is doing a lot better than what I expected but these are still very bad problems. I'm losing my face as a professional, because I'm responsible for this project, in particular for the invoice/payments part that I wrote personally and we've lot of problems. I feel that people in the company start feeling that I'm not a really good professional like they thought. I was promised a promotion by doing this project, but I fear that these mistakes could cancel that. I'm also not able to focus clearly anymore, I'm tired, I feel I'm not able anymore to do things well, like I used to. On top of that, every problem now is an emergency and I never have the time to do things in the right way. I feel like I'm in ""zombie mode"". Even if I started to leave the office earlier, I feel that the stress due to this project made me dumb. What can I do for avoid losing my professionalism? How can I recover my ""reputation"" as a professional? Is it possible in the same company? What can I do better, now? My big takeaway from this experience is: never subordinate totally the quality of your work to the deadlines, because when problems arise no one remembers the sacrifices; all they see is that you made a bad job . 2023/06/07 - Update: Several days passed and that's how it's ended: I got promoted to a manager, now I lead a team on this project. I'm not working overtime anymore and I ensure no one of the team does. We started to track all our activities (bugs and features) so that project management is updated on what we're doing. I make estimations on development time with the team and we're very careful to not underestimate the efforts. So far we haven't missed any deadline. Sill, there are critical bugs and lot of pressure on new developments, but I managed to don't worry too much about that, we're doing our best and solving all the problems step by step. We're also managing to improve some code here and there, to improve software quality. I'm a professional and my job is to make things work well and develop maintainable quality software. I can't do shit just because the CEO wants something real quick and nobody wants to say no (you'll pay that later). This is how we're working now and I'm feeling that pays off. I feel also that I'm doing a good job, we're accomplishing a lot of improvements. We'll see with time if I can continue to work like this or it's just a less cahotic period. Can we consider this an happy ending? A huge thank you to everyone which replied/commented my post.",https://workplace.stackexchange.com/questions/191534/how-to-preserve-professionalism-in-a-difficult-environment,1684531060,late payment invoice,"{""answer_count"": 5, ""eligibility_rule"": ""Full Stack Exchange question; title/body contains domain term; request/problem-shaped title; native question ID"", ""is_answered"": true, ""native_id"": 191534, ""record_sha256"": ""006f104c26c80f4bc2fdcc620806d062a8c46c40e950639953e28a826cebc41d"", ""retrieved_at"": ""2026-07-19"", ""score"": 5, ""site"": ""workplace""}"
13f074f6bfd051ac,Stack Exchange Questions,question,What should I do about a weak project lead who never appreciates my work?,"For the last half year I have been working on an automation project that requires good technical skills. As a part of this project I have trained two interns and also worked hands on by resolving functional and technical issues and writing additional subroutines wherever necessary. I have also reviewed the code and made it much better than what we had started with. In addition I have made spreadsheets to track progress and have done literally everything a ""lead"" is required to do, which is : leading by example. There is another set of interns who are being led by a very capable person in the team. This entire project however has a lead who has never contributed to it. I don't report to this person but he is in charge of this project ""officially"". The general impression across the team is that this lead is ineffective, and does not seem to appreciate the hard work I put in. There have been times when he has tried to demean me by ignoring my contributions, and also keeping us in the dark when it comes to the roadmap of the project. I had tolerated this behaviour for quite some time but now I dont want to lay low. My manager is aware of the work I do and is very appreciative. There are 2 things i want to convey to him: Often this lead person has shown a demeaning attitude towards me and never shown any appreciation, verbal or non verbal. He does not appear to have technical skills. To my knowledge, he has never contributed an idea, let alone a line of code. I am not happy with his leadership at all. How do I go about conveying this? I have put in a lot of thought about this, so I do not believe I am overreacting or exaggerating.",https://workplace.stackexchange.com/questions/79959/what-should-i-do-about-a-weak-project-lead-who-never-appreciates-my-work,1479436616,lead tracking,"{""answer_count"": 1, ""eligibility_rule"": ""Full Stack Exchange question; title/body contains domain term; request/problem-shaped title; native question ID"", ""is_answered"": true, ""native_id"": 79959, ""record_sha256"": ""a6c29e198ac638e69ef80236618a2d1ff745004d7b2fc60da29858637fc456a1"", ""retrieved_at"": ""2026-07-19"", ""score"": 0, ""site"": ""workplace""}"
a294cf9ace9ca184,Stack Exchange Questions,question,Should I Ask My Employer If They Are Planning To Phase Me Out?,"My title is the ""Vice-President of Technology"", but that's mostly just to look good on a business card. I've actually been the entirety of my IT Department for most of my nearly fifteen years with the company, handling the jobs for everything from SysAdmin, to Network Admin, to Database Admin, to Help Desk, to Software Engineer ( officially, my ""main"" role ). I often get bogged down in little issues to the point where I get to do very little actual programming, but I act as a point of contact between my company and our clients and partners for anything technical ( data definitions, file transfers, client portal user management, etc. ). Over the past several years, my company has been downsizing. We were at around 50 employees about five years ago, for the past few years we've been at 10 and, as of today, we're down to 8 after an employee who had been with the company longer than I have was let go for lack of work for her to do. Additionally, the company's owner and president made a decision to hire an MSP (Managed Service Provider) to handle much of the ""basic"" IT load that I've been responsible for managing - and, to be honest/fair, haven't always been the best at keeping up with due to all of the various responsibilities and tasks that tend to come up with little to no warning. As a part of the onboarding with this MSP, they requested admin access to pretty much all of our systems, which I've gladly provided. I've been told that the primary goal is to take those things off my plate so that I can focus on the programming tasks that have been put on hold so many times. Additionally, the company's business model has shifted considerably from when I started. So much so that I'm not sure that they still need a full-time programmer. I'm sure that they could purchase ""canned"" software packages that handle some of the applications I've built over the years. They could have someone come in and do a one-time data migration to whatever retail system they chose and not have my (relatively meager for my position) salary as an ongoing expense. All of this to ask the question: Should I ask my boss if they intend to continue my employment or if they are planning to phase me out? I honestly love working here for a number of reasons, and I've often said over the years that it's my intention to work for them until I'm ready to retire one day. However, I also fully understand that this is business. The owner and president have to make whatever decisions are best to keep the business operational, even if that means letting people go. I don't want to be confrontational by asking such a direct question, but I also don't want to be blindsided by a ""pink slip"" (notification of termination) and have to scramble to find other employment to support my family. We've always had a very good working relationship - just the right blend of friendly and professional - so I don't want to jeopardize that either. At this point, I don't have any intention of leaving, but I am thinking of polishing up my resume, just in case. EDIT: Thank you all for the input. I'm not sure why this question is attracting down-votes, but I appreciate the answers and comments. One point of clarification: The initial reduction in employees (from 50 down to 10) was due to the company outsourcing most of our data entry staff to a 3rd-party company. As I mentioned, the business model has changed over the years and what used to be our ""primary"" products have given way to products that don't require as much manual input and intervention. In the past, quite a bit of the data we use for day-to-day operations had to be entered and validated by one of our employees, but that's no longer the case. Most of the data points we use now are less detailed and can be handled by more automated processes and routines. That automation is a significant part of my position, which is why, I think, I've felt ""comfortable"" in my position and job security up till now.",https://workplace.stackexchange.com/questions/188647/should-i-ask-my-employer-if-they-are-planning-to-phase-me-out,1668819707,manual data entry,"{""answer_count"": 3, ""eligibility_rule"": ""Full Stack Exchange question; title/body contains domain term; request/problem-shaped title; native question ID"", ""is_answered"": true, ""native_id"": 188647, ""record_sha256"": ""6deafc2ba249b5176f9164b53f39414c38840257d76ea23f863d98ea0a810ba0"", ""retrieved_at"": ""2026-07-19"", ""score"": 1, ""site"": ""workplace""}"
f86052c81b58c3fe,Stack Exchange Questions,question,How do I tell my management about a recurring medical appointment that I will be starting soon?,"In December I saw a new therapist for the first time and we agreed to see each other twice a month for the foreseeable future. All of their appointment times fall into my regular work hours (0700-1600 M-F), so I will have to miss 1-2 hours of work for each of these appointments. It is not a requirement that I tell my company exactly what I am taking my personal time for but I would like to find a tactful way to explain to my immediate super why this recurring appointment is necessary without divulging too much. If it is important I am in Alabama, US.",https://workplace.stackexchange.com/questions/126499/how-do-i-tell-my-management-about-a-recurring-medical-appointment-that-i-will-be,1547566089,missed appointment,"{""answer_count"": 4, ""eligibility_rule"": ""Full Stack Exchange question; title/body contains domain term; request/problem-shaped title; native question ID"", ""is_answered"": true, ""native_id"": 126499, ""record_sha256"": ""7e9d50cc6241b570452fe7ccd9eb47c9d9bd791872688277fe22964e21fdbdb2"", ""retrieved_at"": ""2026-07-19"", ""score"": 30, ""site"": ""workplace""}"
86e29c561605bf33,Stack Exchange Questions,question,How to motivate team to use a communication tool?,"In my team we do not use any professional communication tool. We are working totally remotely because of the COVID-19 situation. All the communication goes through email or Whatsapp personal accounts. Email is really inconvenient, threads get really long, so difficult to follow or quote anything. In addition, the inbox look like get filled quick and spammed. Whatsapp was not made for team work, is a tool for personal communication and me personally I feel uncomfortable to having to share my private account to talk also with my co-workers. They told me in the past they were using Slack but ""it did not work"" for them and they had to fallback to use whatsapp. I do not want to look too pushy, specially if they say they already tried Slack. I believe using another similar tool such as Microsoft Teams would feel the same as Slack for them. Probably no gain. I honestly do not know how they cannot realize communicating over email and whatsapp is really not efficient for a team work. Any ideas on how I can motivate them to use any tool? And glad to know what tools you think would be suitable, i.e. what tool is so easy to adopt that they won't drop out? It would be something in the direction of Slack / Microsoft Teams.",https://workplace.stackexchange.com/questions/157945/how-to-motivate-team-to-use-a-communication-tool,1588822721,shared inbox email,"{""answer_count"": 2, ""eligibility_rule"": ""Full Stack Exchange question; title/body contains domain term; request/problem-shaped title; native question ID"", ""is_answered"": true, ""native_id"": 157945, ""record_sha256"": ""8612dcd509434f8939d21db29dcb45680efb20b914a2c61ee3960ede98faf663"", ""retrieved_at"": ""2026-07-19"", ""score"": 3, ""site"": ""workplace""}"
940838ae1a1bba56,Stack Exchange Questions,question,Can a client sue when I removed the work I did after they didn't pay,"I was doing a website for a client. They paid in full for the services and I didn't have any issues with the service/payment. He then later asked for additional work, which was not a part of our original contract. I agreed with an additional fee. He agreed. I completed the work and gave a run down on what I did. With the work being related to SEO, it's fairly difficult to demonstrate. But I did my best. He ignored my email, and the next and the next. I had also sent him an invoice at some point which had been ignored. He then one day emailed and said he was currently away but couldn't see any difference in my work. I replied showing where I had done the work and still expect payment. He did not reply. I then sent another email saying I was expecting payment. No reply. I emailed him and said I would give him until the end of the week or I would take action. The end of the week came and I had not heard anything nor received any payment. Bare in mind it had been about 2 months since not receiving anything. I decided to log into the server and remove the work that I had done that he had not paid for. Not the whole website, just the additional bits. I sent him an email saying I had removed the additional changes due to non payment and if he wanted to pay me for them I would happily add them back. He has replied saying he's not happy and he will be taking legal action He doesn't really have a leg to stand on, does he? No payment = no service. I've just taken back what he hasn't paid for. I never removed anything he did pay for, and I never accessed anything I shouldn't have. Does this access class as a breech? update: We had a contract but the SEO was not included in the contract. There is a section of payment which includes a deadline for payment. They did pay that for the website. The contract says that once the website is complete then the service is complete. The intro to the contract also said the services were for the website build and no additional work. I mentioned in e-mail that SEO was not included and he was fine with this. So that was it and the website was complete. He paid for the service. Then he later asked for SEO in addition so we agreed on payment in email and I did the work using his account/pw as I previously did when working on the website. I feel like, technically there's no contract at all because the contract we had was only for the website service.",https://freelancing.stackexchange.com/questions/7918/can-a-client-sue-when-i-removed-the-work-i-did-after-they-didnt-pay,1539175925,late payment invoice,"{""answer_count"": 1, ""eligibility_rule"": ""Full Stack Exchange question; title/body contains domain term; request/problem-shaped title; native question ID"", ""is_answered"": true, ""native_id"": 7918, ""record_sha256"": ""77cb9bc813f00ad6045c5f603c11d71aec219673bdb6091faef825771a0c041a"", ""retrieved_at"": ""2026-07-19"", ""score"": 1, ""site"": ""freelancing""}"
82d76088c180df74,Stack Exchange Questions,question,In case of an unsecured loan creation in a non-domestic currency where will the loan payment money come from?,"In case of an unsecured loan creation in a non-domestic currency where will the loan payment money come from? I have learned that it is possible for the money to be created and exist outside of their domestic zones. As an example there are Euro- currencies: Euro-dollar, Euro-sterling, Euro-euro, etc. So, a loaner (in this case a bank) creates a deposit for an issuer. E.g. a bank in Europe creates a deposit in USD. The bank adds for itself liabilities to the issuer in the USD and adds assets for itself in USD in the form of the issuer debt. Later on the issuer comes to the bank and pays the loan back in USD. And I am just curious where have the issuer got the USD? Have the issuer went to USA and got the USD cash? I have come up with the question above after reading the The Basics of Bitcoins and Blockchains by Antony Lewis . More precisely the Euro-currencies chapter. It states the following: How are Euro-currencies created? When a bank writes a loan in the currency outside its domestic currency zone (e.g., a British bank issuing a loan in USD), it creates money that exists outside its currency zone (i.e., USD deposits existing outside the USA). This is allowed and is normal business practice, fairly common in fact, but complicates the financial world, especially when countries are trying to count how much of their own currency exists in the world. So it is not the case that all currency is directly controlled by its respective central bank. At this stage, it is worth busting a common myth. It is commonly believed that banks take money from one customer and lend it to another. This is a sloppy way of thinking about banking and leads to incorrect conclusions. Banks create money, in the form of deposits, when they write loans. These new deposits are new money, sometimes called ‘fountain pen money’ because bankers used to approve loans by signing a document with a fountain pen. If you take out an unsecured loan from a bank, the bank adds deposits to your account (increasing their total liabilities) and adds a loan to their balance sheet (increasing their total assets). New money has been created; it hasn’t been ‘borrowed’ from another depositor. The Bank of England explains this in a research piece entitled ‘Money creation in the modern economy’ So, the excerpt above make me ponder over the appearance of the money later on to close the loan. I can not understand where does the money to close the loan come from (obviously from the issuer, but where does he/she get it from?). And in case the issuer will go to USA to get the money, then it seems to me that it is not a money creation, but more like a money transfer. Please, correct me if I am wrong.",https://money.stackexchange.com/questions/126376/in-case-of-an-unsecured-loan-creation-in-a-non-domestic-currency-where-will-the,1591627559,follow up customer,"{""answer_count"": 1, ""eligibility_rule"": ""Full Stack Exchange question; title/body contains domain term; request/problem-shaped title; native question ID"", ""is_answered"": true, ""native_id"": 126376, ""record_sha256"": ""b57857232aed034be5722a6499226a8b75475e3fe7a2b955f0541993f600a41c"", ""retrieved_at"": ""2026-07-19"", ""score"": -1, ""site"": ""money""}"
9fd7584aaa453b28,Stack Exchange Questions,question,A website failed to charge my visa gift card AFTER I was already given services-- What happens next?,"I bought a virtual currency with a visa gift card, and then spent said currency. However, they failed to charge the visa gift card for the necessary amount, and terminated the account until an alternate payment method is used. The balance on the card has remained the same. I typically only use visa gift cards for this type of service, and they approved the transaction beforehand. What happens now? How are they able to seize the funds, given that the site has no other information about me. I actually read the terms of service, and the part relevant to this issue reads: ""If we do not receive payment via your payment method for Your use of the Service, You agree to pay all amounts due upon demand by us. Each time You use the Service, You agree and reaffirm that we are authorized to charge or make a transfer related to your billing method. If we do not receive the full amount of Your account balance within thirty (30) days of the invoice date, an additional 1.5% (or the highest amount allowed by law, whichever is lower) per month late charge may be added to Your bill and immediately become due and payable, in our sole discretion. You shall be liable for all attorney fees and collection fees arising from our efforts to collect any past due and unpaid balance of Your account. You agree to be billed for and to pay any outstanding balance in the event of cancellation or termination of Your account. Unless You notify us of any discrepancies within thirty (30) days after they first appear on Your account statement, they will be deemed acceptable by You for all purposes, including resolution of inquiries made by Your card issuer or bank. You release us and all our representatives from all liabilities and claims of loss resulting from any error or discrepancy that is not reported to us within thirty (30) days of its publication."" Can somebody translate?",https://money.stackexchange.com/questions/96975/a-website-failed-to-charge-my-visa-gift-card-after-i-was-already-given-services,1530265139,late payment invoice,"{""answer_count"": 1, ""eligibility_rule"": ""Full Stack Exchange question; title/body contains domain term; request/problem-shaped title; native question ID"", ""is_answered"": true, ""native_id"": 96975, ""record_sha256"": ""3901cb582c984114f742b91b14f51773ec63a8d8d451c4844d45a3cb0622d8ee"", ""retrieved_at"": ""2026-07-19"", ""score"": 0, ""site"": ""money""}"
21b94b0e2d7782f6,Stack Exchange Questions,question,What is the correct answer for percent change when the start amount is zero dollars $0?,"Percent change is a very common calculation in finance. It helps us track growth. The formula is: [(y2 - y1)/y1] x 100 = percent change If the start period is $0 (i.e. no money was made in the first period, so y1 is 0), the formula divides by 0, which is mathematically meaningless. However, pragmatically, we understand that there is still meaning in the change. Some people think it should reflect a 100% change, an option that seems sensible to me. Others say infinity, which is not sensible at all. I've seen some opt to just change the start period to 1, than calculate, which could yield anything, but that can lead to skewed values in more complex calculations, not to mention changes that are orders of magnitude different than what you might expect. Then the purists insist that the only correct answer is undefined . In finance, what is the convention for this issue. If I have y1 = 0 and y2 = 896 , what is the percent increase? What do my manager and investors expect to see? Personally, as a manager and business owner, I want to see 100% with an asterisk note: y1 = 0 .",https://money.stackexchange.com/questions/84534/what-is-the-correct-answer-for-percent-change-when-the-start-amount-is-zero-doll,1504118708,lead tracking,"{""answer_count"": 9, ""eligibility_rule"": ""Full Stack Exchange question; title/body contains domain term; request/problem-shaped title; native question ID"", ""is_answered"": true, ""native_id"": 84534, ""record_sha256"": ""6b2024eb4099fed27f1a88a89683a1a69b18ad1e8ad9dd15da893304f26e6135"", ""retrieved_at"": ""2026-07-19"", ""score"": 45, ""site"": ""money""}"
9047153fccc4569b,Stack Exchange Questions,question,How does WordPress track users?,"How does WordPress track their Wordpress.org application users? I mean, I believe that they keep a record of how many people are downloading it and how many are installing it and where. How do they do it? Is it by pinging their server while WordPress is installed? Or something different? Anyone have any idea? Update: While Toscho answered the question, I just want to add some details. I asked the same question to Quora and Mark Jaquith (Lead Developer, WordPress core) answered it. Here is what he said - WordPress installs ping the WordPress.org site to check for software updates. We count the number of unique installs who have recently pinged the site to get the number of installs. WordPress.com doesn't ping us for updates, but they report stats publicly: http://wordpress.com/stats/ We take the WordPress.com number, and add it to the number from the WordPress.org update pings, which gives us an approximate total number of public WordPress sites. That's the number you're probably hearing (it's currently over 36 million).",https://webapps.stackexchange.com/questions/14369/how-does-wordpress-track-users,1302452047,lead tracking,"{""answer_count"": 1, ""eligibility_rule"": ""Full Stack Exchange question; title/body contains domain term; request/problem-shaped title; native question ID"", ""is_answered"": true, ""native_id"": 14369, ""record_sha256"": ""99e20f8e6edd515d79d4cf086df9d944d23acd846684828a77249befb43e89d6"", ""retrieved_at"": ""2026-07-19"", ""score"": 3, ""site"": ""webapps""}"
c156cfeb6e95bcf8,Stack Exchange Questions,question,Google Sheets - If? ISBLANK? Not sure how to pull this one off,"I am trying to find a formula for the following: If cell A1 has a date in it, copy that date to cell F1. If A1 does not have a date in it, copy the date from cell B1 into cell F1. I have a receipt tracking form that sends data to a spreadsheet. The form will use the current date every time I make an entry. That's great if I pull my phone out right then and there and enter the receipts values. That obviously doesn't always happen. I might end up waiting till Friday evening to enter them all for the week. So I also included a date entry on the form so that I can enter the actual date of the transaction. I would like a formula that will allow me to choose, if there is a manual date entered into the form and that date goes to cell B1, then use that date and ignore the date that is in cell A1.",https://webapps.stackexchange.com/questions/136932/google-sheets-if-isblank-not-sure-how-to-pull-this-one-off,1575800868,manual data entry,"{""answer_count"": 1, ""eligibility_rule"": ""Full Stack Exchange question; title/body contains domain term; request/problem-shaped title; native question ID"", ""is_answered"": true, ""native_id"": 136932, ""record_sha256"": ""b271ae7bef1d825f70960c5e86469c88a90375a70cadc2668b07f2fc99aba8fe"", ""retrieved_at"": ""2026-07-19"", ""score"": -1, ""site"": ""webapps""}"
3c022a9040e69168,Stack Exchange Questions,question,How to transfer emails from one Google Apps user account to another under the same domain?,"Till recently when Google Apps Premier email had a maximum storage limit of 25 GB, my email my.name@my-domain.com got full, and I was forced to purchase and make another username for myself name.my@my-domain.com . Very recently Google has removed that restriction and now any amount of storage (upto 16 TB) purchased, will be shared across Google Drive, Google+ Photos, and now Gmail. Therefore, due to inconvenience and expense occurring in maintaining two user accounts for a single person, I have decided to dump my second email and transfer all the emails (in Inbox, Archived, and in other labels) to be copied or moved to my first email, with label structure intact. Drive is not an issue since the ownership of entire Drive content could easily be transferred through a very easy way available in Google Admin Consol . It is the email which is a real pain and about which Google seems to have not done or said something about.",https://webapps.stackexchange.com/questions/45243/how-to-transfer-emails-from-one-google-apps-user-account-to-another-under-the-sa,1370693835,shared inbox email,"{""answer_count"": 3, ""eligibility_rule"": ""Full Stack Exchange question; title/body contains domain term; request/problem-shaped title; native question ID"", ""is_answered"": true, ""native_id"": 45243, ""record_sha256"": ""a7ccf7b0c6f737435f9693eb755d31ba5d81277b3e5ef166a5cf553548678f3d"", ""retrieved_at"": ""2026-07-19"", ""score"": 1, ""site"": ""webapps""}"
49081929d6f96e89,Stack Exchange Questions,question,"How to convince manager to streamline small, complex processes?","We are a small (currently 5 employees) e-commerce company that sells widgets from our website. We are poised for growth, and have been for some time, but there's something major holding us back-- aside from a couple of core people that have been here since the company's inception, there is a high turnaround rate for new employees. We actually had to throttle our incoming orders (cut down on advertising, stopped sending e-newsletters, etc.) because we can't keep enough customer service people to handle the number of orders that we COULD be getting. We desperately need to hire more customer service reps, but the issue we keep running into is this: We have certain ways of doing things here, ways that have generally proven to be quicker and/or more efficient and/or less expensive (and there's a reason behind every one-- they're not arbitrary), but there are a LOT of such rules, and it's nearly impossible to train a newcomer on the litany of things they're expected to follow for every procedure. ""You can drop-ship this order, but only if it's before 3PM, and only if the customer didn't choose expedited shipping, and only if the order is between $30 and $100 dollars, but if they DID choose expedited shipping, or if the order is over $100, then..."" and so on. As the lead (only) web developer here, I've been trying to handle as many of these little rules as I can, programmatically. That is, in our store's backend, I code things so that certain buttons or functions are shown/hidden or enabled/disabled based on whether or not they apply to that order or situation... I'm trying to make it as easy as possible for the people who need to use the backend to process orders and help customers, but it's still not enough. New employees inevitably end up making mistakes because they didn't know (and had no reason to know until it comes up) that orders for blue widgets shipping to Ohio on a Wednesday get a different kind of mailing label... and so on. This ""system"" would work just fine if the manager was the only employee, or if the company was staffed entirely by robot clones of the manager, but unfortunately we're operating in real life and we need to come up with some kind of actual onboarding and training process for new employees so that they don't need to run their every action past the manager, because at this point it's like a bottleneck. Orders, returns, and things get backed up because they need the manager's attention, and he's got 10,000 things on his plate at all times. Objectively, he's right about each of the reasons behind why we do things the way we do, but in the bigger picture, it's holding us back. Is this a common scenario? I recognize that we need to take some huge steps toward standardizing our procedures, but I have no idea where to begin.",https://workplace.stackexchange.com/questions/70565/how-to-convince-manager-to-streamline-small-complex-processes,1467147315,follow up customer,"{""answer_count"": 3, ""eligibility_rule"": ""Full Stack Exchange question; title/body contains domain term; request/problem-shaped title; native question ID"", ""is_answered"": true, ""native_id"": 70565, ""record_sha256"": ""5591ac6564173b2253dafd0261a250ab28e47c67ce37f737f82faf5189ba331b"", ""retrieved_at"": ""2026-07-19"", ""score"": 8, ""site"": ""workplace""}"
ab049310d56ef3fd,Stack Exchange Questions,question,"Invoices turned in after 30 days, 15% is withheld & after 60 days, not paid at all... is this LEGAL?","State agency is asserting that after an invoice from an Independent Contractor is turned in after 30 days 15% will be withheld from the total & after 60 days, not paid at all... is this even legal!? I am in the state of NM, USA. My contract came this past week and in the ""Compensation"" section, it states that ""Contractor must invoice __ within thirty (30) days of completion of the assignment. Later billing may result in reduced compensation and or no payment. If the invoice is not received within thirty (30) days of the service date, a fifteen percent (15%) reduction of the total invoice amount will be subtracted. If the invoice is not received within sixty (60) days of the service date, the invoice will not be paid."" Last fiscal year, the 15% reduction was added into the contract without bringing attention that the contract has changed from previous years and I signed it that way, not fully reading it since it ""looked like previous year's contracts"" which is MY bad! I own that... but now this fiscal year they are adding the 60 day stipulation that invoices not turned in by 60 days don't have to be paid at all. I know if I sign it, I am agreeing to it, even if I did not know the contract had initially changed. BUT can a state or any agency even do this sort of thing when services were rendered and are due? Last fiscal year, after the 15% reduction change I learned the hard way after I had turned in an invoice a few days after the 30 day mark and it was reduced 15%. I have tried hard to keep up with my invoicing but there are times when I am out of town or it is an especially busy season, that I fail to meet the mark. I think it is way too harsh but can anyone answer if it is legal or if I have any recourse to recover monies that were withheld?",https://workplace.stackexchange.com/questions/138257/invoices-turned-in-after-30-days-15-is-withheld-after-60-days-not-paid-at-a,1560232646,late payment invoice,"{""answer_count"": 2, ""eligibility_rule"": ""Full Stack Exchange question; title/body contains domain term; request/problem-shaped title; native question ID"", ""is_answered"": true, ""native_id"": 138257, ""record_sha256"": ""bf2c16fb9d693223abfa31ddf576714d013c78f3a0aa04281f1aa1db5aa08520"", ""retrieved_at"": ""2026-07-19"", ""score"": 0, ""site"": ""workplace""}"
2e202f1c4f132419,Stack Exchange Questions,question,How to navigate career growth in a team with title inflation and with a manager who fails to retain skilled employees?,"I recently started a new job as a mid level software engineer.Team was made up of 3 seniors and 2 mid levels including me. Within my first month, other mid level colleague took extended leave due to burn out, and a senior colleague announced that he will leave for another company. Within my third month, mid level colleague returned, but this time one of the senior engineers decided to give up title because she felt like she couldn't perform according to the measure and the remaining senior colleague decided to decrease his working hours. All in all, by the fourth month we became a team with a part-time senior, 3 mid level engineers. Management is clearly failing to attract new talent and maintain the ones we already have. This is one of the most chill and comfortable places I have ever seen. They have amazing codebase, near perfect implementation, good behaving coworkers, great product, sizable growth, supportive management, great work life balance. The problem is the team I joined is unstable and is dissolving by day. I didn't accepted the offer knowing about this, which is yet another story. There are now more hiring efforts for a new manager and a non technical team lead for us that I think are not the solutions we need at the moment. These are the long term solutions, and I think by the time the new management layer joins we will be looking for new engineers if it continues like this. Our company has an open feedback policy, so I can inform management about my ideas. However the management is clearly at their limit regarding this situation and I don't think pushing them any further will help. So I started to think about things I can do as a fellow in the team that can subtly but surely turn things around. To solidify what I actually can do, I will note down the state of my coworkers. 1- The mid level colleague who burnt out, is actually wouldn't be considered mid by any measure anywhere. She is a junior, only capable of completing well defined tasks with only certain technologies. The problem with this colleague is, she is an internal replacement, so she already had some years in the company and made it to mid level in particular career track but then changed her career track and her team but maintained the title. This unfortunately was a very poor decision on management's part. It clearly set unrealistic expectations both on the colleague and the team. Thus she refuses to acknowledge herself as junior because the official title even though she is clearly new to all this. She unfortunately fails to be a ""mid"" engineer regularly and is growing more frustrated by day. Also she has a tendency towards blaming other's and feeling victimized. I can hold learning sessions with her where she shares her experience and context with me and I can share my technical skills and insight with her and in addition we can be buddies in training overall. I am going to ignore her attitude and will act like it is nothing, unless she takes it too far and starts to bother people and erode morale on a regular basis. The senior colleague who left made a career change, so it was clearly their personal choice. Nothing to do here. 2- The other senior who decided to cut back hours is the one who cannot handle this title vs skill mismatch happening in the team and lacks the soft skills to lead people. He is also growing miserable day by day and eventually decided to work less. I am hoping to gain their trust and showcase some improvement to get them back on track. 3- The last colleague who gave up their title. I must say, she is the true senior in this team given both experience and skill. She is the best colleague I had so far. I personally want to grow as an engineer and become someone like her. I think she and I will be the last to leave this place due to our main motivation being the same, exploring an alternative. So she is determined to make it here. I think the best I can do is to support her by letting her lead and grow in confidence. These are some of the points I was able to think. I still need more strategy points for overall maintaining an optimal career growth given this situation. I personally want to stay in technical track but I also am aware of my soft and managerial skills at this point and I feel like I should start using them for my own sake at the very least. tl:dr: It is a great company and job. Management fails to retain talent. I want to do something in form of lateral management to establish and maintain team stability to continue career growth. What else can I do given these 3 points ?",https://workplace.stackexchange.com/questions/172807/how-to-navigate-career-growth-in-a-team-with-title-inflation-and-with-a-manager,1621953198,lead tracking,"{""answer_count"": 1, ""eligibility_rule"": ""Full Stack Exchange question; title/body contains domain term; request/problem-shaped title; native question ID"", ""is_answered"": true, ""native_id"": 172807, ""record_sha256"": ""f4cb894f4066964d57daffafb260b5325f8a8b363687d256f1c338ee217c3df1"", ""retrieved_at"": ""2026-07-19"", ""score"": 1, ""site"": ""workplace""}"
b4478f4241240c54,Stack Exchange Questions,question,How to remain hire-able as a software developer in my spare time?,"I signed a two year contract at this company expecting a developer role. However, something happened and now they need many configurations (SQL entries) to be done and I now am essentially doing data entry. It also doesn't look like this is going to change anytime soon since these configurations are ""critical"". My question is, what can I do part time in order to be hire-able as a software developer once my contract is finished. I was thinking of pursuing an online masters degree in comp-sci but I don't know if there are any reputable online masters degrees out there or if it's even a good idea. Additional information: 1.) This is my first job as a ""developer"", previously I worked in numerical computations in academia. 2.) I have a science degree not a computer science degree (which is why I think I may have been pushed to this data entry work). Update Thanks everyone for the suggestions. Based on the comments and answers my plan is to Automate the manual configurations as much as possible In six months, depending on how things go, look into if there is a breach of contract (consulting a lawyer) which allows me to look for another job. Contribute to open source projects in my spare time.",https://workplace.stackexchange.com/questions/116598/how-to-remain-hire-able-as-a-software-developer-in-my-spare-time,1532738668,manual data entry,"{""answer_count"": 3, ""eligibility_rule"": ""Full Stack Exchange question; title/body contains domain term; request/problem-shaped title; native question ID"", ""is_answered"": true, ""native_id"": 116598, ""record_sha256"": ""c7c59dbaa8fa0a61896c62b2e48cb30443750254b7b9c9f593a8fcc49f3399ab"", ""retrieved_at"": ""2026-07-19"", ""score"": 6, ""site"": ""workplace""}"
8b17691e087665ca,Stack Exchange Questions,question,How can I deal with co-workers that send me a lot of off topic emails?,"A few of my colleagues have a tendency of sending a variety of off topic emails, ranging from the usual ""funny"" stuff to serious, but still not work related stuff. I really don't like that, my inbox is extremely busy as it is, other than the usual work related emails I get a ton of automated emails, from our PM software, our build & deploy services and a couple other bots. On top of that, I'm working remotely, and email is my main method of communication with the company. I could be deleting all the crap as they come, but that's not really a solution if they just keep coming. A messy inbox leads to messy search results, every time I don't delete a ""funny"" email, it just pops up in a search result six months later. Email search being as inefficient as it is, this becomes very tiresome after a while. How can I, once and for all, put an end to the madness? Most of my colleagues are IT professionals, I feel that they should be very accustomed to email culture, and I really don't understand why any of them would feel the need to share the latest cute kitty picture they fished out of Reddit with the whole IT department, or why they don't just send it to my personal email. Working remotely also means that I'm at a disadvantage when it comes to one on one discussions. Small clarification: ""co-worker"" includes management, up to the top of the hierarchy. Not the main culprits, but it's not unreasonable to think that they enable the behaviour by setting a bad example (once in a while).",https://workplace.stackexchange.com/questions/1333/how-can-i-deal-with-co-workers-that-send-me-a-lot-of-off-topic-emails,1337117400,shared inbox email,"{""answer_count"": 10, ""eligibility_rule"": ""Full Stack Exchange question; title/body contains domain term; request/problem-shaped title; native question ID"", ""is_answered"": true, ""native_id"": 1333, ""record_sha256"": ""b7ddf558c7e20f9ffa7c630c52abce86a96cfc4e839470dadbc67bdb0e4a38aa"", ""retrieved_at"": ""2026-07-19"", ""score"": 25, ""site"": ""workplace""}"
be67ec61ae1fc037,Stack Exchange Questions,question,Client hasn't paid in full can I take down the site?,"I did a website for a client (2 other sites) and they talked me into accepting monthly after they paid me a little of what was owed. So after 6 months, they had a sob story about money and they stopped payment, while promising me the rest (which is more than half of the agreed upon charge) when they get money. So now it is a year and a half later and now they have money, but they want to do a buyout which is a few thousand less than what is owed. If I take the buyout, can I pull the site down since they did not pay for it in full? I maintain 2 other sites for them, but I don't make much money (owner was a good friend of my mother lol) so ending our biz relationship would not hurt me at all. I do not have a contract with the client. I just submit an invoice and they pay me accordingly. There is no exit clause. It usually ends when the client says they don't want my services anymore (which is rare). The website is hosted on a server I pay for. I've built and maintain 3 sites for them, have been doing so for many years. I do do extra work for them and I do minor updates/changes for free, because they pay for maintenance as well. Please advise and thanks.",https://freelancing.stackexchange.com/questions/9872/client-hasnt-paid-in-full-can-i-take-down-the-site,1601668548,late payment invoice,"{""answer_count"": 4, ""eligibility_rule"": ""Full Stack Exchange question; title/body contains domain term; request/problem-shaped title; native question ID"", ""is_answered"": true, ""native_id"": 9872, ""record_sha256"": ""ff4c6e536bcde2537ae17fd3d5d2e3c5b7efc87eb94394a722c5d1e6b49787a2"", ""retrieved_at"": ""2026-07-19"", ""score"": 5, ""site"": ""freelancing""}"
addca24735b63817,Stack Exchange Questions,question,Waiting for a refund that was approved 4 months ago. Company stalling and not getting back to me. Can I charge them interest on the sum they owe me?,"As the title says, I booked a ticket with an airline (Condor Air) August, 2019. On December, 2019, I was granted a refund because their parent company went bankrupt and the airline stopped operating on some of the routes we were to fly on. The airline still operates though and we were told at the time that we would have the refund back in our account within 6-8 weeks specifically. That would have been by the first week of February. I have emailed the company throughout the entirety of the 4 months since the refund was approved to follow up, get updates, make sure they have all information necessary etc. I keep getting generic emails that don't actually make any sense, nor does it answer my simple questions, like 'what is happening with the refund?'. They dance around the question and every case I open with them keeps getting closed, after which the following customer service agent tells me that the cases have been closed so they can't see any information about what happened. Apparently there is only one special department in the company that can see the information I need, but they have not gotten back to me in the 3 months that I have been persistently contacting them. I literally have zero information about what is going on and approaching half a year of dealing with this crap I am well and truly over it. So I let them know that I will be charging them interest at 50% p.a. compounded weekly until they have sent me my money back. Am I within my right to do this, and if so, how can I enforce this repayment? I am in Asutralia, and I have also contacted a German ombudsman for transport (one that Condor Air have signed an agreement with, the 'SoP'). They too have not gotten back to me since my initial inquiry almost 2 months ago.",https://money.stackexchange.com/questions/123792/waiting-for-a-refund-that-was-approved-4-months-ago-company-stalling-and-not-ge,1586590759,follow up customer,"{""answer_count"": 1, ""eligibility_rule"": ""Full Stack Exchange question; title/body contains domain term; request/problem-shaped title; native question ID"", ""is_answered"": true, ""native_id"": 123792, ""record_sha256"": ""8ebf9964b5d4247e6202868fc9db6c1a69c01001ca3c4f63082423c75497221a"", ""retrieved_at"": ""2026-07-19"", ""score"": 0, ""site"": ""money""}"
660d560443025019,Stack Exchange Questions,question,"How can we get a hold of our finances again, with much less time to spend on accounting and budgeting, due to the arrival of our child?","When my wife and I got married, we joined our finances and started tracking expenses and budgeting with a tool called Mvelopes.com . This is a personal finance web app that puts the emphasis on budgeting and knowing much much $$ is available in any given expense category (the ""envelope"") prior to spending something on an item. We had weekly meetings and went over expenses together. For the most part this helped us stay within budget, or at least have conscious knowledge of when we didn't. However, their user interface continues to be glitchy, automatic bank import frequently fails, automated categorization rules are rudimentary, and the user experience is generally poor such that it takes a lot of time to stay current. In six years of being a member, no improvements have been made on these issues. When our daughter was born, 2 years ago, we fell off and haven't had an effective budgeting process in place nor an effective spend-tracking one. As a result, we're spending too much and lack control, leading to frustration over missed saving goals and feeling generally not at east around money, even though income has been up substantially over the same period of time. I'm thinking that an easier-to-use software solution might be the answer, although I've not yet tried any. buxfer.com looked promising, though. How can this be solved? Is it a tech solution? Is it a behavioral solution? A combination of the two? Something else?",https://money.stackexchange.com/questions/74280/how-can-we-get-a-hold-of-our-finances-again-with-much-less-time-to-spend-on-acc,1483426384,lead tracking,"{""answer_count"": 2, ""eligibility_rule"": ""Full Stack Exchange question; title/body contains domain term; request/problem-shaped title; native question ID"", ""is_answered"": true, ""native_id"": 74280, ""record_sha256"": ""1d00ce15be8eabe78192f304d20422e2bcd5ae5fc48f6cd06a90c26f922501e8"", ""retrieved_at"": ""2026-07-19"", ""score"": 6, ""site"": ""money""}"
ed661d21a27571d9,Stack Exchange Questions,question,Can I sum based on a specific cell text value?,"I have a spreadsheet for tracking sales leads. Each row is a lead. One of the columns is called ""Status"" and the options under this column are limited to a list of 4 options, i.e. Prospect, Proposal, Closed and Dead. Is there a way for me to easily calculate how many rows have a status of Prospect vs how many have a status of Proposal, etc? I'd like to be able to have a summary at the top of the spreadsheet that shows how many of the leads are in each Status category (i.e. how many prospects vs proposals, etc).",https://webapps.stackexchange.com/questions/33974/can-i-sum-based-on-a-specific-cell-text-value,1351747554,lead tracking,"{""answer_count"": 2, ""eligibility_rule"": ""Full Stack Exchange question; title/body contains domain term; request/problem-shaped title; native question ID"", ""is_answered"": true, ""native_id"": 33974, ""record_sha256"": ""ba03b315244c2e06df76ff124ea82ec37ec806f84daf8bccac7be533546758d0"", ""retrieved_at"": ""2026-07-19"", ""score"": 2, ""site"": ""webapps""}"
c870ffe10c00cdbc,Stack Exchange Questions,question,How to Automate Adding Rows of Analysis for Excel Dashboard Feed Integration,"I am trying to integrate an Excel dashboard feed through the CommCare dashboard feed link. The dashboard already has multiple sheets and many formulas to process the data entry, which up until now has been entered manually. My goal is to have an automated system where the data will be updated automatically through the dashboard feed link, and for analysis of the data to be automated as well. However, I'm not sure if the analysis can be automated. Specifically, the dashboard feed link would add a row of data to the Data Entry sheet of my dashboard for each survey filled. The analysis is done in other Excel sheets, and I would need rows in those sheets also to be automatically updated in order for the dashboard to be automatically updated also. I realize this may be more of an Excel question, but is there a way to ensure that when a new row of data is added to the Data Entry sheet, corresponding rows of analysis (with built-in formulas) are added to the analysis sheets?",https://webapps.stackexchange.com/questions/110876/how-to-automate-adding-rows-of-analysis-for-excel-dashboard-feed-integration,1508234625,manual data entry,"{""answer_count"": 2, ""eligibility_rule"": ""Full Stack Exchange question; title/body contains domain term; request/problem-shaped title; native question ID"", ""is_answered"": true, ""native_id"": 110876, ""record_sha256"": ""7be21d03086c5ab12243a8db19ae745b4c10d5621cf1da7a0f4201bd630d1e57"", ""retrieved_at"": ""2026-07-19"", ""score"": 1, ""site"": ""webapps""}"
472441cd430cf60b,Stack Exchange Questions,question,Do Google app passwords expire?,"I manage a shared email account (in Gmail) for a small organization. I have 2-factor authentication turned on and had generated an app password for an external app that accesses the inbox via IMAP. In case you don't know, app passwords are a feature of Gmail that are only available when MFA is active, and allow static credentials to access your account without the need for going through the usual two-factor process. Recently, one of the users of this account who is, shall we say, a little less-than-tech-savvy, ended up resetting the account's real password. She said she did this in reaction to supposed problems she was having. I'm still not sure the password was really necessary. Now I've got the account password updated again and have things under control; however I noticed when I wen in to do damage control that the app password I had previously created was no more. I was under the impression that app passwords don't just disappear; in fact you have to dive in pretty deep even to find them in the first place. I'm wondering what may have deleted my app password? Do they expire? Does Gmail clear them all during a password reset? Any light you can shed will help me better understand this, and with my post-mortem evaluation.",https://webapps.stackexchange.com/questions/126616/do-google-app-passwords-expire,1553187651,shared inbox email,"{""answer_count"": 0, ""eligibility_rule"": ""Full Stack Exchange question; title/body contains domain term; request/problem-shaped title; native question ID"", ""is_answered"": false, ""native_id"": 126616, ""record_sha256"": ""2bc3dc19db166c96b14227195fe5e56a3f381f9f439444d7c3235595f822425e"", ""retrieved_at"": ""2026-07-19"", ""score"": 1, ""site"": ""webapps""}"
601078ec0fd73026,Stack Exchange Questions,question,What solutions could I present to my boss when relationship with the client's personnel is troublesome?,"I'm the technical leader at a software development company, and my boss instructed me to rush the team for implementing various changes on a system that were informed after project release, since the data needed for this change had to be provided by the client's workers, and was going to be used in a presentation for the directive board so it had to be implemented fast. We requested the data with anticipation via email, but it was shared by them after work hours one day before the presentation and it was in the wrong format. I stated to my boss that the data was wrong and that even if we could fix the format there was a high risk of creating system failures and that the development team did accomplish their tasks, but he said we just needed to make the necessary changes and I should ask the team to stay late, an instruction I refused to follow and lead to an argument. Things like this are becoming a norm working with this client, their personnel responds late and we are asked to rush for changes, for me it's unfair and caussing problems with the team. Since I'm the second in line of command, what could be the best professional way to handle a meeting with my boss and show that this customer relationship is wrong? EDIT Regarding how communication was handled. I sent an email five days before the deadline as soon as I got the assignment. Attached in the email was the file example in the format required. Then I followed up by making phone calls and sending WhatsApp messages from the company line but got no answer whatsoever and no one returned calls. I didn't send further emails about this until I got the response. Reviewing the answers, I'm updating the question to ask what solutions could I present to my boss for this issues, since is more helpful and constructive than proving a point as my original question intended.",https://workplace.stackexchange.com/questions/137383/what-solutions-could-i-present-to-my-boss-when-relationship-with-the-clients-pe,1559025708,follow up customer,"{""answer_count"": 5, ""eligibility_rule"": ""Full Stack Exchange question; title/body contains domain term; request/problem-shaped title; native question ID"", ""is_answered"": true, ""native_id"": 137383, ""record_sha256"": ""d6112f215538356c8153898f21e5e2e2a0814ed367ca470f8d2c0157e9f6b76d"", ""retrieved_at"": ""2026-07-19"", ""score"": 9, ""site"": ""workplace""}"
b0cf1082efc6ac6b,Stack Exchange Questions,question,What are possible ways to speed up payment of invoices?,"I've been doing multiple month-long contracts for a client as a software engineer, and the CEO is regularly late with payments despite me raising this concern. It's gotten to the point where I don't know what to do further about it and I am considering just stopping doing work with them after my current contract is done. I'm not sure what I can say even further without being pushy, since I've sent several reminders for various invoices. They do get paid, just late and it's a distraction to have to deal with them being late. They recently closed a round of funding so it's unlikely a cash flow issue.",https://workplace.stackexchange.com/questions/178722/what-are-possible-ways-to-speed-up-payment-of-invoices,1632568125,late payment invoice,"{""answer_count"": 5, ""eligibility_rule"": ""Full Stack Exchange question; title/body contains domain term; request/problem-shaped title; native question ID"", ""is_answered"": true, ""native_id"": 178722, ""record_sha256"": ""c36756149706d706b205e783f8ccf8ed237d84ac07b062616d4f50c451209ea0"", ""retrieved_at"": ""2026-07-19"", ""score"": 2, ""site"": ""workplace""}"
3253c1d9867eda9b,Stack Exchange Questions,question,Should Non-Team-Lead Be Responsible for Team’s Productivity?,"I have a question. I am a senior software engineer, not a team lead. I have received feedback on two annual reviews, from two different managers at two different companies, that team productivity could have been improved. Like this was negative feedback on my review. I was surprised to hear this, given that I am not the team lead and I thought this was the team lead’s area of responsibility. The first time I heard it, I thought it might be a fluke. However, given that I had similar feedback from a different manager at a different company, maybe there was something to it. Is it normal for senior-level staff to be held responsible for team productivity, even when they are not team leads or managers? This was not spelled out in my job description. I am not one of those folks who frequently says “this is not in my job description.” However, being responsible for the team’s productivity implies a certain level of leadership and supervision, which seems crucial to be spelled out in the job description, especially as to whether I am authorized to engage in supervision of staff members. It would be easy for a team member to respond to me, “You are not my supervisor,” and they would be right. Given, in both situations, I am finding that management hired staff that is dramatically underqualified with technical skills and/or professionalism. This is to the point where I have had to file feedback and complaints to management. Sometimes staff does not have adequate technical skills, where it is taking too long to get the job done. Alternatively, there is outlandish unprofessional behavior that is interfering with the work being done. I have not been part of the hiring process, to screen candidates and bring them on board. With one company, I started giving management interview questions and criteria to look for when hiring new staff. Gradually, the new staff that was brought on board improved. For the second company, employee roles are getting outsourced to another country, where salaries are 10% of salaries in my country. It would be an understatement to say that this complicates the situation. Due to the lower cost of labor, I do not know whether management is willing to tolerate more errors. Granted, if I am going to be held responsible for staff performance, I should have a voice in who gets hired/fired. Also, I should have authority to supervise, to ensure that staff is in compliance with quality standards. Without explicit authority, this enables unprofessional staff to undercut my instructions and get away with it. The feedback further surprises me, because I applied for both the senior software engineer position and the team lead role at one company. I was not considered for the team lead position, yet I am still accountable for team performance as a senior software engineer. My question is, is it normal for senior software engineers (or senior staff) to be held responsible for team performance, when they are not the team lead or manager? It would be helpful to get feedback from people in the information technology (IT) field. IT seems to have more gray areas in employee roles, than a factory that produces widgets on an assembly line. Please note that my long-term career goal is to become an architect. I am not interested in a management track. I am not sure if an issue like this might come up again in the future.",https://workplace.stackexchange.com/questions/152062/should-non-team-lead-be-responsible-for-team-s-productivity,1580265296,lead tracking,"{""answer_count"": 4, ""eligibility_rule"": ""Full Stack Exchange question; title/body contains domain term; request/problem-shaped title; native question ID"", ""is_answered"": true, ""native_id"": 152062, ""record_sha256"": ""da4a537ac6b8e6ed50bb8968ac73cad0936770272cd95323a06cd9d376fcb078"", ""retrieved_at"": ""2026-07-19"", ""score"": 7, ""site"": ""workplace""}"
d1734f13d5a1265d,Stack Exchange Questions,question,Should I tell my boss the work he did was worthless?,"I have been handed a project that has been kicked around for 4 or 5 months with ~zero progress made. The project is to implement a new tool that was chosen before I got here. It seems like a good product, and the vendor is very helpful, but I don't really think it fits our needs or use case. I made this clear to my boss and went forward after being told ""I know, it's not great, but it's better than what we have now."" I recruited one of our part-time interns to help me out, as the front end of this project is going to include a lot of manual data entry and parsing from multiple sources. My boss asked for a status on this Friday night, and I told him that I was making slow, but steady progress. He offered that knowing the product better, he could do some work over the weekend. Knowing that his vision of this project didn't really match with what the vendor could supply or better business practices, I said that it might be better if I do it myself, as a learning opportunity. He dismissed this saying he wants the project to start moving and said he would do some work this weekend (I estimated another 12 hours worth of work.) Fast forward to 0900 this morning, my boss comes into the office announcing that he is done, and bragging that the work only took him an hour and a half. Full of trepidation, I open the Excel file I had been working on for two weeks, and which I had painstakingly laid out to be visually representative, and eventually parse-able by the accompanying script I am going to have to write. I was correct about my trepidation: my boss has compacted columns that should not have been, I have three different header row sections (Excel skills are not strong here), and he has partially or completely misunderstood the meaning and intent of a number of columns and key/value pairs. I fortunately have a backup of this file, and some of the data he added is actually very helpful, so he may have saved me some time/looking, but the spreadsheet as it is now isn't usable for its original purpose, and is outright wrong in some respects. I probably have 10 hours of work now in stead of 12, so he saved the company a half hour of work by working over the weekend. Questions: Should I tell my boss the work he gave me isn't usable, and why? How should I present this? He is something of a serial offender in this area, and while it didn't cost me more work this time, it easily could have. TL;DR My boss claims to have finished a task he gave me in 1.5 hours that I projected would take 12 hours. I now have 10 hours of work to do to ""fix"" his work. Should I tell him and how? Edit: For some more background, my boss is the CEO of the company, and ~30 years my senior. We have a good working relationship, but I would say we are more acquaintances than friends. He is generally open to criticism, but quite headstrong, which is probably why he made these changes that I was trying to avoid. I have made it clear that what he wants to have happen is not possible without going back to vendor selection, which he has categorically ruled out. I am a senior manager of a ~50 person company located in the US.",https://workplace.stackexchange.com/questions/131309/should-i-tell-my-boss-the-work-he-did-was-worthless,1552317471,manual data entry,"{""answer_count"": 6, ""eligibility_rule"": ""Full Stack Exchange question; title/body contains domain term; request/problem-shaped title; native question ID"", ""is_answered"": true, ""native_id"": 131309, ""record_sha256"": ""edeb99b31cdae3d711c501d17f8955fc7b0cba177c011628bd04f65f76d4022f"", ""retrieved_at"": ""2026-07-19"", ""score"": 84, ""site"": ""workplace""}"
ddc679d89a849daf,Stack Exchange Questions,question,Can my old employer save my work email records in to share path after my leaving,"I am going to leave my company in September, my team colleague and my manager want to ask IT to keep all my emails record under share path after my leaving, then they can drop in to search history email chains. I feel very naked as my inbox also contains some personal information such as “ superannuation, life insurance,health records... so just wandering, can they allow to do that?...it looks like breaking the privacy policy. And also none of previous employees in the team were required to keep their emails somewhere, I feel it’s very unfair.",https://workplace.stackexchange.com/questions/142399/can-my-old-employer-save-my-work-email-records-in-to-share-path-after-my-leaving,1566163597,shared inbox email,"{""answer_count"": 4, ""eligibility_rule"": ""Full Stack Exchange question; title/body contains domain term; request/problem-shaped title; native question ID"", ""is_answered"": true, ""native_id"": 142399, ""record_sha256"": ""70085d125c4bbb9a01103b585b07ab1aa406f8be34f5d45790e5f88c4765280e"", ""retrieved_at"": ""2026-07-19"", ""score"": 5, ""site"": ""workplace""}"
deda0d2b6515249a,Stack Exchange Questions,question,Possible to challenge contractual invoice time limit?,"I recently did a job for a large organization. The job was not a long-term one, so the terms were that I would complete the work and then submit my invoice after completion of work. I was fine with this. The contract I was asked to sign by the client included a clause that states: An invoice must be submitted within 30 days from the end date of the purchase order authorization, or upon completion of the service, whichever occurs first. Failure to submit an invoice within 30 days will be considered a material breach of this contract. This will result in non-payment of services rendered. Additionally the contract stated that invoices must be delivered electronically to the E-mail address of the contact person I worked with. The contract specifically said paper-based invoices cannot be accepted. At the time I signed the contract I did not see either of these as being a problem. However, right after completing the job I had a family emergency and was away for a couple of weeks. With everything going on the invoice just slipped my mind. When I was ""back on track"" I looked at my records and noticed I hadn't invoiced, so I sent the invoice via Email. This was on day number 29 after I'd completed the work. I requested confirmation of receipt of the invoice in the Email. I did not get a response on day 30 that my invoice had been received. So, to be safe, I sent it again, again requesting confirmation. Later the same day, I received a reply to the Email I sent on day 30, saying that I violated the contract by sending my invoice late. They claimed it was received on day 31, apparently a classic off-by-one error on their part, and therefore I would not be paid. I informed my contact that I had actually submitted the invoice on day 29 but it apparently had not been received. I was given quite a nasty reply, along the lines of ""well next time send it in sooner and that won't happen."" I cannot prove whether or not the invoice was ignored, maybe got spam-foldered, or whether it was actually not delivered. Do I have any basis whatsoever to challenge this? The amount in question is quite significant. This is an organization I hoped to work with in the future, so I don't want to get on their ""bad side"", but the amount in question is too significant to ignore. I find it odd that a contract can actually stipulate such a short invoicing period, and I can't honestly say I've heard of a clause like that in a contract before nor have I ever seen it myself in my work. Do I even have any recourse in terms of charge-off or bad debt given the contract?",https://freelancing.stackexchange.com/questions/6966/possible-to-challenge-contractual-invoice-time-limit,1499405830,late payment invoice,"{""answer_count"": 2, ""eligibility_rule"": ""Full Stack Exchange question; title/body contains domain term; request/problem-shaped title; native question ID"", ""is_answered"": true, ""native_id"": 6966, ""record_sha256"": ""f2dd3148205c535da58a62e0067a31a594427cf98cee84ee4e7660fb091eeb68"", ""retrieved_at"": ""2026-07-19"", ""score"": -1, ""site"": ""freelancing""}"
2966e2e0e02e3fe7,Thai Public Web,search_result,รบกวนนักการตลาด ช่วยแนะนำโปรแกรม CRM ที่ราคาไม่สูง สำหรับบริษัทเล็กๆ หน่อยค่ะ - Pantip,"อยากทราบว่าพอจะมีโปรแกรม CRM ที่ราคาไม่สูงมาก สำหรับธุรกิจขนาดเล็กบ้างมั้ยคะ อยากได้เพื่อส่งข่าวสารให้ลูกค้า ที่มาจากการทำ Survey Form เพื่อส่งข้อความ แบ่งประเภทคนมีความชอบที่แตกต่างกัน เคยเห็น BatchBook, Zoho, MailChimp แต่ไม่แน่ใจว่",https://pantip.com/topic/32550497,,site:pantip.com โปรแกรม CRM ใช้ยาก ร้านเล็ก,"{""eligibility_rule"": ""Thai social discovery snippet; known platform; domain + pain markers; NOT eligible as verbatim quote"", ""native_id"": ""https://pantip.com/topic/32550497"", ""record_sha256"": ""6a60b9906083ec3bc0095c15e8bfb306afb46cf371edf0e27fc366ba1619b287"", ""sampling_note"": ""Search-result snippet; use as discovery signal, not verified full-post quote.""}"
0246ef031b0e45ec,Thai Public Web,search_result,#ร้านเสริมสวยตลาดนานาเจริญ #ร้านเสริมสวยลําลูกกา #ลําลูกกา ... - TikTok,"May 26, 2026 ... ร้านเสริมสวยรับคิวนัด: วิธีจัดการลูกค้านัดไม่มาในร้านเล็กๆ. ร้านที่รับเฉพาะคิวนัดจะเจอปัญหาลูกค้านัดแล้วไม่มา ... Keywords: ร้านเสริมสวยรับคิวนัด, รับมัดจำร้านเสริมสวย, ลูกค้านัดไม่มา ...",https://www.tiktok.com/@hair1086/video/7644351746839497992,,ร้านเสริมสวย ลูกค้านัดไม่มา ปัญหา,"{""eligibility_rule"": ""Thai social discovery snippet; known platform; domain + pain markers; NOT eligible as verbatim quote"", ""native_id"": ""https://www.tiktok.com/@hair1086/video/7644351746839497992"", ""record_sha256"": ""dc060048ef6688da93b992b147fadacdf6ff6bdc1d73c37c065fed97c14fdcf2"", ""sampling_note"": ""Search-result snippet; use as discovery signal, not verified full-post quote.""}"
5649b3e0e7e0e54c,Thai Public Web,search_result,gmail มีวิธีการ follow up เมลที่เราส่งออกไปกันยังไงบ้างครับ - Pantip,สวัสดีครับ วันๆนึงผมส่งเมลออกไปเยอะมากครับ ทั้งขอราคา ตามงาน นู้นนี้นั้น แต่สรุปคือเมลที่ส่งออกไปไม่ได้รับการตอบกลับมา เลยทำให้ลืมไปเลย และผลก็คือไม่ได้ตามต่อจากที่เราเมลไป เราก็ลืมไป ส่งเมลวันละ 50 เมล ตอบกลับมา 30 เมล อีก20 เมล ไม่ตอบกลับ ไม่ทราบว่าเพื่อนๆพี่ๆมีวิธีการ follow up งานกันยังไงบ้างครับ ขอบคุณมากครับ,https://pantip.com/topic/35315644,,site:pantip.com ร้านค้า ลืม follow up ลูกค้า,"{""eligibility_rule"": ""Thai social discovery snippet; known platform; domain + pain markers; NOT eligible as verbatim quote"", ""native_id"": ""https://pantip.com/topic/35315644"", ""record_sha256"": ""9eaa03462527c92000c9ae060e4097b6d176065475e303723059ac684c1d7bb2"", ""sampling_note"": ""Search-result snippet; use as discovery signal, not verified full-post quote.""}"
26bd496751d6d645,Thai Public Web,search_result,ทรงผมจอนบาง - TikTok,"6 days ago ... 8แชร์. เรื่องจริงจากร้านตัดผมพัทลุง. มาฟังเรื่องราวจริงจากช่างทำผมที่เจอปัญหาลูกค้านัดแล้วไม่มา #เทรนด์วันนี้ #ออกแบบทรงผม #ร้านตัดผมพัทลุง. ร้านทำผมพัทลุง, ช่างทำผม, ลูกค้านัดไม่มา ...",https://www.tiktok.com/discover/ทรงผมจอนบาง,,ร้านเสริมสวย ลูกค้านัดไม่มา ปัญหา,"{""eligibility_rule"": ""Thai social discovery snippet; known platform; domain + pain markers; NOT eligible as verbatim quote"", ""native_id"": ""https://www.tiktok.com/discover/ทรงผมจอนบาง"", ""record_sha256"": ""d90fda4f7fe76b00d9d908a286c6c9824a947fe5d20cd2ef71643e14bb883902"", ""sampling_note"": ""Search-result snippet; use as discovery signal, not verified full-post quote.""}"
6ff850efed3c53e6,Thai Public Web,search_result,ทำไมเดี๋ยวนี้แม่ค้าขายของออนไลน์ตอบแชทช้าจังคะ - Pantip,บางทีมีออกง... เจอแบบนี้เกือบทุกร้านเลย ร้านไหนตอบเร็วหน่อยก็ไม่มีไซส์หรือแบบที่อยากได้ ทำไมเดี๋ยวนี้เค้าตอบช้าจังอ่าคะ กลายเป็นว่ากว่าจะสรุปทุกอย่างก็ไม่ทันงานแล้ว ...,https://pantip.com/topic/38643137,,site:pantip.com เจ้าของร้าน ตอบแชทไม่ทัน ลูกค้าหาย,"{""eligibility_rule"": ""Thai social discovery snippet; known platform; domain + pain markers; NOT eligible as verbatim quote"", ""native_id"": ""https://pantip.com/topic/38643137"", ""record_sha256"": ""5dda7aee52c20908903a60797837b12ad31dfbb7780e40c24720d6a69b48fb90"", ""sampling_note"": ""Search-result snippet; use as discovery signal, not verified full-post quote.""}"
3c5ce3b793ff96b1,Thai Public Web,search_result,มอแม่โจ้ - #ร้านเสริมสวยเลิฟแฮร์แม่โจ้ - TikTok,"Mar 31, 2026 ... ร้านที่รับเฉพาะคิวนัดจะเจอปัญหาลูกค้านัดแล้วไม่มาเป็นระยะ เรื่องนี้ ... ร้านเสริมสวยรับคิวนัด, รับมัดจำร้านเสริมสวย, ลูกค้านัดไม่มา ...",https://www.tiktok.com/@chutikansaruttachainan/video/7623406569329347847,,ร้านเสริมสวย ลูกค้านัดไม่มา ปัญหา,"{""eligibility_rule"": ""Thai social discovery snippet; known platform; domain + pain markers; NOT eligible as verbatim quote"", ""native_id"": ""https://www.tiktok.com/@chutikansaruttachainan/video/7623406569329347847"", ""record_sha256"": ""78bc45716f9e9b7e741eee4959af4fc5322f68c2cd1459b4a619616bcbb23019"", ""sampling_note"": ""Search-result snippet; use as discovery signal, not verified full-post quote.""}"
a2ec73b2453e18d0,Thai Public Web,search_result,อยากทราบว่าบริษัทไหนใช้โปรแกรม CRM ของไทยบ้าง แชร์ผลลัพธ์หน่อยครับ - Pantip,ตามนั้นเลยครับ ช่วยแชร์ผลลัพธ์หน่อยครับ พอดีกำลังเก็บข้อมูลเกี่ยวกับโปรแกรม CRM ของไทยอยู่ เมื่อก่อนผมเคยใช้แต่ Salesforce อยากลองหาดูใหม่ๆมาลองใช้ดูบ้าง แนะนำไ,https://pantip.com/topic/41488174,,site:pantip.com โปรแกรม CRM ใช้ยาก ร้านเล็ก,"{""eligibility_rule"": ""Thai social discovery snippet; known platform; domain + pain markers; NOT eligible as verbatim quote"", ""native_id"": ""https://pantip.com/topic/41488174"", ""record_sha256"": ""a5910dcb2adabfb7155554c2639ae41c5cade2af659e7ae00be6f32b98e0c618"", ""sampling_note"": ""Search-result snippet; use as discovery signal, not verified full-post quote.""}"
4d6b3d97ae45ef59,Thai Public Web,search_result,ทรงผมสไลด์เฮ็ดทรงใดจะเหมาะ - TikTok,"เรื่องจริงจากร้านตัดผมพัทลุง. มาฟังเรื่องราวจริงจากช่างทำผมที่เจอปัญหาลูกค้านัดแล้วไม่มา #เทรนด์วันนี้ #ออกแบบทรงผม #ร้านตัดผมพัทลุง. ร้านทำผมพัทลุง, ช่างทำผม, ลูกค้านัดไม่มา, ประสบการณ์ช่างทำผม ...",https://www.tiktok.com/discover/ทรงผมสไลด์เฮ็ดทรงใดจะเหมาะ,,ร้านเสริมสวย ลูกค้านัดไม่มา ปัญหา,"{""eligibility_rule"": ""Thai social discovery snippet; known platform; domain + pain markers; NOT eligible as verbatim quote"", ""native_id"": ""https://www.tiktok.com/discover/ทรงผมสไลด์เฮ็ดทรงใดจะเหมาะ"", ""record_sha256"": ""86b37d1b906a018d2fd6aec1e8f789fe1e8a2764582277d82cb749857f0fc4bb"", ""sampling_note"": ""Search-result snippet; use as discovery signal, not verified full-post quote.""}"
ba6a79ac86d67bb0,Thai Public Web,search_result,อยากได้โปรแกรม CRM ที่ใช้เก็บข้อมูลลูกค้า ใครพอแนะนำได้บ้างค่ะ - Pantip,คือเราอยากได้โปรแกรม CRM ที่เก็บข้อมูลลูกค้า แบบฟรี หรือเสียเงินก็ได้ อยากได้แบบเชื่อมต่อ Database ด้วยช่วยแน...,https://pantip.com/topic/35542190,,site:pantip.com โปรแกรม CRM ใช้ยาก ร้านเล็ก,"{""eligibility_rule"": ""Thai social discovery snippet; known platform; domain + pain markers; NOT eligible as verbatim quote"", ""native_id"": ""https://pantip.com/topic/35542190"", ""record_sha256"": ""916301c59e14f300e545bec6bce9c43877eb5ea1de5a292d50555dd5d61ef31b"", ""sampling_note"": ""Search-result snippet; use as discovery signal, not verified full-post quote.""}"
7d8e3c164a443cdb,Thai Public Web,search_result,ตอบกลับ @หนู'แก้ม'ม ต่อผม เทคนิค 9ดี#สะพานสี่ปลวกแดงระยอง ... - TikTok,"Jan 13, 2026 ... ร้านเสริมสวยรับคิวนัด: วิธีจัดการลูกค้านัดไม่มาในร้านเล็กๆ. ร้านที่รับเฉพาะคิวนัดจะเจอปัญหาลูกค้านัดแล้วไม่มา ... ร้านเสริมสวยสมุทรสาคร, ร้านตัดผมใกล้ฉัน, รีวิวร้านทำผม ...",https://www.tiktok.com/@ifintrmwlab/video/7594828880809037074?lang=ro-RO,,ร้านเสริมสวย ลูกค้านัดไม่มา ปัญหา,"{""eligibility_rule"": ""Thai social discovery snippet; known platform; domain + pain markers; NOT eligible as verbatim quote"", ""native_id"": ""https://www.tiktok.com/@ifintrmwlab/video/7594828880809037074?lang=ro-RO"", ""record_sha256"": ""e7f05a94817c38a59e991fd04c29c0578e686f21c17109a51d3498ec44d06c91"", ""sampling_note"": ""Search-result snippet; use as discovery signal, not verified full-post quote.""}"
d4de5baa6236d41d,Thai Public Web,search_result,หาโปรแกรม CRMแบบฟรีๆ มีไหมครับ จะใช้กับแท็ปเล็ต เอเซอร์ วินโด้ว์8 - Pantip,จะใช้ Vtiger หรือ SugarCRM ดูท่าทางการติดตั้งจะยุ่งยากจัง และต้องเชื่อมต่ออินเตอร์เน็ตด้วย ...,https://pantip.com/topic/33562449,,site:pantip.com โปรแกรม CRM ใช้ยาก ร้านเล็ก,"{""eligibility_rule"": ""Thai social discovery snippet; known platform; domain + pain markers; NOT eligible as verbatim quote"", ""native_id"": ""https://pantip.com/topic/33562449"", ""record_sha256"": ""521d70c5f8dabe3ae4bd0cb9fd9a35912a4307450ca8c8d48f5e2b309dfe5ba0"", ""sampling_note"": ""Search-result snippet; use as discovery signal, not verified full-post quote.""}"
d99f51212bbf77e8,Thai Public Web,search_result,มีสาเหตุใดบ้างคะที่ทำให้ลูกค้าหายไป ยอดขายตก - Pantip,มีสาเหตุใดบ้างคะที่ทำให้ลูกค้าหายไป ยอดขายตก ทั้งๆที่ตอนแรกๆ มีลูกค้าเข้ามาถาม มีออเดอร์ทุกวัน แต่พอเ...,https://pantip.com/topic/34168845,,site:pantip.com เจ้าของร้าน ตอบแชทไม่ทัน ลูกค้าหาย,"{""eligibility_rule"": ""Thai social discovery snippet; known platform; domain + pain markers; NOT eligible as verbatim quote"", ""native_id"": ""https://pantip.com/topic/34168845"", ""record_sha256"": ""bfeccbf9d8fddf47def454b88f1f72f6e96a0dac81cb11da2db3ce8ae7ffaf57"", ""sampling_note"": ""Search-result snippet; use as discovery signal, not verified full-post quote.""}"
f65f2ab9c549f14a,Thai Public Web,search_result,แนะนำโปรแกรม CRM ที่เป็นหน้าร้าน ใช้ได้ทั้ง line และ FB ให้หน่อยครับ - Pantip,สวัสดีครับ ตอนนี้ผมทำธุรกิจเกี่ยวกับการให้บริการ โดย มีความต้องการให้ลูกค้าสามารถเลือก:nhvบริการ ผ่านทาง FB หรือ line ได้เลย จึงอยากหา โปรแกรมเข้ามาช่วย ที่ได้รับการแนะนำมา คือ zwiz แต่อย่ากลองดูตัวอื่นๆด้วยครับ ขอบคุณครับ ... ร่วมแสดงความรู้สึก: ถูกใจ 0 ขำกลิ้ง 0 หลงรัก 0 ซึ้ง 0 สยอง 0 ทึ่ง 0 · ▼ กำลังโหลดข้อมูล...,https://pantip.com/topic/42007191/{url},,site:pantip.com โปรแกรม CRM ใช้ยาก ร้านเล็ก,"{""eligibility_rule"": ""Thai social discovery snippet; known platform; domain + pain markers; NOT eligible as verbatim quote"", ""native_id"": ""https://pantip.com/topic/42007191/{url}"", ""record_sha256"": ""594d562198968e38b1854e02ec0c0d8dc116867eb713622c8bfebab8c4e88230"", ""sampling_note"": ""Search-result snippet; use as discovery signal, not verified full-post quote.""}"
